STDOUT:
     ____
    / _  |   Frida 17.9.10 - A world-class dynamic instrumentation toolkit
   | (_| |
    > _  |   Commands:
   /_/ |_|       help      -> Displays the help system
   . . . .       object?   -> Display information about 'object'
   . . . .       exit/quit -> Exit
   . . . .
   . . . .   More info at https://frida.re/docs/home/
   . . . .
   . . . .   Connected to MI 9 (id=609b4b18)
Attaching...
[INIT] done
[MI 9::PID::8080 ]-> [SP] sns_control_flag = -1 (0b-1)
[SCAN] scanning non-tencent classes...
[CLASS] gov.nist.core.LexerCore
[CLASS] gov.nist.core.Token
[CLASS] gov.nist.core.PackageNames
[CLASS] gov.nist.core.ThreadAuditor$ThreadHandle
[CLASS] gov.nist.core.HostNameParser
[CLASS] gov.nist.core.DuplicateNameValueList
[CLASS] gov.nist.core.net.SslNetworkLayer
[CLASS] gov.nist.core.net.NetworkLayer
[CLASS] gov.nist.core.MultiValueMapImpl
[CLASS] gov.nist.core.MultiValueMap
[CLASS] gov.nist.core.Host
[CLASS] gov.nist.core.net.AddressResolver
[CLASS] gov.nist.core.NameValueList
[CLASS] gov.nist.core.net.DefaultNetworkLayer
[CLASS] gov.nist.core.Separators
[CLASS] gov.nist.core.StackLogger
[CLASS] gov.nist.core.StringTokenizer
[CLASS] gov.nist.core.ThreadAuditor
[CLASS] gov.nist.core.InternalErrorHandler
[CLASS] gov.nist.core.ParserCore
[CLASS] gov.nist.core.Match
[CLASS] gov.nist.core.GenericObjectList
[CLASS] gov.nist.core.Debug
[CLASS] gov.nist.core.LogLevels
[CLASS] gov.nist.core.ServerLogger
[CLASS] gov.nist.core.GenericObject
[CLASS] gov.nist.core.HostPort
[CLASS] gov.nist.core.LogWriter
[CLASS] gov.nist.core.NameValue
[CLASS] org.ccil.cowan.tagsoup.PYXScanner
[CLASS] org.ccil.cowan.tagsoup.ElementType
[CLASS] org.ccil.cowan.tagsoup.jaxp.SAXParserImpl
[CLASS] org.ccil.cowan.tagsoup.HTMLScanner
[CLASS] org.ccil.cowan.tagsoup.jaxp.SAXFactoryImpl
[CLASS] org.ccil.cowan.tagsoup.AutoDetector
[CLASS] org.ccil.cowan.tagsoup.PYXWriter
[CLASS] org.ccil.cowan.tagsoup.CommandLine
[CLASS] org.ccil.cowan.tagsoup.HTMLModels
[CLASS] org.ccil.cowan.tagsoup.jaxp.SAX1ParserAdapter
[CLASS] org.ccil.cowan.tagsoup.jaxp.SAX1ParserAdapter$AttributesWrapper
[CLASS] org.ccil.cowan.tagsoup.jaxp.SAX1ParserAdapter$DocHandlerWrapper
[CLASS] org.ccil.cowan.tagsoup.Parser
[CLASS] org.ccil.cowan.tagsoup.Scanner
[CLASS] org.ccil.cowan.tagsoup.ScanHandler
[CLASS] org.ccil.cowan.tagsoup.Parser$1
[CLASS] org.ccil.cowan.tagsoup.jaxp.JAXPTest
[CLASS] org.ccil.cowan.tagsoup.Schema
[CLASS] org.ccil.cowan.tagsoup.XMLWriter
[CLASS] org.ccil.cowan.tagsoup.HTMLSchema
[CLASS] org.ccil.cowan.tagsoup.AttributesImpl
[CLASS] org.ccil.cowan.tagsoup.Element
[CLASS] miui.app.AlertActivity
[CLASS] org.apache.http.conn.scheme.SocketFactory
[CLASS] org.apache.http.conn.ssl.X509HostnameVerifier
[CLASS] org.apache.http.conn.ssl.StrictHostnameVerifier
[CLASS] org.apache.http.conn.ssl.BrowserCompatHostnameVerifier
[CLASS] org.apache.http.conn.ssl.SSLSocketFactory
[CLASS] org.apache.http.conn.ConnectTimeoutException
[CLASS] org.apache.http.params.HttpParams
[CLASS] org.apache.http.conn.ssl.AllowAllHostnameVerifier
[CLASS] org.apache.http.conn.scheme.LayeredSocketFactory
[CLASS] org.apache.http.conn.ssl.AbstractVerifier
[CLASS] org.apache.http.conn.scheme.HostNameResolver
[CLASS] org.apache.http.params.HttpConnectionParams
[CLASS] org.apache.http.conn.ssl.SSLSocketFactory$NoPreloadHolder
[CLASS] org.apache.http.params.CoreConnectionPNames
[CLASS] org.apache.http.conn.ssl.AndroidDistinguishedNameParser
[CLASS] org.xml.sax.XMLReader
[CLASS] org.w3c.dom.CharacterData
[CLASS] org.xml.sax.Parser
[CLASS] org.xml.sax.ContentHandler
[CLASS] org.xml.sax.DTDHandler
[CLASS] [Lorg.json.JSONStringer$Scope;
[CLASS] org.xmlpull.v1.XmlPullParserException
[CLASS] org.apache.harmony.xml.dom.NodeListImpl
[CLASS] org.json.JSONException
[CLASS] org.apache.harmony.xml.dom.NodeImpl$1
[CLASS] org.apache.harmony.xml.ExpatAttributes
[CLASS] org.w3c.dom.DOMImplementation
[CLASS] org.apache.harmony.xml.parsers.DocumentBuilderFactoryImpl
[CLASS] org.apache.harmony.xml.dom.DocumentImpl
[CLASS] org.xml.sax.helpers.XMLFilterImpl
[CLASS] org.xml.sax.Locator
[CLASS] org.xml.sax.ext.LexicalHandler
[CLASS] org.xmlpull.v1.XmlSerializer
[CLASS] org.xmlpull.v1.XmlPullParserFactory
[CLASS] org.xml.sax.EntityResolver
[CLASS] org.json.JSON
[CLASS] org.xml.sax.ErrorHandler
[CLASS] org.xml.sax.Attributes
[CLASS] org.apache.harmony.xml.parsers.SAXParserFactoryImpl
[CLASS] org.w3c.dom.NodeList
[CLASS] org.apache.harmony.xml.dom.LeafNodeImpl
[CLASS] org.xml.sax.XMLFilter
[CLASS] org.xml.sax.ext.DefaultHandler2
[CLASS] org.apache.harmony.xml.ExpatException
[CLASS] org.w3c.dom.Element
[CLASS] org.xml.sax.SAXNotSupportedException
[CLASS] org.json.JSONObject$1
[CLASS] org.json.JSONArray
[CLASS] org.apache.harmony.xml.ExpatReader
[CLASS] org.apache.harmony.xml.dom.NodeImpl
[CLASS] org.xml.sax.ext.EntityResolver2
[CLASS] org.apache.harmony.xml.ExpatParser
[CLASS] org.apache.harmony.xml.ExpatParser$ExpatLocator
[CLASS] org.json.JSONStringer
[CLASS] org.xml.sax.SAXNotRecognizedException
[CLASS] org.xml.sax.SAXException
[CLASS] org.xmlpull.v1.XmlPullParser
[CLASS] org.json.JSONTokener
[CLASS] org.apache.harmony.xml.dom.ElementImpl
[CLASS] org.apache.harmony.xml.ExpatParser$CurrentAttributes
[CLASS] org.xml.sax.helpers.DefaultHandler
[CLASS] org.apache.harmony.xml.parsers.SAXParserImpl
[CLASS] org.w3c.dom.TypeInfo
[CLASS] org.w3c.dom.Text
[CLASS] org.json.JSONObject
[CLASS] org.xml.sax.AttributeList
[CLASS] org.w3c.dom.Document
[CLASS] org.w3c.dom.Node
[CLASS] org.json.JSONStringer$Scope
[CLASS] org.xml.sax.ext.DeclHandler
[CLASS] org.apache.harmony.xml.dom.InnerNodeImpl
[CLASS] org.apache.harmony.xml.dom.TextImpl
[CLASS] org.xml.sax.InputSource
[CLASS] org.apache.harmony.xml.dom.CharacterDataImpl
[CLASS] byte
[CLASS] char
[CLASS] double
[CLASS] float
[CLASS] int
[CLASS] long
[CLASS] short
[CLASS] void
[CLASS] boolean
[CLASS] [[B
[CLASS] [[I
[CLASS] [[S
[CLASS] jdk.internal.util.Preconditions
[CLASS] [[[B
[CLASS] [[[I
[CLASS] [B
[CLASS] [C
[CLASS] [D
[CLASS] [F
[CLASS] [I
[CLASS] [J
[CLASS] [S
[CLASS] [Z
[CLASS] miui.content.res.ThemeResourcesEmpty
[CLASS] org.w3c.dom.NamedNodeMap
[CLASS] org.w3c.dom.Comment
[CLASS] [Lmiui.content.res.ThemeResources$MetaData;
[CLASS] miui.R$styleable
[CLASS] miui.content.res.ThemeCompatibility
[CLASS] miui.util.Pools
[CLASS] miui.util.font.IFontCacheOwner
[CLASS] org.apache.harmony.xml.parsers.DocumentBuilderImpl
[CLASS] miui.R$dimen
[CLASS] miui.core.view.NestedScrollingParent
[CLASS] miui.util.Pools$BasePool
[CLASS] miui.content.res.ThemeResources$LoadThemeConfigCallback
[CLASS] org.w3c.dom.DocumentType
[CLASS] miui.R$attr
[CLASS] miui.util.IOUtils
[CLASS] miui.content.res.FixedSizeStringBuffer
[CLASS] org.w3c.dom.ProcessingInstruction
[CLASS] miui.util.TypefaceHelper
[CLASS] miui.R$integer
[CLASS] miui.util.font.FontSettings
[CLASS] miui.util.Pools$IInstanceHolder
[CLASS] miui.content.res.ThemeResources$MetaData
[CLASS] org.w3c.dom.Attr
[CLASS] miui.util.IOUtils$1
[CLASS] miui.R$anim
[CLASS] miui.util.IOUtils$2
[CLASS] org.apache.harmony.xml.dom.AttrImpl
[CLASS] org.apache.harmony.xml.dom.ElementImpl$ElementAttrNamedNodeMapImpl
[CLASS] org.apache.harmony.xml.dom.ProcessingInstructionImpl
[CLASS] miui.util.IOUtils$3
[CLASS] miui.R$drawable
[CLASS] miui.R$color
[CLASS] miui.util.Pools$Pool
[CLASS] miui.util.MiuiFeatureUtils$ConfigReader
[CLASS] miui.telephony.TelephonyManager
[CLASS] miui.util.Pools$SoftReferenceInstanceHolder
[CLASS] miui.R$raw
[CLASS] miui.util.font.FontNameUtil
[CLASS] miui.os.Build
[CLASS] org.apache.miui.commons.lang3.ClassUtils
[CLASS] miui.content.res.ThemeResourcesSystem
[CLASS] miui.R$layout
[CLASS] miui.util.TypefaceUtils
[CLASS] miui.security.SecurityManager
[CLASS] miui.R$bool
[CLASS] [[C
[CLASS] [[F
[CLASS] [[J
[CLASS] org.apache.harmony.xml.dom.CommentImpl
[CLASS] com.qualcomm.qti.Performance
[CLASS] miui.util.font.BaseThemeFontManager
[CLASS] miui.core.view.NestedScrollingParent2
[CLASS] miui.R$array
[CLASS] miui.core.view.NestedScrollingParent3
[CLASS] miui.app.ActionBar$FragmentViewPagerChangeListener
[CLASS] org.w3c.dom.DocumentFragment
[CLASS] miui.util.Pools$SoftReferencePool
[CLASS] miui.view.ClipRoundedBounds
[CLASS] miui.util.MiuiFeatureUtils
[CLASS] miui.util.font.DefaultFontManager
[CLASS] miui.util.Pools$1
[CLASS] org.w3c.dom.EntityReference
[CLASS] miui.R$id
[CLASS] miui.util.Pools$BasePool$1
[CLASS] miui.util.ReflectionUtils
[CLASS] miui.util.font.FontCache
[CLASS] miui.util.ObjectReference
[CLASS] org.apache.miui.commons.lang3.ArrayUtils
[CLASS] miui.util.font.ThemeVFManager
[CLASS] miui.util.font.IFontManager
[CLASS] miui.content.res.ThemeZipFile
[CLASS] org.apache.harmony.xml.dom.DOMImplementationImpl
[CLASS] miui.util.font.ThemeFontInfo
[CLASS] miui.util.font.MiProFontManager
[CLASS] miui.content.res.AssetManagerUtil
[CLASS] miui.content.res.ThemeCompatibilityLoader
[CLASS] miui.content.res.ThemeResources$LoadThemeConfigHelper
[CLASS] org.apache.harmony.xml.dom.DocumentTypeImpl
[CLASS] miui.R$string
[CLASS] miui.view.RoundedFrameLayout
[CLASS] org.apache.harmony.xml.dom.EntityReferenceImpl
[CLASS] miui.util.FeatureParser
[CLASS] miui.R$plurals
[CLASS] miui.R$style
[CLASS] miui.util.Pools$Manager
[CLASS] miui.util.font.ThemeFontManager
[CLASS] com.quicinc.tcmiface.DpmTcmIface
[CLASS] miui.content.res.ThemeValues
[CLASS] miui.os.SystemProperties
[CLASS] miui.content.res.ThemeResources
[CLASS] miui.contentcatcher.InterceptorProxy$H
[CLASS] miui.os.IMiuiInit$Stub$Proxy
[CLASS] miui.contentcatcher.sdk.utils.WebViewUtils
[CLASS] miui.util.HardwareInfo
[CLASS] miui.contentcatcher.sdk.injector.IContentDecorateCallback$Stub
[CLASS] com.qualcomm.qti.UxPerformance
[CLASS] miui.process.MiuiApplicationThread
[CLASS] miui.contentcatcher.InterceptorFactory
[CLASS] miui.os.IMiuiInit$Stub
[CLASS] miui.contentcatcher.sdk.data.PageConfig
[CLASS] miui.process.IMiuiApplicationThread$Stub
[CLASS] miui.io.IOUtils
[CLASS] com.qualcomm.qti.IPerfManager$Stub$Proxy
[CLASS] miui.util.CustomizeUtil
[CLASS] miui.contentcatcher.InterceptorProxy$1
[CLASS] miui.system.R
[CLASS] miui.content.res.IconCustomizer
[CLASS] miui.R
[CLASS] miui.contentcatcher.sdk.ContentCatcherManager$1
[CLASS] miui.security.ISecurityManager$Stub
[CLASS] miui.contentcatcher.sdk.utils.WebViewUtils$WebViewClassMatcher
[CLASS] miui.content.res.ThemeResources$FilterInfo
[CLASS] miui.contentcatcher.IContentCatcherService$Stub$Proxy
[CLASS] miui.contentcatcher.sdk.Token$1
[CLASS] [Lmiui.contentcatcher.sdk.utils.WebViewUtils$WebViewClassMatcher;
[CLASS] org.apache.harmony.xml.dom.CDATASectionImpl
[CLASS] [Lorg.json.JSONArray;
[CLASS] miui.os.Environment
[CLASS] miui.contentcatcher.sdk.injector.IContentDecorateCallback
[CLASS] miui.content.res.ThemeResourcesPackage
[CLASS] miui.contentcatcher.IInterceptorContainer
[CLASS] miui.process.ProcessManagerProxy
[CLASS] miui.security.ISecurityManager$Stub$Proxy
[CLASS] miui.contentcatcher.sdk.Token
[CLASS] miui.process.IMiuiApplicationThread
[CLASS] miui.util.AttributeResolver
[CLASS] miui.process.IProcessManager
[CLASS] miui.os.DeviceFeature
[CLASS] miui.contentcatcher.IContentCatcherService
[CLASS] miui.reflect.Method
[CLASS] miui.os.MiuiInit
[CLASS] com.qualcomm.qti.Performance$PerfServiceDeathRecipient
[CLASS] miui.process.ProcessManager
[CLASS] com.qualcomm.qti.IPerfManager
[CLASS] org.w3c.dom.CDATASection
[CLASS] miui.telephony.IMiuiTelephony
[CLASS] miui.contentcatcher.InterceptorProxy
[CLASS] miui.util.SoftReferenceSingleton
[CLASS] miui.util.AttributeResolver$ResultCache
[CLASS] miui.os.IMiuiInit
[CLASS] miui.security.ISecurityManager
[CLASS] miui.contentcatcher.IContentCatcherService$Stub
[CLASS] miui.contentcatcher.sdk.DecorateContentParam
[CLASS] miui.process.ProcessManagerNative
[CLASS] com.qualcomm.qti.IPerfManager$Stub
[CLASS] miui.contentcatcher.sdk.ContentCatcherManager
[CLASS] miui.contentcatcher.sdk.data.PageConfig$1
[CLASS] $Proxy0
[CLASS] $Proxy2
[CLASS] $Proxy4
[CLASS] $Proxy5
[CLASS] $Proxy61
[CLASS] $Proxy6
[CLASS] $Proxy62
[CLASS] $Proxy7
[CLASS] $Proxy8
[CLASS] $Proxy9
[CLASS] $Proxy21
[CLASS] $Proxy10
[CLASS] $Proxy11
[CLASS] $Proxy12
[CLASS] $Proxy13
[CLASS] $Proxy14
[CLASS] $Proxy15
[CLASS] $Proxy16
[CLASS] com.qti.tcmclient.DpmTcmClient$TcmReceiver
[CLASS] com.qti.tcmclient.DpmTcmClient
[CLASS] $Proxy1
[CLASS] lt.d
[CLASS] fa0.y2
[CLASS] et0.q
[CLASS] h25.n7
[CLASS] q24.o
[CLASS] androidx.lifecycle.c0
[CLASS] d10.e
[CLASS] io.flutter.embedding.engine.SharedBinaryMessenger
[CLASS] lt.e
[CLASS] g60.r
[CLASS] et0.r
[CLASS] q24.p
[CLASS] e04.a
[CLASS] iy0.b
[CLASS] is0.a1
[CLASS] ti0.k
[CLASS] sn4.ap
[CLASS] d10.f
[CLASS] oz.j0
[CLASS] cu.r1
[CLASS] t80.e
[CLASS] x70.r3
[CLASS] lt.f
[CLASS] et0.s
[CLASS] qx1.h3
[CLASS] [Lbx0.m;
[CLASS] q24.q
[CLASS] sn4.e72
[CLASS] e04.b
[CLASS] iy0.c
[CLASS] is0.a2
[CLASS] [Lej4.o;
[CLASS] ti0.l
[CLASS] x70.r4
[CLASS] lt.g
[CLASS] vw.l0
[CLASS] de.e
[CLASS] q24.r
[CLASS] et0.t
[CLASS] sg.c
[CLASS] an.e0
[CLASS] ti0.m
[CLASS] [Lja3.d;
[CLASS] u74.b
[CLASS] v85.d
[CLASS] lt.h
[CLASS] zp2.a
[CLASS] et0.u
[CLASS] de.f
[CLASS] q24.s
[CLASS] urgen.ur_0025.UR_5379
[CLASS] ks2.g0
[CLASS] [Lb50.j0;
[CLASS] ti0.n
[CLASS] jw.b
[CLASS] io.flutter.plugins.connectivity.patched.PatchedConnectivity
[CLASS] androidx.window.embedding.SplitRuleParser
[CLASS] de.g
[CLASS] q24.t
[CLASS] c73.k1
[CLASS] t63.b
[CLASS] jw.c
[CLASS] mz.l0
[CLASS] [Lk60.l1;
[CLASS] uy3.o
[CLASS] yo1.a
[CLASS] hr.v0
[CLASS] et0.w
[CLASS] q24.u
[CLASS] org.chromium.net.AndroidNetworkLibrary
[CLASS] sn4.au
[CLASS] qs2.a
[CLASS] ti0.p
[CLASS] t63.c
[CLASS] jw.d
[CLASS] pw4.b0
[CLASS] uy3.p
[CLASS] yo1.b
[CLASS] et0.x
[CLASS] ea0.b3
[CLASS] q24.v
[CLASS] wz4.h0
[CLASS] [Lz90.g;
[CLASS] qs2.b
[CLASS] ti0.q
[CLASS] t63.d
[CLASS] u74.f
[CLASS] f32.p
[CLASS] b00.c0
[CLASS] [Lbr.a6;
[CLASS] d32.f2
[CLASS] uy3.q
[CLASS] sd5.b
[CLASS] et0.y
[CLASS] ea0.b4
[CLASS] q24.w
[CLASS] i74.a0
[CLASS] bm3.f
[CLASS] t63.e
[CLASS] qs2.c
[CLASS] pr1.a
[CLASS] ti0.r
[CLASS] sd5.c
[CLASS] uy3.r
[CLASS] [Lk14.e;
[CLASS] et0.z
[CLASS] q24.x
[CLASS] bm3.g
[CLASS] pr1.b
[CLASS] androidx.appcompat.app.u0
[CLASS] an1.f0
[CLASS] sd5.d
[CLASS] yy.e
[CLASS] uy3.s
[CLASS] jx4.f
[CLASS] q24.y
[CLASS] bm3.h
[CLASS] sn4.hw4
[CLASS] [Lfr1.a0;
[CLASS] [Lja3.k;
[CLASS] pr1.c
[CLASS] [Lc73.w0;
[CLASS] qb3.a
[CLASS] yy.f
[CLASS] uy3.t
[CLASS] sd5.e
[CLASS] gu1.a
[CLASS] bm3.i
[CLASS] sn4.az
[CLASS] iy0.l
[CLASS] pr1.d
[CLASS] bn2.i0
[CLASS] qb3.b
[CLASS] yy.g
[CLASS] sd5.f
[CLASS] z00.e
[CLASS] uy3.u
[CLASS] [Lad3.j;
[CLASS] gu1.b
[CLASS] urgen.ur_54A4.UR_720C
[CLASS] bm3.j
[CLASS] [La33.d;
[CLASS] iy0.m
[CLASS] [Lea0.n2;
[CLASS] pr1.e
[CLASS] [Lfl1.c;
[CLASS] sd5.g
[CLASS] uy3.v
[CLASS] z00.f
[CLASS] gu1.c
[CLASS] by1.s0
[CLASS] iy0.n
[CLASS] pr1.f
[CLASS] wg.v0
[CLASS] pp.c0
[CLASS] f32.v
[CLASS] bn2.i2
[CLASS] fm2.z0
[CLASS] uy3.w
[CLASS] ft0.b
[CLASS] pr1.g
[CLASS] pp.c1
[CLASS] pw.r0
[CLASS] bn2.i3
[CLASS] er.y3
[CLASS] uy3.x
[CLASS] ba3.a1
[CLASS] [Lad3.m;
[CLASS] ft0.c
[CLASS] io.flutter.embedding.engine.systemchannels.RestorationChannel$2
[CLASS] be5.i1
[CLASS] bh0.c0
[CLASS] e04.o
[CLASS] fx0.d0
[CLASS] gd2.a
[CLASS] g64.h1
[CLASS] pr1.h
[CLASS] urgen.ur_C563.UR_D54C
[CLASS] ve5.i1
[CLASS] er.y4
[CLASS] uy3.y
[CLASS] zp2.m
[CLASS] ft0.d
[CLASS] [Lwt2.g;
[CLASS] pp4.b
[CLASS] [Lvu.z;
[CLASS] be5.i2
[CLASS] e04.p
[CLASS] [Lmb3.i0;
[CLASS] pr1.i
[CLASS] ti0.z
[CLASS] vd5.j0
[CLASS] w90.r1
[CLASS] bn2.i5
[CLASS] dr.z3
[CLASS] hd2.d4
[CLASS] oq0.g
[CLASS] uy3.z
[CLASS] [Lfq.r0;
[CLASS] pn4.ig
[CLASS] gz.r0
[CLASS] e04.q
[CLASS] [Lwc3.d;
[CLASS] pr1.j
[CLASS] oq0.h
[CLASS] bn2.i6
[CLASS] sd5.l
[CLASS] [Lfq.r1;
[CLASS] cr.w1$$a
[CLASS] e04.r
[CLASS] cq2.e2
[CLASS] a95.a
[CLASS] pr1.k
[CLASS] q30.i
[CLASS] w90.r3
[CLASS] vj1.a
[CLASS] bn2.i7
[CLASS] w80.s1
[CLASS] oq0.i
[CLASS] sd5.m
[CLASS] mj0.z1
[CLASS] [Lw40.f;
[CLASS] lt0.r0
[CLASS] te5.o0
[CLASS] a95.b
[CLASS] ib3.i1
[CLASS] p32.b5
[CLASS] gd2.e
[CLASS] w80.s2
[CLASS] pr1.l
[CLASS] q30.j
[CLASS] vj1.b
[CLASS] oq0.j
[CLASS] gg1.w1
[CLASS] a95.c
[CLASS] gd2.f
[CLASS] w80.s3
[CLASS] pr1.m
[CLASS] q30.k
[CLASS] vj1.c
[CLASS] bn2.i9
[CLASS] oq0.k
[CLASS] u91.z
[CLASS] [Lfr.b;
[CLASS] mj0.z3
[CLASS] w.h
[CLASS] vy3.a
[CLASS] h60.i
[CLASS] c70.t2
[CLASS] sn4.ld0
[CLASS] a95.d
[CLASS] w60.u0
[CLASS] gd2.g
[CLASS] fy2.o0
[CLASS] pr1.n
[CLASS] q30.l
[CLASS] q80.i0
[CLASS] ee5.b1
[CLASS] oq0.l
[CLASS] qb3.l
[CLASS] vy3.b
[CLASS] [Lwy1.b0;
[CLASS] h60.j
[CLASS] a95.e
[CLASS] io.flutter.embedding.engine.loader.FlutterLoader
[CLASS] pr1.o
[CLASS] [Lc54.e0;
[CLASS] oq0.m
[CLASS] [Lwq.h;
[CLASS] qb3.m
[CLASS] s35.k
[CLASS] a95.f
[CLASS] l60.x0
[CLASS] wi5.a
[CLASS] pr1.p
[CLASS] org.chromium.net.RegistrationPolicyAlwaysRegister
[CLASS] fh.r0
[CLASS] h43.e
[CLASS] dp1.a
[CLASS] o90.n0
[CLASS] z90.k2
[CLASS] qb3.n
[CLASS] mj0.z6
[CLASS] vy3.d
[CLASS] h25.o0
[CLASS] do3.j2
[CLASS] s35.l
[CLASS] a95.g
[CLASS] q35.q0
[CLASS] [Lye5.o;
[CLASS] pr1.q
[CLASS] oq0.o
[CLASS] h43.f
[CLASS] qb3.o
[CLASS] [Laz1.g1;
[CLASS] sd5.s
[CLASS] n30.u0
[CLASS] vy3.e
[CLASS] h25.o1
[CLASS] zq.z0
[CLASS] jp.i0
[CLASS] s35.m
[CLASS] a80.y4
[CLASS] qv2.o0
[CLASS] pr1.r
[CLASS] zt0.h2
[CLASS] oq0.p
[CLASS] h43.g
[CLASS] z70.m0
[CLASS] ha0.t1
[CLASS] qb3.p
[CLASS] sn4.el3
[CLASS] vy3.f
[CLASS] vu.a0
[CLASS] h25.o2
[CLASS] [Lvs.o1;
[CLASS] yj2.f0
[CLASS] x7.a0
[CLASS] l50.y1
[CLASS] a95.i
[CLASS] e24.r0
[CLASS] a80.y5
[CLASS] pa5.b$$a
[CLASS] io.flutter.FlutterInjector
[CLASS] pr1.s
[CLASS] oq0.q
[CLASS] [Ly45.k;
[CLASS] qb3.q
[CLASS] sd5.u
[CLASS] vy3.g
[CLASS] h25.o3
[CLASS] yj2.f1
[CLASS] b35.d1
[CLASS] l50.y2
[CLASS] a95.j
[CLASS] jw.x1
[CLASS] e24.r1
[CLASS] pa5.b$$b
[CLASS] kz1.a
[CLASS] pr1.t
[CLASS] oq0.r
[CLASS] o70.p0
[CLASS] dp1.e
[CLASS] i54.k
[CLASS] qb3.r
[CLASS] u91.d0
[CLASS] uu.b0
[CLASS] sd5.v
[CLASS] h25.o4
[CLASS] vy3.h
[CLASS] [Ldf5.a;
[CLASS] x41.z1
[CLASS] a95.k
[CLASS] pa5.b$$c
[CLASS] kz1.b
[CLASS] pr1.u
[CLASS] dp1.f
[CLASS] [Ldw4.f;
[CLASS] sd5.w
[CLASS] ks.b
[CLASS] qj.v
[CLASS] h25.o5
[CLASS] iw.y1
[CLASS] [Lz90.w1;
[CLASS] [Lj40.p0;
[CLASS] a95.l
[CLASS] pa5.b$$d
[CLASS] [Lwc3.p;
[CLASS] [Lht.h0;
[CLASS] kz1.c
[CLASS] pr1.v
[CLASS] oq0.t
[CLASS] y14.s1
[CLASS] r93.w0
[CLASS] bn2.ha
[CLASS] dp1.g
[CLASS] m5.c
[CLASS] ks.c
[CLASS] vy3.j
[CLASS] h25.o6
[CLASS] qh.a$$c
[CLASS] a95.m
[CLASS] j14.f0
[CLASS] k60.a1
[CLASS] pr1.w
[CLASS] [Lwq.p;
[CLASS] e10.f
[CLASS] [Le83.f;
[CLASS] rn_5292.rn_5293.rn_5294.rn_4637
[CLASS] fa0.z2
[CLASS] [Lfr.l;
[CLASS] m5.d
[CLASS] h25.o7
[CLASS] sv0.e
[CLASS] bt2.d0
[CLASS] a95.n
[CLASS] ks.d
[CLASS] qh.a$$d
[CLASS] vy3.k
[CLASS] pr1.x
[CLASS] xr0.p0
[CLASS] oq0.v
[CLASS] [Lx70.c4;
[CLASS] x60.t0
[CLASS] vy3.l
[CLASS] ft2.t1
[CLASS] hk.p0$$a
[CLASS] a95.o
[CLASS] [Lsl4.b;
[CLASS] is0.b1
[CLASS] sn4.bp
[CLASS] pr1.y
[CLASS] oq0.w
[CLASS] [Ly45.q;
[CLASS] oz.k0
[CLASS] cu.s1
[CLASS] x70.s3
[CLASS] vy3.m
[CLASS] qx1.i3
[CLASS] ft2.t2
[CLASS] a95.p
[CLASS] qh.h0
[CLASS] ib0.r0
[CLASS] pr1.z
[CLASS] [Ldw4.k;
[CLASS] x70.s4
[CLASS] vw.m0
[CLASS] a95.q
[CLASS] an.f0
[CLASS] [Lwq.t;
[CLASS] urgen.ur_54A4.UR_EEA5
[CLASS] ft2.t4
[CLASS] c73.l0
[CLASS] a95.r
[CLASS] zu.f
[CLASS] wc0.g0
[CLASS] fr2.v1
[CLASS] kx4.c
[CLASS] c73.l1
[CLASS] a95.s
[CLASS] zu.g
[CLASS] mp.p
[CLASS] [Lyv.d1;
[CLASS] u63.d
[CLASS] mz.m0
[CLASS] ui0.q
[CLASS] k8.c
[CLASS] [Lbr.b4;
[CLASS] ks.j
[CLASS] kx4.d
[CLASS] [Lbd3.f;
[CLASS] c73.l2
[CLASS] a95.t
[CLASS] zu.h
[CLASS] ui0.r
[CLASS] k8.d
[CLASS] td5.c
[CLASS] xx.b
[CLASS] ks.k
[CLASS] ea0.c3
[CLASS] a95.u
[CLASS] ak1.c
[CLASS] f04.i
[CLASS] cm3.g
[CLASS] u63.f
[CLASS] ui0.s
[CLASS] k8.e
[CLASS] [Lwq.x;
[CLASS] b00.d0
[CLASS] td5.d
[CLASS] ks.l
[CLASS] ea0.c4
[CLASS] a95.v
[CLASS] ak1.d
[CLASS] f04.j
[CLASS] cm3.h
[CLASS] sn4.hx2
[CLASS] [Lwc3.z;
[CLASS] u63.g
[CLASS] ui0.t
[CLASS] k8.f
[CLASS] [Lxe0.d;
[CLASS] td5.e
[CLASS] wz4.v
[CLASS] zo1.f
[CLASS] hu1.a
[CLASS] wj4.x2
[CLASS] a95.w
[CLASS] cm3.i
[CLASS] androidx.appcompat.app.v0
[CLASS] [Lqz.f;
[CLASS] rs2.f
[CLASS] k8.g
[CLASS] an1.g0
[CLASS] td5.f
[CLASS] rb3.b
[CLASS] zo1.g
[CLASS] k00.g0
[CLASS] hu1.b
[CLASS] a95.x
[CLASS] f04.l
[CLASS] [Lb33.d;
[CLASS] u63.i
[CLASS] ui0.v
[CLASS] rb3.c
[CLASS] wz4.x
[CLASS] androidx.appcompat.app.ActionBar$LayoutParams
[CLASS] a95.y
[CLASS] se1.l
[CLASS] f04.m
[CLASS] sn4.bz
[CLASS] u63.j
[CLASS] rb3.d
[CLASS] u80.q
[CLASS] wz4.y
[CLASS] iv2.f
[CLASS] a95.z
[CLASS] se1.m
[CLASS] mp.w
[CLASS] [Lmy.g0;
[CLASS] rb3.e
[CLASS] wz4.z
[CLASS] u80.r
[CLASS] [Lyu2.h2;
[CLASS] iv2.g
[CLASS] se1.n
[CLASS] n90.p0
[CLASS] pp.d0
[CLASS] wg.w0
[CLASS] u63.l
[CLASS] rb3.f
[CLASS] iv2.h
[CLASS] ip2.q0
[CLASS] [Ldf5.o0;
[CLASS] wg.w1
[CLASS] u63.m
[CLASS] bn2.j3
[CLASS] pw.s0
[CLASS] ve5.j0
[CLASS] er.z3
[CLASS] u80.t
[CLASS] ba3.b1
[CLASS] [Lw94.b0;
[CLASS] be5.j1
[CLASS] gy.f
[CLASS] bh0.d0
[CLASS] sn4.tr4
[CLASS] lv0.q0
[CLASS] fx0.e0
[CLASS] u63.n
[CLASS] ve5.j1
[CLASS] er.z4
[CLASS] [Lxe0.k;
[CLASS] u80.u
[CLASS] gy.g
[CLASS] [Lgn.d;
[CLASS] ke5.m0
[CLASS] vd5.k0
[CLASS] w90.s1
[CLASS] urgen.ur_0025.URS_07B7
[CLASS] eg5.a0
[CLASS] bn2.j5
[CLASS] er.z5
[CLASS] u80.v
[CLASS] [Lfq.s0;
[CLASS] pn4.jg
[CLASS] gz.s0
[CLASS] gy.h
[CLASS] b95.b
[CLASS] on2.a
[CLASS] vd5.k1
[CLASS] u63.p
[CLASS] urgen.ur_0025.UR_78F8
[CLASS] u80.w
[CLASS] xz4.b
[CLASS] [Lfq.s1;
[CLASS] [Ltu3.a1;
[CLASS] on2.b
[CLASS] q23.g0
[CLASS] b95.c
[CLASS] [Lb33.l;
[CLASS] w80.t1
[CLASS] [Ley1.d;
[CLASS] u63.q
[CLASS] w90.s3
[CLASS] bn2.j7
[CLASS] u80.x
[CLASS] lt0.s0
[CLASS] on2.c
[CLASS] zu.u
[CLASS] b95.d
[CLASS] cq2.f3
[CLASS] a84.b
[CLASS] ib3.j1
[CLASS] lh1.j0
[CLASS] w80.t2
[CLASS] s41.n
[CLASS] r30.l
[CLASS] pq0.l
[CLASS] u80.y
[CLASS] c70.u1
[CLASS] urgen.ur_0025.UR_95FA
[CLASS] on2.d
[CLASS] gg1.x1
[CLASS] b95.e
[CLASS] a84.c
[CLASS] vd5.k4
[CLASS] w80.t3
[CLASS] r30.m
[CLASS] u63.s
[CLASS] wj1.e
[CLASS] u80.z
[CLASS] ai4.j
[CLASS] c70.u2
[CLASS] [Ley1.g;
[CLASS] zu.w
[CLASS] b95.f
[CLASS] a84.d
[CLASS] ak1.q
[CLASS] w60.v0
[CLASS] lo.a
[CLASS] ee5.c1
[CLASS] ep1.a
[CLASS] ai4.k
[CLASS] zu.x
[CLASS] b95.g
[CLASS] a84.e
[CLASS] ak1.r
[CLASS] [Lb33.p;
[CLASS] lo.b
[CLASS] [Lzl1.h0;
[CLASS] [Lbx0.a1;
[CLASS] kk2.p3
[CLASS] ai4.l
[CLASS] vx2.c
[CLASS] [Lws.o0;
[CLASS] [Ldx0.g;
[CLASS] l60.y0
[CLASS] b95.h
[CLASS] zu.y
[CLASS] ak1.s
[CLASS] a84.f
[CLASS] [Landroidx.lifecycle.q;
[CLASS] lo.c
[CLASS] [Lj70.n0;
[CLASS] p34.o1
[CLASS] [Lvp.i;
[CLASS] v74.x
[CLASS] o90.o0
[CLASS] z90.l2
[CLASS] ai4.m
[CLASS] h25.p0
[CLASS] ga4.c
[CLASS] do3.k2
[CLASS] y7.a0
[CLASS] nk.an
[CLASS] [Le24.c0;
[CLASS] zu.z
[CLASS] a84.g
[CLASS] ak1.t
[CLASS] [Landroidx.lifecycle.r;
[CLASS] lo.d
[CLASS] wu.a0
[CLASS] vx2.d
[CLASS] v74.y
[CLASS] vi0.g
[CLASS] h25.p1
[CLASS] xe0.n1$$a
[CLASS] ga4.d
[CLASS] sn4.le4
[CLASS] jp.j0
[CLASS] a80.z4
[CLASS] lo.e
[CLASS] zt0.i2
[CLASS] vi0.h
[CLASS] ha0.u1
[CLASS] [Llh1.v0;
[CLASS] z70.n0
[CLASS] vu.b0
[CLASS] h25.p2
[CLASS] ga4.e
[CLASS] x7.b0
[CLASS] l50.z1
[CLASS] gy.q
[CLASS] e24.s0
[CLASS] a80.z5
[CLASS] vg3.b
[CLASS] lz1.b
[CLASS] [Landroidx.fragment.app.k3;
[CLASS] h25.p3
[CLASS] [Lvs.p2;
[CLASS] l50.z2
[CLASS] gy.r
[CLASS] jw.y1
[CLASS] p44.n7
[CLASS] [Lfi3.k;
[CLASS] lz1.c
[CLASS] [Lo8.p0;
[CLASS] [Lct.b;
[CLASS] o70.q0
[CLASS] sn4.em5
[CLASS] u91.e0
[CLASS] xh1.f0
[CLASS] eu.r0
[CLASS] h25.p4
[CLASS] gy.s
[CLASS] [Llr2.f;
[CLASS] k70.a1
[CLASS] lz1.d
[CLASS] eu.r1
[CLASS] [Lmd1.k;
[CLASS] h25.p5
[CLASS] bu2.d0
[CLASS] x05.b1
[CLASS] gy.t
[CLASS] ds0.p0
[CLASS] lz1.e
[CLASS] y14.t1
[CLASS] r93.x0
[CLASS] s41.x
[CLASS] rg.x1$$a
[CLASS] org.chromium.net.httpflags.BaseFeatureOverrides$FeatureStatesDefaultEntryHolder
[CLASS] h25.p6
[CLASS] bc.a
[CLASS] [Lz90.x2;
[CLASS] urgen.ur_0025.URS_DB44
[CLASS] nk.at
[CLASS] j14.g0
[CLASS] k60.b1
[CLASS] androidx.lifecycle.ProcessLifecycleOwnerInitializer
[CLASS] lz1.f
[CLASS] h25.p7
[CLASS] bt2.e0
[CLASS] sn4.jo2
[CLASS] [Llr2.i;
[CLASS] vg3.g
[CLASS] lz1.g
[CLASS] s41.z
[CLASS] androidx.lifecycle.e0
[CLASS] f10.i
[CLASS] cu.t0
[CLASS] x60.u0
[CLASS] org.chromium.base.PackageUtils
[CLASS] vx2.l
[CLASS] [Lzg1.m0;
[CLASS] lx4.a
[CLASS] io.flutter.embedding.engine.systemchannels.PlatformViewsChannel$PlatformViewsHandler
[CLASS] yt.c
[CLASS] is0.c1
[CLASS] sn4.cp
[CLASS] lz1.h
[CLASS] oz.l0
[CLASS] cu.t1
[CLASS] f10.j
[CLASS] x70.t3
[CLASS] [Lm14.b;
[CLASS] sn4.cw2
[CLASS] qx1.j3
[CLASS] lx4.b
[CLASS] pr1.q2
[CLASS] sd0.c
[CLASS] [Lc9.a;
[CLASS] sn4.jo4
[CLASS] yt.d
[CLASS] [Llt1.k0;
[CLASS] f10.k
[CLASS] x70.t4
[CLASS] b30.b1
[CLASS] [Law.b;
[CLASS] sd0.d
[CLASS] an.g0
[CLASS] [Lfi3.r;
[CLASS] lz1.j
[CLASS] j7.a
[CLASS] td0.e$$a
[CLASS] ks2.i0
[CLASS] vg3.k
[CLASS] an.g1
[CLASS] [Lmt2.n0;
[CLASS] lz1.k
[CLASS] hu.b
[CLASS] wc0.h0
[CLASS] td0.e$$b
[CLASS] vx2.p
[CLASS] fr2.w1
[CLASS] sn4.vi2
[CLASS] lx4.e
[CLASS] [Ll20.j;
[CLASS] vg3.l
[CLASS] mz.n0
[CLASS] j7.c
[CLASS] hu.c
[CLASS] td0.e$$c
[CLASS] [La05.v;
[CLASS] lx4.f
[CLASS] c73.m2
[CLASS] sd0.g
[CLASS] vg3.m
[CLASS] [Lkq1.m;
[CLASS] [Lbt2.q0;
[CLASS] pw4.d0
[CLASS] [Lv01.p;
[CLASS] hu.d
[CLASS] urgen.ur_0025.UR_882D
[CLASS] [Lye0.d;
[CLASS] [Lbr.c5;
[CLASS] ea0.d3
[CLASS] [Ll20.l;
[CLASS] sd0.h
[CLASS] [Lyi.f;
[CLASS] kf3.a1
[CLASS] v63.h
[CLASS] ss2.f
[CLASS] b00.e0
[CLASS] vx2.s
[CLASS] [La05.x;
[CLASS] ea0.d4
[CLASS] sn4.vi5
[CLASS] iu1.b
[CLASS] sn4.bb0
[CLASS] vg3.o
[CLASS] [Lb30.n0;
[CLASS] nt2.a0
[CLASS] v63.i
[CLASS] vx2.t
[CLASS] k71.c
[CLASS] iu1.c
[CLASS] wj4.y2
[CLASS] ks.a1
[CLASS] vg3.p
[CLASS] androidx.appcompat.app.w0
[CLASS] ss2.h
[CLASS] rr1.f
[CLASS] an1.h0
[CLASS] bz3.e
[CLASS] v80.q
[CLASS] vx2.u
[CLASS] k71.d
[CLASS] iu1.d
[CLASS] vg3.q
[CLASS] [Lc73.y0;
[CLASS] ss2.i
[CLASS] rr1.g
[CLASS] s30.e
[CLASS] bz3.f
[CLASS] g21.u
[CLASS] v80.r
[CLASS] jr.o
[CLASS] sb3.e
[CLASS] ga4.u
[CLASS] iu1.e
[CLASS] t24.a
[CLASS] r.e
[CLASS] vg3.r
[CLASS] sn4.hy5
[CLASS] [Lpy.h;
[CLASS] ss2.j
[CLASS] s30.f
[CLASS] urgen.ur_E2DE.UR_E8BB
[CLASS] sb3.f
[CLASS] v80.s
[CLASS] ga4.v
[CLASS] iu1.f
[CLASS] fx.c
[CLASS] [Lkq1.s;
[CLASS] t24.b
[CLASS] vg3.s
[CLASS] [Lea0.p2;
[CLASS] rp4.b
[CLASS] ss2.k
[CLASS] sb3.g
[CLASS] v80.t
[CLASS] jr.q
[CLASS] ga4.w
[CLASS] u35.e
[CLASS] n90.q0
[CLASS] by1.u0
[CLASS] fx.d
[CLASS] t24.c
[CLASS] sn4.ts2
[CLASS] pp.e0
[CLASS] sb3.h
[CLASS] jr.r
[CLASS] ga4.x
[CLASS] nk.bd
[CLASS] ip2.r0
[CLASS] t24.d
[CLASS] fx.e
[CLASS] c95.a
[CLASS] ve5.k0
[CLASS] ss2.m
[CLASS] xj1.a
[CLASS] pw.t0
[CLASS] qq0.i
[CLASS] androidx.window.embedding.SplitPlaceholderRule
[CLASS] bn2.k3
[CLASS] ba3.c1
[CLASS] urgen.ur_0025.UR_CE46
[CLASS] ga4.y
[CLASS] jr.s
[CLASS] zl3.e
[CLASS] [Lyt2.j;
[CLASS] be5.k1
[CLASS] lv0.r0
[CLASS] pn2.a
[CLASS] fx.f
[CLASS] [Lkq1.v;
[CLASS] c95.b
[CLASS] fx0.f0
[CLASS] bh0.e0
[CLASS] t24.e
[CLASS] gb0.a
[CLASS] ve5.k1
[CLASS] ss2.n
[CLASS] qq0.j
[CLASS] xj1.b
[CLASS] zl3.f
[CLASS] jr.t
[CLASS] pn4.kf
[CLASS] ga4.z
[CLASS] [Ly40.g;
[CLASS] be5.k2
[CLASS] t24.f
[CLASS] c95.c
[CLASS] ke5.n0
[CLASS] gb0.b
[CLASS] ky0.u
[CLASS] w90.t1
[CLASS] eg5.b0
[CLASS] ss2.o
[CLASS] qq0.k
[CLASS] vd5.l0
[CLASS] zl3.g
[CLASS] hu.n
[CLASS] [Lfq.t0;
[CLASS] [Lv83.a2;
[CLASS] t24.g
[CLASS] c95.d
[CLASS] b84.b
[CLASS] vd5.l1
[CLASS] ky0.v
[CLASS] hu.o
[CLASS] [Lfq.t1;
[CLASS] t24.h
[CLASS] cq2.g2
[CLASS] qk.a0
[CLASS] w80.u1
[CLASS] ky0.w
[CLASS] [Lzd4.k;
[CLASS] ss2.q
[CLASS] bn2.k7
[CLASS] ef5.c0
[CLASS] zl3.i
[CLASS] te5.q0
[CLASS] hu.p
[CLASS] l65.h
[CLASS] lt0.t0
[CLASS] lx4.s
[CLASS] t24.i
[CLASS] ib3.k1
[CLASS] ky0.x
[CLASS] hu.q
[CLASS] ay2.m
[CLASS] zl3.j
[CLASS] fp1.a
[CLASS] l65.i
[CLASS] sn4.yu2
[CLASS] c70.v1
[CLASS] lx4.t
[CLASS] eq4.m0
[CLASS] gg1.y1
[CLASS] t24.j
[CLASS] a73.c
[CLASS] qk.a2
[CLASS] ky0.y
[CLASS] sn4.gd6
[CLASS] hu.r
[CLASS] ss2.s
[CLASS] bn2.k9
[CLASS] zl3.k
[CLASS] j43.f
[CLASS] ay2.n
[CLASS] l65.j
[CLASS] org.chromium.net.httpflags.Flags
[CLASS] fp1.b
[CLASS] h21.b
[CLASS] w80.u3
[CLASS] [Lnd1.e;
[CLASS] c70.v2
[CLASS] ht0.m
[CLASS] nk.bk
[CLASS] t24.k
[CLASS] r.o
[CLASS] m0.a
[CLASS] fy2.q0
[CLASS] ky0.z
[CLASS] q80.k0
[CLASS] nt0.e$$a
[CLASS] zl3.l
[CLASS] ay2.o
[CLASS] l65.k
[CLASS] fp1.c
[CLASS] i32.e
[CLASS] xy3.f
[CLASS] pn2.h
[CLASS] r.p
[CLASS] t24.l
[CLASS] aj0.r
[CLASS] p34.p0
[CLASS] [Lc54.g0;
[CLASS] hu.t
[CLASS] zl3.m
[CLASS] fp1.d
[CLASS] i32.f
[CLASS] xy3.g
[CLASS] nk.bm
[CLASS] l60.z0
[CLASS] r.q
[CLASS] t24.m
[CLASS] aj0.s
[CLASS] m0.c
[CLASS] p34.p1
[CLASS] p44.o3
[CLASS] [Lng1.r0;
[CLASS] urgen.ur_0025.UR_5D5A
[CLASS] hu.u
[CLASS] zl3.n
[CLASS] zp.a
[CLASS] fp1.e
[CLASS] z90.m2
[CLASS] h25.q0
[CLASS] y7.b0
[CLASS] do3.l2
[CLASS] xy3.h
[CLASS] wu.b0
[CLASS] [La80.k5;
[CLASS] t24.n
[CLASS] m0.d
[CLASS] [Lng1.r1;
[CLASS] mz1.b
[CLASS] ss2.w
[CLASS] hu.v
[CLASS] zp.b
[CLASS] sn4.en2
[CLASS] urgen.ur_0025.UR_5507
[CLASS] h25.q1
[CLASS] nk.d1
[CLASS] [La80.k6;
[CLASS] jp.k0
[CLASS] t24.o
[CLASS] qk.a7
[CLASS] m0.e
[CLASS] zt0.j2
[CLASS] [Lo70.b0;
[CLASS] ss2.x
[CLASS] hu.w
[CLASS] [Lmv0.a2;
[CLASS] ha0.v1
[CLASS] zp.c
[CLASS] g10.e
[CLASS] [Ly23.j;
[CLASS] mz1.c
[CLASS] vu.c0
[CLASS] h25.q2
[CLASS] x7.c0
[CLASS] sn4.lf5
[CLASS] urgen.ur_C563.URS_19C6
[CLASS] qk.a8
[CLASS] m0.f
[CLASS] zt0.j3
[CLASS] [Lo70.b1;
[CLASS] ss2.y
[CLASS] hu.x
[CLASS] [Ld5.a;
[CLASS] g10.f
[CLASS] i32.j
[CLASS] [Landroidx.fragment.app.l3;
[CLASS] h25.q3
[CLASS] wg3.e
[CLASS] m0.g
[CLASS] p44.o7
[CLASS] o70.r0
[CLASS] ss2.z
[CLASS] hu.y
[CLASS] i32.k
[CLASS] eu.s0
[CLASS] h25.q4
[CLASS] iq.a
[CLASS] wg3.f
[CLASS] m0.h
[CLASS] androidx.viewpager.widget.ViewPager$OnPageChangeListener
[CLASS] k70.b1
[CLASS] eu.s1
[CLASS] h25.q5
[CLASS] iq.b
[CLASS] xy3.m
[CLASS] bu2.e0
[CLASS] [Lz90.y1;
[CLASS] [Lds0.a2;
[CLASS] pn2.o
[CLASS] ds0.q0
[CLASS] aj0.y
[CLASS] w71.b2
[CLASS] r93.y0
[CLASS] bn2.ja
[CLASS] w63.a
[CLASS] com.\u06df\u06df\u06e7\u06e1\u06e3
[CLASS] ra2.v
[CLASS] [Lhj.ba;
[CLASS] h25.q6
[CLASS] iq.c
[CLASS] xy3.n
[CLASS] mx4.a
[CLASS] ds0.q1
[CLASS] j14.h0
[CLASS] aj0.z
[CLASS] z5.a
[CLASS] [Lma3.f;
[CLASS] w63.b
[CLASS] lh1.b
[CLASS] h25.q7
[CLASS] bt2.f0
[CLASS] iq.d
[CLASS] ft2.v0
[CLASS] xy3.o
[CLASS] [Lm20.g;
[CLASS] xs.b
[CLASS] k60.c2
[CLASS] androidx.lifecycle.f0
[CLASS] [Lp70.t;
[CLASS] [Lx70.e4;
[CLASS] x60.v0
[CLASS] cu.u0
[CLASS] lh1.c
[CLASS] vd5.a
[CLASS] iq.e
[CLASS] mx4.c
[CLASS] xs.c
[CLASS] pd.a
[CLASS] oz.m0
[CLASS] i32.p
[CLASS] x70.u3
[CLASS] vd5.b
[CLASS] qx1.k3
[CLASS] iq.f
[CLASS] xy3.q
[CLASS] ft2.v2
[CLASS] pr1.r2
[CLASS] ib0.t0
[CLASS] td0.e
[CLASS] xs.d
[CLASS] a90.w
[CLASS] i32.q
[CLASS] x70.u4
[CLASS] b30.c1
[CLASS] vd5.c
[CLASS] xy3.r
[CLASS] iq.g
[CLASS] [Lrz0.f;
[CLASS] lw3.c
[CLASS] com.catfish.newvip.core.UserControll
[CLASS] td0.f
[CLASS] an.h0
[CLASS] a90.x
[CLASS] vd5.d
[CLASS] iq.h
[CLASS] c73.n0
[CLASS] mx4.f
[CLASS] lw3.d
[CLASS] td0.g
[CLASS] io.flutter.plugin.common.StandardMessageCodec$ExposedByteArrayOutputStream
[CLASS] an.h1
[CLASS] [Lb50.m0;
[CLASS] wc0.i0
[CLASS] gt.b
[CLASS] cz3.b
[CLASS] i32.s
[CLASS] lh1.g
[CLASS] xy3.t
[CLASS] iq.i
[CLASS] vd5.e
[CLASS] fr2.x1
[CLASS] td0.h
[CLASS] em3.i
[CLASS] mz.o0
[CLASS] cz3.c
[CLASS] i32.t
[CLASS] lh1.h
[CLASS] xy3.u
[CLASS] iq.j
[CLASS] vd5.f
[CLASS] c73.n2
[CLASS] vv.a
[CLASS] td0.i
[CLASS] pw4.e0
[CLASS] gt.d
[CLASS] cz3.d
[CLASS] i32.u
[CLASS] [Lw01.r;
[CLASS] lh1.i
[CLASS] vd5.g
[CLASS] iq.k
[CLASS] ea0.e3
[CLASS] k60.a
[CLASS] pn2.x
[CLASS] em3.k
[CLASS] kf3.b1
[CLASS] gt.e
[CLASS] urgen.ur_2BA9.UR_71EB
[CLASS] lh1.j
[CLASS] xy3.w
[CLASS] iq.l
[CLASS] ea0.e4
[CLASS] vd5.h
[CLASS] k60.b
[CLASS] i74.d0
[CLASS] xs.j
[CLASS] kf3.b2
[CLASS] nt2.b0
[CLASS] t30.e
[CLASS] gt.f
[CLASS] cz3.f
[CLASS] xy3.x
[CLASS] iq.m
[CLASS] vd5.i
[CLASS] urgen.ur_0025.UR_A795
[CLASS] k60.c
[CLASS] ks.b1
[CLASS] sp4.a
[CLASS] xs.k
[CLASS] an1.i0
[CLASS] gt.g
[CLASS] lh1.l
[CLASS] tb3.f
[CLASS] xy3.y
[CLASS] g42.a0
[CLASS] k60.d
[CLASS] [Laa0.h;
[CLASS] [Lxr0.c;
[CLASS] ew.a
[CLASS] sp4.b
[CLASS] xs.l
[CLASS] q63.e0
[CLASS] cz3.h
[CLASS] io.flutter.Log
[CLASS] vv.f
[CLASS] k60.e
[CLASS] sp4.c
[CLASS] ew.b
[CLASS] bj0.i
[CLASS] am1.j0
[CLASS] by2.g
[CLASS] n23.p0
[CLASS] vv.g
[CLASS] k60.f
[CLASS] kv2.j
[CLASS] ew.c
[CLASS] xs.n
[CLASS] d95.a
[CLASS] bj0.j
[CLASS] by2.h
[CLASS] vv.h
[CLASS] zz4.a
[CLASS] by1.v0
[CLASS] n90.r0
[CLASS] ew.d
[CLASS] [Lea0.q3;
[CLASS] bj0.k
[CLASS] u63.i$$a
[CLASS] xs.o
[CLASS] hb0.a
[CLASS] pp.f0
[CLASS] b90.e
[CLASS] k43.a
[CLASS] [Ldu2.v;
[CLASS] g22.c0
[CLASS] be5.l0
[CLASS] kv2.l
[CLASS] ue1.s
[CLASS] xs.p
[CLASS] [Lkq0.l8;
[CLASS] hb0.b
[CLASS] sn4.ge0
[CLASS] pw.u0
[CLASS] ve5.l0
[CLASS] b90.f
[CLASS] lj.a
[CLASS] k43.b
[CLASS] [Le01.o3;
[CLASS] ba3.d1
[CLASS] it0.i
[CLASS] bh0.f0
[CLASS] ue1.t
[CLASS] fx0.g0
[CLASS] bj0.m
[CLASS] [Lb11.i;
[CLASS] hb0.c
[CLASS] ve5.l1
[CLASS] lj.b
[CLASS] k43.c
[CLASS] lh1.r
[CLASS] pn4.lf
[CLASS] [Lvk.h;
[CLASS] it0.j
[CLASS] [Lgy1.f;
[CLASS] [Lfx0.d;
[CLASS] vd5.m0
[CLASS] w90.u1
[CLASS] eg5.c0
[CLASS] ty.e
[CLASS] sn4.ge2
[CLASS] hb0.d
[CLASS] lj.c
[CLASS] lh1.s
[CLASS] [Lfq.u0;
[CLASS] zz4.e
[CLASS] nk.cg
[CLASS] [Lz40.j;
[CLASS] bj0.o
[CLASS] bn2.l6
[CLASS] ty.f
[CLASS] sn4.yv0
[CLASS] lj.d
[CLASS] gp1.a
[CLASS] io.flutter.embedding.engine.systemchannels.AccessibilityChannel
[CLASS] [Lfq.u1;
[CLASS] cz.b
[CLASS] qk.b0
[CLASS] bj0.p
[CLASS] w80.v1
[CLASS] w90.u3
[CLASS] bn2.l7
[CLASS] lj.e
[CLASS] gp1.b
[CLASS] cz.c
[CLASS] yy3.e
[CLASS] xx2.c
[CLASS] lh1.u
[CLASS] [Lz40.l;
[CLASS] cq2.h3
[CLASS] [Lfx0.g;
[CLASS] ib3.l1
[CLASS] p32.e5
[CLASS] com.catfish.newvip.core.ActivityControll$1
[CLASS] hb0.g
[CLASS] [Lpv1.l;
[CLASS] lj.f
[CLASS] gp1.c
[CLASS] cz.d
[CLASS] c70.w1
[CLASS] yy3.f
[CLASS] eq4.n0
[CLASS] gg1.z1
[CLASS] iu.p0
[CLASS] qk.b2
[CLASS] xs.v
[CLASS] b73.e
[CLASS] kg0.j1
[CLASS] w80.v3
[CLASS] sn4.ge6
[CLASS] ae5.c
[CLASS] lj.g
[CLASS] lh1.w
[CLASS] cz.e
[CLASS] c70.w2
[CLASS] uz.h0
[CLASS] vv.p
[CLASS] nk.ck
[CLASS] xs.w
[CLASS] b73.f
[CLASS] fy2.r0
[CLASS] org.chromium.base.JNIUtils
[CLASS] ae5.d
[CLASS] lj.h
[CLASS] urgen.ur_0025.UR_EEA5
[CLASS] lh1.x
[CLASS] qk.b4
[CLASS] xs.x
[CLASS] b73.g
[CLASS] ae5.e
[CLASS] lj.i
[CLASS] [Lws.q0;
[CLASS] [Lj70.p0;
[CLASS] [Lrq.b;
[CLASS] b73.h
[CLASS] p44.p3
[CLASS] p34.q1
[CLASS] fh.u0
[CLASS] my0.a
[CLASS] ae5.f
[CLASS] lj.j
[CLASS] z90.n2
[CLASS] h10.e
[CLASS] h25.r0
[CLASS] y7.c0
[CLASS] do3.m2
[CLASS] ww1.f
[CLASS] wu.c0
[CLASS] io.flutter.plugins.connectivity.patched.PatchedConnectivityPlugin
[CLASS] xs.z
[CLASS] b73.i
[CLASS] yh4.f
[CLASS] q35.t0
[CLASS] fh.u1
[CLASS] ae5.g
[CLASS] lj.k
[CLASS] n30.x0
[CLASS] h25.r1
[CLASS] nk.e1
[CLASS] vv.t
[CLASS] jp.l0
[CLASS] qk.b7
[CLASS] yh4.g
[CLASS] zt0.k2
[CLASS] ha0.w1
[CLASS] ae5.h
[CLASS] lj.l
[CLASS] vd5.z
[CLASS] h25.r2
[CLASS] vu.d0
[CLASS] ww1.h
[CLASS] vv.u
[CLASS] qk.b8
[CLASS] b73.k
[CLASS] yh4.h
[CLASS] sn4.g14
[CLASS] ae5.i
[CLASS] h25.r3
[CLASS] vv.v
[CLASS] ww1.i
[CLASS] [Lnc0.k;
[CLASS] lt1.a0
[CLASS] io.flutter.plugin.common.MethodChannel$Result
[CLASS] qk.b9
[CLASS] b73.l
[CLASS] xg3.g
[CLASS] ud0.a
[CLASS] fm3.b
[CLASS] yh4.i
[CLASS] o70.s0
[CLASS] gt.y
[CLASS] ae5.j
[CLASS] z85.e
[CLASS] lj.n
[CLASS] h25.r4
[CLASS] vv.w
[CLASS] ww1.j
[CLASS] [Lds0.b1;
[CLASS] hp.a
[CLASS] [Ln20.f;
[CLASS] b73.m
[CLASS] k70.c1
[CLASS] [Ly14.f2;
[CLASS] w81.b3
[CLASS] ud0.b
[CLASS] ve1.d
[CLASS] fm3.c
[CLASS] gt.z
[CLASS] yj1.q
[CLASS] xg3.h
[CLASS] lj.o
[CLASS] z85.f
[CLASS] eu.t1
[CLASS] mh1.b
[CLASS] h25.r5
[CLASS] hp.b
[CLASS] b73.n
[CLASS] ud0.c
[CLASS] fm3.d
[CLASS] r93.z0
[CLASS] ve1.e
[CLASS] sn4.qi2
[CLASS] bn2.ka
[CLASS] x63.c
[CLASS] ae5.l
[CLASS] lj.p
[CLASS] [Lvn1.l;
[CLASS] yh2.k0
[CLASS] [Leu2.i;
[CLASS] sa2.x
[CLASS] h25.r6
[CLASS] mh1.c
[CLASS] [Lc05.s;
[CLASS] [Lz90.z2;
[CLASS] ds0.r1
[CLASS] j14.i0
[CLASS] b73.o
[CLASS] ud0.d
[CLASS] fm3.e
[CLASS] [Lgh2.p;
[CLASS] ae5.m
[CLASS] z85.h
[CLASS] lj.q
[CLASS] sn4.cy0
[CLASS] [Lcs0.f;
[CLASS] sa2.y
[CLASS] h25.r7
[CLASS] [Ler.b4;
[CLASS] bt2.g0
[CLASS] ft2.w0
[CLASS] mh1.d
[CLASS] b73.p
[CLASS] ud0.e
[CLASS] k60.d2
[CLASS] j15.j
[CLASS] androidx.lifecycle.g0
[CLASS] [Lhi3.s;
[CLASS] ae5.n
[CLASS] x60.w0
[CLASS] lj.r
[CLASS] sa2.z
[CLASS] vc4.a
[CLASS] [Lnc0.p;
[CLASS] b73.q
[CLASS] ud0.f
[CLASS] androidx.lifecycle.g1
[CLASS] oc.a
[CLASS] oz.n0
[CLASS] ae5.o
[CLASS] cu.v1
[CLASS] [Lq24.a0;
[CLASS] lj.s
[CLASS] dz3.a
[CLASS] x70.v3
[CLASS] [Ler.b6;
[CLASS] qx1.l3
[CLASS] m30.a2
[CLASS] vc4.b
[CLASS] [Lc05.v;
[CLASS] pr1.s2
[CLASS] ib0.u0
[CLASS] z85.j
[CLASS] is0.e2
[CLASS] ud0.g
[CLASS] oc.b
[CLASS] u30.a
[CLASS] vt3.g
[CLASS] lj.t
[CLASS] x70.v4
[CLASS] vw.p0
[CLASS] ib0.u1
[CLASS] o93.e
[CLASS] b73.s
[CLASS] wr.e
[CLASS] an.i0
[CLASS] ud0.h
[CLASS] j15.m
[CLASS] oc.c
[CLASS] [Lhi3.v;
[CLASS] u30.b
[CLASS] h5.a
[CLASS] vt3.h
[CLASS] lj.u
[CLASS] [Lar.f0;
[CLASS] c73.o0
[CLASS] o93.f
[CLASS] b73.t
[CLASS] androidx.core.content.FileProvider
[CLASS] wr.f
[CLASS] ud0.i
[CLASS] [Lb60.m2;
[CLASS] j15.n
[CLASS] oc.d
[CLASS] z85.m
[CLASS] lj.v
[CLASS] ft2.w5
[CLASS] sn4.l37
[CLASS] lv2.e
[CLASS] ku1.c
[CLASS] qk.aa
[CLASS] jt0.a
[CLASS] b73.u
[CLASS] [Lyv.g1;
[CLASS] [Ldr4.g;
[CLASS] ae5.s
[CLASS] h5.c
[CLASS] [Lbr.e4;
[CLASS] z85.n
[CLASS] x80.q
[CLASS] uu.a
[CLASS] lv2.f
[CLASS] ku1.d
[CLASS] l60.b
[CLASS] yh4.s
[CLASS] j51.n0
[CLASS] androidx.lifecycle.ReflectiveGenericLifecycleObserver
[CLASS] oc.f
[CLASS] pw4.f0
[CLASS] [Lhi3.y;
[CLASS] ae5.t
[CLASS] h5.d
[CLASS] urgen.ur_E2DE.UR_49D9
[CLASS] ea0.f3
[CLASS] uu.b
[CLASS] ta2.c
[CLASS] di4.b
[CLASS] lv2.g
[CLASS] l60.c
[CLASS] tp4.a
[CLASS] org.chromium.net.NetworkChangeNotifierAutoDetect$ConnectivityManagerDelegate
[CLASS] v24.a
[CLASS] kf3.c1
[CLASS] vt3.l
[CLASS] h5.e
[CLASS] ae5.u
[CLASS] cy2.e
[CLASS] ea0.f4
[CLASS] uu.c
[CLASS] ta2.d
[CLASS] di4.c
[CLASS] i74.e0
[CLASS] ku1.f
[CLASS] [Lb30.p0;
[CLASS] l60.d
[CLASS] tp4.b
[CLASS] yh4.u
[CLASS] j15.r
[CLASS] nt2.c0
[CLASS] tr1.i
[CLASS] h5.f
[CLASS] ae5.v
[CLASS] cy2.f
[CLASS] dv.a2
[CLASS] x80.t
[CLASS] uu.d
[CLASS] [Lzq.c0;
[CLASS] ks.c1
[CLASS] tp4.c
[CLASS] yh4.v
[CLASS] kf3.c3
[CLASS] androidx.appcompat.app.y0
[CLASS] fm3.o
[CLASS] tr1.j
[CLASS] ks4.a
[CLASS] k00.j0
[CLASS] uu.e
[CLASS] g42.b0
[CLASS] v24.d
[CLASS] yh4.w
[CLASS] b73.z
[CLASS] [Lo31.u;
[CLASS] q63.f0
[CLASS] j15.t
[CLASS] e95.a
[CLASS] tr1.k
[CLASS] h5.h
[CLASS] ks4.b
[CLASS] uu.f
[CLASS] rn2.a
[CLASS] v24.e
[CLASS] e95.b
[CLASS] j15.u
[CLASS] [Le33.k;
[CLASS] am1.k0
[CLASS] ib0.a
[CLASS] tr1.l
[CLASS] h5.i
[CLASS] c90.e
[CLASS] [Lr70.d;
[CLASS] ks4.c
[CLASS] n23.q0
[CLASS] x80.w
[CLASS] uu.g
[CLASS] [Lip2.d0;
[CLASS] pp2.a0
[CLASS] [Lcb1.n;
[CLASS] [Lea0.r2;
[CLASS] e95.c
[CLASS] [Luk3.q;
[CLASS] fm3.r
[CLASS] j15.v
[CLASS] [Lmy.j0;
[CLASS] [Ls81.g;
[CLASS] ks4.d
[CLASS] uu.h
[CLASS] [Lam4.b;
[CLASS] n90.s0
[CLASS] by1.w0
[CLASS] tp4.g
[CLASS] v24.g
[CLASS] pp.g0
[CLASS] e95.d
[CLASS] fm3.s
[CLASS] bv4.b
[CLASS] vi0.f0
[CLASS] tr1.n
[CLASS] mh1.r
[CLASS] g22.d0
[CLASS] x80.y
[CLASS] uu.i
[CLASS] [Lpd1.b;
[CLASS] tp4.h
[CLASS] [Liw.b2;
[CLASS] j15.x
[CLASS] ve5.m0
[CLASS] [Lly.k0;
[CLASS] pw.v0
[CLASS] bn2.m3
[CLASS] tr1.o
[CLASS] ki.a
[CLASS] ba3.e1
[CLASS] mh1.s
[CLASS] bh0.g0
[CLASS] [Lam4.d;
[CLASS] tp4.i
[CLASS] p32.f1
[CLASS] e95.f
[CLASS] j15.y
[CLASS] w14.e$$a
[CLASS] hp1.a
[CLASS] hp.t
[CLASS] [Luj.h;
[CLASS] be5.m2
[CLASS] ku1.n
[CLASS] jt0.l
[CLASS] [Lcb1.r;
[CLASS] dv.g
[CLASS] ke5.p0
[CLASS] e95.g
[CLASS] vd5.n0
[CLASS] j15.z
[CLASS] hp1.b
[CLASS] mh1.u
[CLASS] [Lfq.v0;
[CLASS] jn.a0
[CLASS] hp.u
[CLASS] xw1.a
[CLASS] zk.a
[CLASS] ku1.o
[CLASS] dv.h
[CLASS] e95.h
[CLASS] vd5.n1
[CLASS] kd2.k
[CLASS] hd2.h5
[CLASS] ib0.g
[CLASS] be5.b
[CLASS] zj1.h
[CLASS] yi0.f
[CLASS] mh1.v
[CLASS] [Lfq.v1;
[CLASS] hp.v
[CLASS] xw1.b
[CLASS] zk.b
[CLASS] q23.j0
[CLASS] ku1.p
[CLASS] cq2.i2
[CLASS] qk.c0
[CLASS] kd2.l
[CLASS] bn2.m7
[CLASS] te5.s0
[CLASS] ib0.h
[CLASS] be5.c
[CLASS] yi0.g
[CLASS] mh1.w
[CLASS] urgen.ur_0025.UR_01B9
[CLASS] xw1.c
[CLASS] zk.c
[CLASS] kb5.f
[CLASS] hp.w
[CLASS] mp.j0
[CLASS] ib3.m1
[CLASS] dv.j
[CLASS] [Lhy1.k;
[CLASS] w80.w2
[CLASS] p32.f5
[CLASS] sn4.gf5
[CLASS] kd2.m
[CLASS] [Le33.s;
[CLASS] ib0.i
[CLASS] oz1.a
[CLASS] be5.d
[CLASS] nj0.a0
[CLASS] rj0.q0
[CLASS] c70.x1
[CLASS] xw1.d
[CLASS] eq4.o0
[CLASS] zk.d
[CLASS] [Lba3.q0;
[CLASS] ku1.r
[CLASS] sn4.fd
[CLASS] dv.k
[CLASS] qk.c2
[CLASS] w80.w3
[CLASS] ib0.j
[CLASS] tr1.u
[CLASS] u30.s
[CLASS] aw0.n
[CLASS] zj1.k
[CLASS] mh1.y
[CLASS] c70.x2
[CLASS] xw1.e
[CLASS] zk.e
[CLASS] [Lba0.u;
[CLASS] ku1.s
[CLASS] dv.l
[CLASS] fy2.s0
[CLASS] x45.a1
[CLASS] ee5.f1
[CLASS] il.a
[CLASS] ib0.k
[CLASS] [Lo90.b0;
[CLASS] ux1.a0
[CLASS] u30.t
[CLASS] tr1.v
[CLASS] be5.f
[CLASS] aw0.o
[CLASS] nj0.a2
[CLASS] i10.e
[CLASS] pj3.a
[CLASS] xw1.f
[CLASS] zk.f
[CLASS] ku1.t
[CLASS] qk.c4
[CLASS] dv.m
[CLASS] t33.b0
[CLASS] kk2.s3
[CLASS] [Lp32.r2;
[CLASS] u30.u
[CLASS] eu1.c$$a
[CLASS] be5.g
[CLASS] nj0.a3
[CLASS] i10.f
[CLASS] pj3.b
[CLASS] xw1.g
[CLASS] kb5.j
[CLASS] [Lba0.w;
[CLASS] qk.c5
[CLASS] [Ld90.e0;
[CLASS] fh.v0
[CLASS] [Lbx0.d2;
[CLASS] il.c
[CLASS] ib0.m
[CLASS] u30.v
[CLASS] be5.h
[CLASS] z90.o2
[CLASS] xn.a
[CLASS] h25.s0
[CLASS] wu.d0
[CLASS] do3.n2
[CLASS] yx2.j
[CLASS] q35.u0
[CLASS] fh.v1
[CLASS] il.d
[CLASS] ib0.n
[CLASS] u30.w
[CLASS] be5.i
[CLASS] xn.b
[CLASS] h25.s1
[CLASS] jp.m0
[CLASS] [La80.m6;
[CLASS] n71.a0
[CLASS] zt0.l2
[CLASS] il.e
[CLASS] ib0.o
[CLASS] ha0.x1
[CLASS] u30.x
[CLASS] [Llh1.y0;
[CLASS] bx1.u
[CLASS] xn.c
[CLASS] be5.j
[CLASS] h25.s2
[CLASS] x7.e0
[CLASS] di4.u
[CLASS] qk.c8
[CLASS] zt0.l3
[CLASS] [Lo70.d1;
[CLASS] il.f
[CLASS] ib0.p
[CLASS] sn4.ep4
[CLASS] be5.k
[CLASS] d15.d1
[CLASS] bx1.v
[CLASS] h25.s3
[CLASS] di4.v
[CLASS] lt1.b0
[CLASS] b35.h1
[CLASS] ku1.y
[CLASS] qk.c9
[CLASS] urgen.ur_54A4.UR_5BD0
[CLASS] il.g
[CLASS] o70.t0
[CLASS] ib0.q
[CLASS] bx1.w
[CLASS] org.chromium.net.NetworkChangeNotifierAutoDetect$MyNetworkCallback
[CLASS] be5.l
[CLASS] h25.s4
[CLASS] nh1.c
[CLASS] di4.w
[CLASS] go.a
[CLASS] io.flutter.embedding.engine.systemchannels.DeferredComponentChannel$1
[CLASS] ku1.z
[CLASS] ep1.a$$a
[CLASS] dv.s
[CLASS] k70.d1
[CLASS] ek1.a
[CLASS] [Lb00.v;
[CLASS] gm3.e
[CLASS] ib0.r
[CLASS] w81.c3
[CLASS] bx1.x
[CLASS] xn.f
[CLASS] eu.u1
[CLASS] be5.m
[CLASS] h25.s5
[CLASS] bu2.g0
[CLASS] di4.x
[CLASS] ep1.a$$b
[CLASS] w71.d2
[CLASS] ek1.b
[CLASS] ib0.s
[CLASS] be5.n
[CLASS] bx1.y
[CLASS] xn.g
[CLASS] h25.s6
[CLASS] [Los.b;
[CLASS] ds0.s1
[CLASS] zk.n
[CLASS] j14.j0
[CLASS] x3.a
[CLASS] ek1.c
[CLASS] [Lb00.x;
[CLASS] og5.a
[CLASS] be5.o
[CLASS] xn.h
[CLASS] h25.s7
[CLASS] uu.z
[CLASS] di4.z
[CLASS] zk.o
[CLASS] ft2.x0
[CLASS] k60.e2
[CLASS] vq.b
[CLASS] androidx.lifecycle.h0
[CLASS] x3.b
[CLASS] [Lx70.g4;
[CLASS] cu.w0
[CLASS] xn.i
[CLASS] be5.p
[CLASS] io.flutter.plugin.common.MethodCall
[CLASS] m30.b1
[CLASS] [Lzg1.p0;
[CLASS] y80.n
[CLASS] lu1.a
[CLASS] is0.f1
[CLASS] [Lb00.z;
[CLASS] oz.o0
[CLASS] cu.w1
[CLASS] be5.q
[CLASS] xn.j
[CLASS] x70.w3
[CLASS] qx1.m3
[CLASS] m30.b2
[CLASS] pr1.t2
[CLASS] [Lam4.v;
[CLASS] zh4.q
[CLASS] ib0.w
[CLASS] [Lh55.h;
[CLASS] ur1.e
[CLASS] x70.w4
[CLASS] ij3.f0
[CLASS] be5.r
[CLASS] b30.e1
[CLASS] vw.q0
[CLASS] y80.p
[CLASS] ft2.x3
[CLASS] an.j0
[CLASS] ib0.x
[CLASS] t35.n4
[CLASS] er.a
[CLASS] ez3.e
[CLASS] cx1.a
[CLASS] c73.p0
[CLASS] ks2.l0
[CLASS] [Lam4.x;
[CLASS] [Lpl.j0;
[CLASS] zh4.s
[CLASS] ib0.y
[CLASS] be5.t
[CLASS] zj1.z
[CLASS] ez3.f
[CLASS] cx1.b
[CLASS] sn4.vl2
[CLASS] urgen.ur_C563.URS_0076
[CLASS] qk.ba
[CLASS] up4.a
[CLASS] mz.q0
[CLASS] ek1.i
[CLASS] ib0.z
[CLASS] be5.u
[CLASS] [Lwj4.l1;
[CLASS] c73.p2
[CLASS] [Lkq0.n0;
[CLASS] zh4.u
[CLASS] kf3.d0
[CLASS] ek1.j
[CLASS] ur1.i
[CLASS] er.d
[CLASS] [Lbr.f5;
[CLASS] be5.v
[CLASS] ea0.g3
[CLASS] dj0.i
[CLASS] ek1.k
[CLASS] ur1.j
[CLASS] be5.w
[CLASS] ls4.a
[CLASS] sn4.be0
[CLASS] ea0.g4
[CLASS] nk.x10
[CLASS] i74.f0
[CLASS] zh4.w
[CLASS] f95.a
[CLASS] ek1.l
[CLASS] [Lc00.d;
[CLASS] be5.x
[CLASS] ls4.b
[CLASS] zk.x
[CLASS] ks.d1
[CLASS] ja4.y
[CLASS] f95.b
[CLASS] sn4.ot5
[CLASS] be5.y
[CLASS] ls4.c
[CLASS] k00.k0
[CLASS] sn4.be2
[CLASS] zk.y
[CLASS] r32.a0
[CLASS] sn2.b
[CLASS] q63.g0
[CLASS] f95.c
[CLASS] cu.a
[CLASS] be5.z
[CLASS] zi0.a
[CLASS] androidx.constraintlayout.widget.Placeholder
[CLASS] androidx.core.widget.a0
[CLASS] zk.z
[CLASS] r32.a1
[CLASS] m60.i
[CLASS] cu.b
[CLASS] xf2.v
[CLASS] f95.d
[CLASS] dj0.m
[CLASS] me3.i
[CLASS] jb0.c
[CLASS] [Ls70.f;
[CLASS] n23.r0
[CLASS] pq2.a2
[CLASS] r32.a2
[CLASS] lb5.a
[CLASS] m60.j
[CLASS] cu.c
[CLASS] f95.e
[CLASS] dj0.n
[CLASS] me3.j
[CLASS] jq2.b
[CLASS] [Lmn3.q;
[CLASS] by1.x0
[CLASS] n90.t0
[CLASS] lb5.b
[CLASS] m60.k
[CLASS] [Lkq0.n7;
[CLASS] [Lea0.s3;
[CLASS] pp.h0
[CLASS] f95.f
[CLASS] vi0.g0
[CLASS] me3.k
[CLASS] [Le01.q2;
[CLASS] zi0.d
[CLASS] g22.e0
[CLASS] be5.n0
[CLASS] r32.a4
[CLASS] bf1.e
[CLASS] m60.l
[CLASS] xf2.y
[CLASS] f95.g
[CLASS] bn2.n3
[CLASS] ce5.a
[CLASS] ba3.f1
[CLASS] jh.a
[CLASS] zi0.e
[CLASS] lv0.u0
[CLASS] bf1.f
[CLASS] m60.m
[CLASS] p32.g1
[CLASS] f95.h
[CLASS] bn2.n4
[CLASS] ce5.b
[CLASS] zi0.f
[CLASS] jh.b
[CLASS] pn4.nf
[CLASS] urgen.ur_0025.UR_12D6
[CLASS] androidx.work.ListenableWorker
[CLASS] be5.n2
[CLASS] r32.a6
[CLASS] bf1.g
[CLASS] m60.n
[CLASS] cu.g
[CLASS] d73.e
[CLASS] f95.i
[CLASS] eg5.e0
[CLASS] vd5.o0
[CLASS] zi0.g
[CLASS] [Lfq.w0;
[CLASS] jn.b0
[CLASS] pn4.ng
[CLASS] j10.b
[CLASS] jh.c
[CLASS] r32.a7
[CLASS] bf1.h
[CLASS] cu.h
[CLASS] vd5.o1
[CLASS] bn2.n6
[CLASS] [Lmv.n;
[CLASS] bd4.b
[CLASS] [Lfq.w1;
[CLASS] ip1.e
[CLASS] j10.c
[CLASS] pn4.nh
[CLASS] jh.d
[CLASS] r32.a8
[CLASS] ka4.e
[CLASS] q23.k0
[CLASS] qk.d0
[CLASS] bf1.i
[CLASS] vd5.o2
[CLASS] bn2.n7
[CLASS] jh.e
[CLASS] ip1.f
[CLASS] j10.d
[CLASS] r32.a9
[CLASS] cq2.j3
[CLASS] ib3.n1
[CLASS] p32.g5
[CLASS] ka4.f
[CLASS] w80.x2
[CLASS] vd5.o3
[CLASS] bn2.n8
[CLASS] mp.k0
[CLASS] oy0.a
[CLASS] [Lmv.p;
[CLASS] bf1.j
[CLASS] rj0.r0
[CLASS] ip1.g
[CLASS] eq4.p0
[CLASS] bf1.k
[CLASS] sn4.gd
[CLASS] x45.b0
[CLASS] kt0.r
[CLASS] w80.x3
[CLASS] [Lp20.b;
[CLASS] urgen.ur_0025.UR_7DD6
[CLASS] vd5.o4
[CLASS] oy0.b
[CLASS] v30.u
[CLASS] [Lve5.z0;
[CLASS] ip1.h
[CLASS] c70.y2
[CLASS] j10.f
[CLASS] in4.b
[CLASS] [Lmv.r;
[CLASS] v30.v
[CLASS] pz1.e
[CLASS] ce5.h
[CLASS] nj0.b2
[CLASS] jh.h
[CLASS] jq2.k
[CLASS] [Lyo2.j;
[CLASS] j10.g
[CLASS] qk.d4
[CLASS] cu.m
[CLASS] a40.e
[CLASS] in4.c
[CLASS] kk2.t3
[CLASS] oy0.d
[CLASS] v30.w
[CLASS] pz1.f
[CLASS] ce5.i
[CLASS] nj0.b3
[CLASS] jh.i
[CLASS] jq2.l
[CLASS] j10.h
[CLASS] [Lws.s0;
[CLASS] io.flutter.embedding.engine.systemchannels.BackGestureChannel$1
[CLASS] qk.d5
[CLASS] cu.n
[CLASS] fh.w0
[CLASS] wd0.a
[CLASS] in4.d
[CLASS] hk.c
[CLASS] o90.s0
[CLASS] oy0.e
[CLASS] v30.x
[CLASS] z90.p2
[CLASS] pz1.g
[CLASS] j10.i
[CLASS] h25.t0
[CLASS] wu.e0
[CLASS] oh1.a
[CLASS] y7.e0
[CLASS] [La80.n5;
[CLASS] yj.h
[CLASS] pz.f
[CLASS] cu.o
[CLASS] wd0.b
[CLASS] oy0.f
[CLASS] v30.y
[CLASS] [Lur4.k0;
[CLASS] pz1.h
[CLASS] wm.b
[CLASS] j10.j
[CLASS] h25.t1
[CLASS] ip1.l
[CLASS] oh1.b
[CLASS] ce5.k
[CLASS] zx2.m
[CLASS] n71.b0
[CLASS] qk.d7
[CLASS] n71.y
[CLASS] kt0.w
[CLASS] cu.p
[CLASS] pz.g
[CLASS] zt0.m2
[CLASS] wd0.c
[CLASS] ha0.y1
[CLASS] pz1.i
[CLASS] d15.e0
[CLASS] d90.u
[CLASS] wm.c
[CLASS] ip1.m
[CLASS] h25.t2
[CLASS] j10.k
[CLASS] do3.o4
[CLASS] [Lft1.g;
[CLASS] oh1.c
[CLASS] e24.w0
[CLASS] pz.h
[CLASS] cu.q
[CLASS] mv0.t1
[CLASS] io.flutter.embedding.engine.loader.FlutterLoader$1$$a
[CLASS] oy0.h
[CLASS] pz1.j
[CLASS] d90.v
[CLASS] wm.d
[CLASS] ip1.n
[CLASS] h25.t3
[CLASS] yj2.k1
[CLASS] b35.i1
[CLASS] lt1.c0
[CLASS] [Lsf3.u;
[CLASS] [Lqd1.q;
[CLASS] [Lti.s;
[CLASS] qk.d9
[CLASS] o70.u0
[CLASS] hm3.f
[CLASS] d90.w
[CLASS] wm.e
[CLASS] ip1.o
[CLASS] h25.t4
[CLASS] [Lqd1.r;
[CLASS] fn.a
[CLASS] pz.j
[CLASS] k70.e1
[CLASS] hm3.g
[CLASS] e01.q3$$a
[CLASS] pg5.a
[CLASS] d90.x
[CLASS] eu.v1
[CLASS] [Ldr.e0;
[CLASS] h25.t5
[CLASS] x05.f1
[CLASS] yd5.d
[CLASS] ds0.t0
[CLASS] fn.b
[CLASS] u02.u
[CLASS] w71.e2
[CLASS] pz.k
[CLASS] hm3.h
[CLASS] x41.c
[CLASS] yh2.m0
[CLASS] h25.t6
[CLASS] [Lg50.i;
[CLASS] yd5.e
[CLASS] h.f
[CLASS] mu1.a
[CLASS] pz.l
[CLASS] [Lt64.t;
[CLASS] [Lp20.l;
[CLASS] x41.d
[CLASS] h25.t7
[CLASS] h.g
[CLASS] k60.f2
[CLASS] androidx.lifecycle.i0
[CLASS] oy0.m
[CLASS] x41.e
[CLASS] ac3.n
[CLASS] ey2.b
[CLASS] [Lqd1.v;
[CLASS] is0.g1
[CLASS] ma.a
[CLASS] oy0.n
[CLASS] oz.p0
[CLASS] x41.f
[CLASS] x70.x3
[CLASS] ac3.o
[CLASS] qx1.n3
[CLASS] m30.c2
[CLASS] ft2.y2
[CLASS] pr1.u2
[CLASS] ib0.w0
[CLASS] k40.h0
[CLASS] u02.y
[CLASS] ma.b
[CLASS] oy0.o
[CLASS] x41.g
[CLASS] x70.x4
[CLASS] ac3.p
[CLASS] b30.f1
[CLASS] rg1.a0
[CLASS] ft2.y3
[CLASS] ib0.w1
[CLASS] fi4.b
[CLASS] [Lhe4.o;
[CLASS] an.k0
[CLASS] vp4.a
[CLASS] t35.o4
[CLASS] hm3.m
[CLASS] oy0.p
[CLASS] x41.h
[CLASS] w30.f
[CLASS] p65.a
[CLASS] ft2.y4
[CLASS] bf3.b0
[CLASS] fi4.c
[CLASS] vp4.b
[CLASS] androidx.startup.InitializationProvider
[CLASS] in4.p
[CLASS] ma.d
[CLASS] oy0.q
[CLASS] p65.b
[CLASS] va2.e
[CLASS] yd5.k
[CLASS] ft2.y5
[CLASS] fi4.d
[CLASS] qk.ca
[CLASS] [Lhe4.q;
[CLASS] n60.e
[CLASS] w13.a
[CLASS] yf2.r
[CLASS] ma.e
[CLASS] [Lk60.r1;
[CLASS] p65.c
[CLASS] sn4.vm3
[CLASS] c73.q2
[CLASS] yd5.l
[CLASS] va2.f
[CLASS] kf3.e0
[CLASS] yf2.s
[CLASS] vp4.d
[CLASS] g95.a
[CLASS] in4.r
[CLASS] ma.f
[CLASS] oy0.s
[CLASS] urgen.ur_0025.UR_2A60
[CLASS] w13.b
[CLASS] [Lgf0.w;
[CLASS] ea0.h3
[CLASS] oh1.o
[CLASS] [Lwj4.m2;
[CLASS] p65.d
[CLASS] yd5.m
[CLASS] qk.cc
[CLASS] kf3.e1
[CLASS] vp4.e
[CLASS] w13.c
[CLASS] g95.b
[CLASS] ma.g
[CLASS] ea0.h4
[CLASS] i74.g0
[CLASS] [Lhe4.t;
[CLASS] pz.u
[CLASS] vp4.f
[CLASS] yf2.u
[CLASS] nt2.e0
[CLASS] w13.d
[CLASS] hm3.r
[CLASS] ma.h
[CLASS] p65.f
[CLASS] yd5.o
[CLASS] pz.v
[CLASS] vp4.g
[CLASS] w13.e
[CLASS] hm3.s
[CLASS] k00.l0
[CLASS] p65.g
[CLASS] yd5.p
[CLASS] r32.b0
[CLASS] be0.a
[CLASS] pz.w
[CLASS] vp4.h
[CLASS] d6.a
[CLASS] w13.f
[CLASS] hk.u
[CLASS] up.l
[CLASS] io.flutter.embedding.engine.renderer.FlutterUiDisplayListener
[CLASS] di4.a0
[CLASS] kb0.d
[CLASS] [Ltw2.k;
[CLASS] p65.h
[CLASS] a23.r
[CLASS] r32.b1
[CLASS] be0.b
[CLASS] yd5.q
[CLASS] pz.x
[CLASS] fz0.h0
[CLASS] yf2.x
[CLASS] up.m
[CLASS] v02.e
[CLASS] d6.b
[CLASS] vp4.i
[CLASS] w13.g
[CLASS] hm3.u
[CLASS] a23.s
[CLASS] r32.b2
[CLASS] [Lna2.g0;
[CLASS] be0.c
[CLASS] yd5.r
[CLASS] la4.a
[CLASS] pz.y
[CLASS] vp4.j
[CLASS] d6.c
[CLASS] w13.h
[CLASS] androidx.constraintlayout.widget.R$styleable
[CLASS] sn4.bf5
[CLASS] a23.t
[CLASS] r32.b3
[CLASS] yd5.s
[CLASS] n90.u0
[CLASS] be0.d
[CLASS] la4.b
[CLASS] pz.z
[CLASS] pp.i0
[CLASS] vp4.k
[CLASS] bn2.o2
[CLASS] hm3.w
[CLASS] vi0.h0
[CLASS] de5.b
[CLASS] g22.f0
[CLASS] yd5.t
[CLASS] r32.b4
[CLASS] be0.e
[CLASS] [Liw.d2;
[CLASS] ve5.o0
[CLASS] bn2.o3
[CLASS] [Ld00.l;
[CLASS] urgen.ur_0025.UR_AFAF
[CLASS] ba3.g1
[CLASS] ig.a
[CLASS] k10.b
[CLASS] androidx.viewpager.widget.ViewPager
[CLASS] de5.c
[CLASS] yd5.u
[CLASS] [Loi4.j0;
[CLASS] fi4.n
[CLASS] r32.b5
[CLASS] ss.j
[CLASS] yv0.a
[CLASS] be5.o1
[CLASS] vp4.m
[CLASS] ve5.o1
[CLASS] hm3.y
[CLASS] bn2.o4
[CLASS] qz1.a
[CLASS] [Ltw2.p;
[CLASS] k10.c
[CLASS] pn4.of
[CLASS] jp1.e
[CLASS] [Lhu2.a;
[CLASS] yd5.v
[CLASS] r32.b6
[CLASS] fi4.o
[CLASS] ss.k
[CLASS] bh0.i1
[CLASS] be5.o2
[CLASS] eo2.g0
[CLASS] ke5.r0
[CLASS] vd5.p0
[CLASS] eg5.f0
[CLASS] hm3.z
[CLASS] dv4.i
[CLASS] qz1.b
[CLASS] qv.e
[CLASS] [Lfq.x0;
[CLASS] e90.n
[CLASS] k10.d
[CLASS] pn4.og
[CLASS] jp1.f
[CLASS] gz.x0
[CLASS] [Lv83.e2;
[CLASS] fi4.p
[CLASS] r32.b7
[CLASS] ss.l
[CLASS] b9.a
[CLASS] yd5.w
[CLASS] vp4.o
[CLASS] ig.c
[CLASS] dv4.j
[CLASS] bn2.o6
[CLASS] py0.a
[CLASS] [Lfq.x1;
[CLASS] ig.d
[CLASS] kq2.i
[CLASS] pn4.oh
[CLASS] jp1.g
[CLASS] e90.o
[CLASS] r32.b8
[CLASS] cq2.k2
[CLASS] q23.l0
[CLASS] yd5.x
[CLASS] qk.e0
[CLASS] de5.f
[CLASS] az1.a1
[CLASS] vp4.p
[CLASS] fi4.q
[CLASS] bn2.o7
[CLASS] dv4.k
[CLASS] py0.b
[CLASS] e90.p
[CLASS] k10.f
[CLASS] kq2.j
[CLASS] jp1.h
[CLASS] nk.fi
[CLASS] r32.b9
[CLASS] ss.n
[CLASS] fi4.r
[CLASS] qk.e1
[CLASS] ib3.o1
[CLASS] w80.y2
[CLASS] vd5.p3
[CLASS] vp4.q
[CLASS] bn2.o8
[CLASS] dv4.l
[CLASS] py0.c
[CLASS] [Lri0.d0;
[CLASS] [Ltw2.t;
[CLASS] aq4.a0
[CLASS] c70.z1
[CLASS] k10.g
[CLASS] rj3.c
[CLASS] ss.o
[CLASS] qi2.a
[CLASS] qk.e2
[CLASS] [Lcm4.m;
[CLASS] eq4.q0
[CLASS] [Ljf5.e;
[CLASS] vp4.r
[CLASS] vd5.p4
[CLASS] dv4.m
[CLASS] [Lq20.d;
[CLASS] im3.a
[CLASS] nj0.c1
[CLASS] e90.r
[CLASS] aq4.a1
[CLASS] c70.z2
[CLASS] k10.h
[CLASS] iu.s1
[CLASS] ss.p
[CLASS] aq4.a
[CLASS] rj3.d
[CLASS] h70.m0
[CLASS] vp4.s
[CLASS] dv4.n
[CLASS] nj0.c2
[CLASS] e90.s
[CLASS] k10.i
[CLASS] a44.f0
[CLASS] fi4.u
[CLASS] x35.d0
[CLASS] qk.e4
[CLASS] aq4.b
[CLASS] vp4.t
[CLASS] im3.c
[CLASS] kk2.u3
[CLASS] nj0.c3
[CLASS] e90.t
[CLASS] rj3.f
[CLASS] [La80.o4;
[CLASS] b9.g
[CLASS] aq4.c
[CLASS] fi4.v
[CLASS] qk.e5
[CLASS] [Lj70.s0;
[CLASS] oy.e
[CLASS] [Ld90.g0;
[CLASS] b40.h
[CLASS] fh.x0
[CLASS] im3.d
[CLASS] sn4.yy6
[CLASS] z90.q2
[CLASS] urgen.ur_96F1.UR_6679
[CLASS] h25.u0
[CLASS] wu.f0
[CLASS] do3.p2
[CLASS] rj3.g
[CLASS] b9.h
[CLASS] fi4.w
[CLASS] aq4.d
[CLASS] [Lzl1.m2;
[CLASS] pb5.h0
[CLASS] zd5.a
[CLASS] vp4.v
[CLASS] fh.x1
[CLASS] b40.i
[CLASS] m15.i
[CLASS] ha0.z0
[CLASS] h25.u1
[CLASS] rj3.h
[CLASS] [La80.o6;
[CLASS] aq4.e
[CLASS] qk.e7
[CLASS] kt0.a0
[CLASS] zt0.n2
[CLASS] vp4.w
[CLASS] ha0.z1
[CLASS] sn4.er3
[CLASS] [Laz1.m2;
[CLASS] d15.f0
[CLASS] x7.g0
[CLASS] h25.u2
[CLASS] [Lvs.u1;
[CLASS] do3.p4
[CLASS] rj3.i
[CLASS] b35.j0
[CLASS] e24.x0
[CLASS] aq4.f
[CLASS] qk.e8
[CLASS] [Ln24.k0;
[CLASS] zt0.n3
[CLASS] vp4.x
[CLASS] ov2.a
[CLASS] sn4.xd0
[CLASS] mv0.u1
[CLASS] qg5.a
[CLASS] [Lgr4.c;
[CLASS] h25.u3
[CLASS] yj2.l1
[CLASS] lt1.d0
[CLASS] b9.k
[CLASS] aq4.g
[CLASS] qk.e9
[CLASS] [Lea0.b;
[CLASS] vp4.y
[CLASS] r93.d
[CLASS] w81.e2
[CLASS] o70.v0
[CLASS] kb0.u
[CLASS] qg5.b
[CLASS] h25.u4
[CLASS] x05.g0
[CLASS] rj3.k
[CLASS] r32.aa
[CLASS] b9.l
[CLASS] qi2.i
[CLASS] aq4.h
[CLASS] [Ly14.i2;
[CLASS] k70.f1
[CLASS] w71.f1
[CLASS] nu1.a
[CLASS] vp4.z
[CLASS] e90.z
[CLASS] h25.u5
[CLASS] bu2.i0
[CLASS] b50.e0
[CLASS] ph1.h
[CLASS] rj3.l
[CLASS] r32.ab
[CLASS] b9.m
[CLASS] aq4.i
[CLASS] oa5.p30
[CLASS] nu1.b
[CLASS] w71.f2
[CLASS] r5.a0
[CLASS] r93.f
[CLASS] bn2.na
[CLASS] h25.u6
[CLASS] k10.q
[CLASS] b9.n
[CLASS] r32.ac
[CLASS] ss.y
[CLASS] aq4.j
[CLASS] urgen.ur_0025.UR_0D6A
[CLASS] k60.g1
[CLASS] sb5.a0
[CLASS] [Ler.e4;
[CLASS] h25.u7
[CLASS] k10.r
[CLASS] qx1.o1
[CLASS] b9.o
[CLASS] r32.ad
[CLASS] ss.z
[CLASS] ds0.u2
[CLASS] aq4.k
[CLASS] r93.h
[CLASS] androidx.lifecycle.j0
[CLASS] fj0.f
[CLASS] [Lx70.i4;
[CLASS] cu.y0
[CLASS] ga0.c1
[CLASS] [Ltb4.d1;
[CLASS] vl.i
[CLASS] r32.ae
[CLASS] zd5.i
[CLASS] aq4.l
[CLASS] androidx.lifecycle.j1
[CLASS] wp4.a
[CLASS] oz.q0
[CLASS] fj0.g
[CLASS] [Ldo1.c;
[CLASS] x70.y3
[CLASS] b30.g0
[CLASS] vl.j
[CLASS] [Ler.e6;
[CLASS] q65.a
[CLASS] pr1.v2
[CLASS] r32.af
[CLASS] zd5.j
[CLASS] k40.i0
[CLASS] aq4.m
[CLASS] ib0.x0
[CLASS] x70.y4
[CLASS] urgen.ur_E2DE.UR_0C38
[CLASS] vl.k
[CLASS] fy2.f
[CLASS] ft2.z3
[CLASS] r32.ag
[CLASS] zd5.k
[CLASS] aq4.n
[CLASS] ib0.x1
[CLASS] an.l0
[CLASS] bt2.w
[CLASS] vl.l
[CLASS] fy2.g
[CLASS] [Lp80.d1;
[CLASS] p54.a
[CLASS] ft2.z4
[CLASS] urgen.ur_0025.UR_221A
[CLASS] ks2.n0
[CLASS] r32.ah
[CLASS] zd5.l
[CLASS] aq4.o
[CLASS] h95.a
[CLASS] [Let0.c0;
[CLASS] bt2.x
[CLASS] x30.i
[CLASS] fy2.h
[CLASS] ft2.z5
[CLASS] r32.ai
[CLASS] b23.n
[CLASS] zd5.m
[CLASS] aq4.p
[CLASS] [Lyv.j1;
[CLASS] qk.da
[CLASS] h95.b
[CLASS] t35.p6
[CLASS] [Lbr.h4;
[CLASS] [Ldo1.g;
[CLASS] x30.j
[CLASS] [Lwj4.n1;
[CLASS] r32.aj
[CLASS] com.huawei.easygo.sdk.EasyGo
[CLASS] t4.a
[CLASS] aq4.q
[CLASS] [Lkq0.p0;
[CLASS] h95.c
[CLASS] na.b0
[CLASS] com.catfish.newvip.core.SigCracker
[CLASS] x30.k
[CLASS] ea0.i3
[CLASS] r32.ak
[CLASS] aq4.r
[CLASS] t4.b
[CLASS] r93.o
[CLASS] w02.c
[CLASS] h95.d
[CLASS] x30.l
[CLASS] ea0.i4
[CLASS] [Ltv1.h;
[CLASS] [Lu70.f;
[CLASS] [Lzv.b;
[CLASS] wa2.j
[CLASS] b23.q
[CLASS] t4.c
[CLASS] i74.h0
[CLASS] urgen.ur_E2DE.UR_A9E8
[CLASS] nb5.a
[CLASS] r32.al
[CLASS] r93.p
[CLASS] ce0.a
[CLASS] nt2.f0
[CLASS] tm1.b
[CLASS] h95.e
[CLASS] urgen.ur_0025.UR_8D1A
[CLASS] aq4.s
[CLASS] [Le00.h;
[CLASS] aq4.t
[CLASS] t4.d
[CLASS] ce0.b
[CLASS] wa2.k
[CLASS] nb5.b
[CLASS] jc.b
[CLASS] w02.e
[CLASS] h95.f
[CLASS] urgen.ur_0025.UR_3B83
[CLASS] tm1.c
[CLASS] kp1.a
[CLASS] g42.e0
[CLASS] r32.c0
[CLASS] [Lzq.f1;
[CLASS] b23.s
[CLASS] aq4.u
[CLASS] ce0.c
[CLASS] jc.c
[CLASS] r93.r
[CLASS] tm1.d
[CLASS] c5.a
[CLASS] h95.g
[CLASS] ee5.a
[CLASS] kp1.b
[CLASS] r32.c1
[CLASS] aq4.v
[CLASS] b23.t
[CLASS] ce0.d
[CLASS] o60.m
[CLASS] fz0.i0
[CLASS] nb5.d
[CLASS] w02.g
[CLASS] c5.b
[CLASS] sn4.q87
[CLASS] [Lkt.h;
[CLASS] io.flutter.embedding.engine.loader.ResourceExtractor
[CLASS] ee5.b
[CLASS] kp1.c
[CLASS] r32.c2
[CLASS] aq4.w
[CLASS] gi4.m
[CLASS] ce0.e
[CLASS] [Lea0.u2;
[CLASS] nb5.e
[CLASS] o60.n
[CLASS] [Liw.b;
[CLASS] x13.j
[CLASS] tm1.f
[CLASS] qw.x0
[CLASS] [Lmy.m0;
[CLASS] sl0.d
[CLASS] w02.h
[CLASS] pu.a
[CLASS] androidx.core.widget.NestedScrollView
[CLASS] ee5.c
[CLASS] l10.b
[CLASS] by1.z0
[CLASS] n90.v0
[CLASS] aq4.x
[CLASS] gi4.n
[CLASS] ce0.f
[CLASS] [Lkq0.p7;
[CLASS] [Lea0.u3;
[CLASS] o60.o
[CLASS] tm1.g
[CLASS] sl0.e
[CLASS] h95.j
[CLASS] bn2.p2
[CLASS] io.flutter.plugin.common.MethodChannel$MethodCallHandler
[CLASS] lb0.i
[CLASS] vi0.i0
[CLASS] pu.b
[CLASS] fy2.q
[CLASS] g22.g0
[CLASS] ee5.d
[CLASS] l10.c
[CLASS] qi2.z
[CLASS] r32.c4
[CLASS] aq4.y
[CLASS] gi4.o
[CLASS] o60.p
[CLASS] [Liw.d;
[CLASS] tm1.h
[CLASS] [Lly.n0;
[CLASS] sl0.f
[CLASS] ve5.p0
[CLASS] lb0.j
[CLASS] ba3.h1
[CLASS] sn4.na2
[CLASS] ee5.e
[CLASS] l10.d
[CLASS] bh0.j0
[CLASS] aq4.z
[CLASS] gi4.p
[CLASS] g64.o1
[CLASS] o60.q
[CLASS] ve5.p1
[CLASS] sl0.g
[CLASS] c5.f
[CLASS] bn2.p4
[CLASS] h95.l
[CLASS] ar0.b
[CLASS] lb0.k
[CLASS] qy0.a
[CLASS] eo2.h0
[CLASS] l10.e
[CLASS] be5.p2
[CLASS] [Lkw4.g;
[CLASS] r32.c6
[CLASS] gi4.q
[CLASS] ke5.s0
[CLASS] vd5.q0
[CLASS] [Liw.f;
[CLASS] c5.g
[CLASS] ar0.c
[CLASS] qy0.b
[CLASS] [Lfq.y0;
[CLASS] jn.d0
[CLASS] fy2.t
[CLASS] pn4.pg
[CLASS] l10.f
[CLASS] gz.y0
[CLASS] r32.c7
[CLASS] gi4.r
[CLASS] sn4.ia
[CLASS] o60.s
[CLASS] r93.y
[CLASS] x13.o
[CLASS] bn2.p6
[CLASS] ar0.d
[CLASS] [Ldo1.s;
[CLASS] [Lfq.y1;
[CLASS] f90.q
[CLASS] r32.c8
[CLASS] gi4.s
[CLASS] qk.f0
[CLASS] ur4.a0
[CLASS] vd5.q2
[CLASS] o60.t
[CLASS] [Liw.h;
[CLASS] x13.p
[CLASS] bn2.p7
[CLASS] c40.e
[CLASS] ct2.i
[CLASS] sn4.gi4
[CLASS] qy0.d
[CLASS] aa1.a
[CLASS] [Lzv.m;
[CLASS] r32.c9
[CLASS] cq2.l3
[CLASS] ib3.p1
[CLASS] vd5.q3
[CLASS] o60.u
[CLASS] w80.z2
[CLASS] c5.j
[CLASS] bn2.p8
[CLASS] jm3.b
[CLASS] nj0.d0
[CLASS] qy0.e
[CLASS] f90.s
[CLASS] rj0.t0
[CLASS] aa1.b
[CLASS] eq4.r0
[CLASS] qh1.a
[CLASS] [Lba3.t0;
[CLASS] aq4.b0
[CLASS] w80.z3
[CLASS] nb3.c0
[CLASS] bn2.p9
[CLASS] m04.e
[CLASS] kn4.e
[CLASS] aa1.c
[CLASS] aq4.b1
[CLASS] iu.t1
[CLASS] fy2.v0
[CLASS] fi.a
[CLASS] kn4.f
[CLASS] m04.f
[CLASS] qy0.g
[CLASS] nj0.d2
[CLASS] aa1.d
[CLASS] f90.u
[CLASS] a44.g0
[CLASS] x35.e0
[CLASS] qk.f4
[CLASS] [Lzl1.n0;
[CLASS] c5.m
[CLASS] kk2.v3
[CLASS] m04.g
[CLASS] fi.b
[CLASS] z90.r1
[CLASS] sn4.es0
[CLASS] qy0.h
[CLASS] nj0.d3
[CLASS] aa1.e
[CLASS] nk.gm
[CLASS] qk.f5
[CLASS] q45.w1
[CLASS] wh.g
[CLASS] c5.n
[CLASS] o90.u0
[CLASS] kn4.h
[CLASS] fi.c
[CLASS] z90.r2
[CLASS] qy0.i
[CLASS] f90.w
[CLASS] h25.v0
[CLASS] do3.q2
[CLASS] wu.g0
[CLASS] [La80.p5;
[CLASS] qh1.e
[CLASS] q35.x0
[CLASS] wh.h
[CLASS] fh.y1
[CLASS] pv2.a
[CLASS] c5.o
[CLASS] [Lp32.u4;
[CLASS] kn4.i
[CLASS] [Lur4.m0;
[CLASS] rg5.a
[CLASS] qy0.j
[CLASS] h25.v1
[CLASS] n71.d0
[CLASS] kt0.b0
[CLASS] qk.f7
[CLASS] zt0.o2
[CLASS] [Liw.o;
[CLASS] [Lid3.h;
[CLASS] c5.p
[CLASS] zg1.g0
[CLASS] kn4.j
[CLASS] fi.e
[CLASS] rg5.b
[CLASS] qy0.k
[CLASS] urgen.ur_0025.UR_86B0
[CLASS] cc3.l
[CLASS] h25.v2
[CLASS] do3.q4
[CLASS] x7.h0
[CLASS] e24.y0
[CLASS] b35.k0
[CLASS] sn4.lk5
[CLASS] wh.j
[CLASS] c5.q
[CLASS] mv0.v1
[CLASS] kn4.k
[CLASS] he5.b0
[CLASS] [Lxy.n;
[CLASS] cc3.m
[CLASS] h25.v3
[CLASS] lt1.e0
[CLASS] un4.e1
[CLASS] qk.f9
[CLASS] sn4.ik
[CLASS] wh.k
[CLASS] [Lid3.j;
[CLASS] c5.r
[CLASS] s5.a0
[CLASS] fi.g
[CLASS] kn4.l
[CLASS] qy0.m
[CLASS] cc3.n
[CLASS] h25.v4
[CLASS] ee5.r
[CLASS] r32.ba
[CLASS] dl.a
[CLASS] u14.j0
[CLASS] fi.h
[CLASS] gj0.e
[CLASS] y14.t1$$a
[CLASS] eu.x1
[CLASS] cc3.o
[CLASS] h25.v5
[CLASS] b50.f0
[CLASS] bu2.j0
[CLASS] ee5.s
[CLASS] r32.bb
[CLASS] dl.b
[CLASS] [Lid3.l;
[CLASS] r5.b0
[CLASS] c5.t
[CLASS] [Lbx0.g8;
[CLASS] fi.i
[CLASS] urgen.ur_54A4.UR_75CF
[CLASS] [Lxy.q;
[CLASS] [Ldr.g1;
[CLASS] h25.v6
[CLASS] ee5.t
[CLASS] ri2.m
[CLASS] r32.bc
[CLASS] sn4.in
[CLASS] dl.c
[CLASS] k60.h1
[CLASS] hi4.b
[CLASS] c5.u
[CLASS] xp4.a
[CLASS] sn.a
[CLASS] h25.v7
[CLASS] xr1.h
[CLASS] ee5.u
[CLASS] ds0.v2
[CLASS] r32.bd
[CLASS] dl.d
[CLASS] hi4.c
[CLASS] androidx.lifecycle.k0
[CLASS] c5.v
[CLASS] sn4.qm4
[CLASS] fi.k
[CLASS] n15.r
[CLASS] [Lxy.s;
[CLASS] cc3.r
[CLASS] [Ler.f5;
[CLASS] ee5.v
[CLASS] r32.be
[CLASS] is0.i1
[CLASS] hi4.d
[CLASS] androidx.lifecycle.k1
[CLASS] c5.w
[CLASS] oz.r0
[CLASS] fi.l
[CLASS] x70.z3
[CLASS] [Lfp2.g;
[CLASS] b30.h0
[CLASS] cc3.s
[CLASS] ga0.d2
[CLASS] [Leo1.e;
[CLASS] pr1.w2
[CLASS] r32.bf
[CLASS] xr1.j
[CLASS] k40.j0
[CLASS] ee5.w
[CLASS] qy0.r
[CLASS] xf1.n1
[CLASS] i95.a
[CLASS] x70.z4
[CLASS] ij3.i0
[CLASS] [Lg.h;
[CLASS] y30.i
[CLASS] cc3.t
[CLASS] sn4.x10
[CLASS] r32.bg
[CLASS] ib0.y1
[CLASS] hi4.f
[CLASS] an.m0
[CLASS] nt0.g
[CLASS] [Lzl4.r;
[CLASS] gy2.i
[CLASS] bf3.d0
[CLASS] ef1.a
[CLASS] [Lpl.m0;
[CLASS] hi4.g
[CLASS] nt0.h
[CLASS] fi.o
[CLASS] uk.m
[CLASS] gy2.j
[CLASS] [Llj.e1;
[CLASS] r32.bi
[CLASS] qk.ea
[CLASS] hi4.h
[CLASS] [Lk60.t1;
[CLASS] qy0.v
[CLASS] [Ljs.b;
[CLASS] y30.l
[CLASS] uk.n
[CLASS] gy2.k
[CLASS] [Lv70.f;
[CLASS] r32.bj
[CLASS] nt0.j
[CLASS] y13.f
[CLASS] wk.a0
[CLASS] [Lbr.i5;
[CLASS] na.c0
[CLASS] [Lnj4.f;
[CLASS] ea0.j3
[CLASS] gy2.l
[CLASS] r32.bk
[CLASS] qk.ec
[CLASS] kf3.g1
[CLASS] tl0.a
[CLASS] y13.g
[CLASS] g73.b
[CLASS] qy0.x
[CLASS] [Ljs.d;
[CLASS] lp1.a
[CLASS] r32.bl
[CLASS] i74.i0
[CLASS] [Lyu.b;
[CLASS] [Lb30.t0;
[CLASS] ri2.v
[CLASS] ef1.e
[CLASS] tl0.b
[CLASS] y13.h
[CLASS] lp1.b
[CLASS] androidx.window.embedding.SplitPairFilter
[CLASS] um1.e
[CLASS] tl0.c
[CLASS] io.flutter.embedding.engine.systemchannels.SpellCheckChannel
[CLASS] [Lgz.x;
[CLASS] g42.f0
[CLASS] q63.j0
[CLASS] q71.p
[CLASS] p60.n
[CLASS] tl0.d
[CLASS] [Lnm.t;
[CLASS] g73.e
[CLASS] [Ljs.g;
[CLASS] r32.d1
[CLASS] hi4.n
[CLASS] p60.o
[CLASS] q71.q
[CLASS] tl0.e
[CLASS] am1.o0
[CLASS] g73.f
[CLASS] g90.m
[CLASS] p00.a0
[CLASS] r32.d2
[CLASS] [Lna2.i0;
[CLASS] [Lyu.f;
[CLASS] uk4.a
[CLASS] hi4.o
[CLASS] tl0.f
[CLASS] qw.y0
[CLASS] g73.g
[CLASS] androidx.work.impl.WorkDatabase
[CLASS] g90.n
[CLASS] xh4.d0
[CLASS] r32.d3
[CLASS] n90.w0
[CLASS] hi4.p
[CLASS] pp.k0
[CLASS] na4.f
[CLASS] p60.q
[CLASS] tl0.g
[CLASS] bn2.q2
[CLASS] vi0.j0
[CLASS] o15.b
[CLASS] ot.b
[CLASS] g22.h0
[CLASS] g90.o
[CLASS] r32.d4
[CLASS] [Lyu.h;
[CLASS] [Liw.f2;
[CLASS] na4.g
[CLASS] [Lkx0.l;
[CLASS] y13.n
[CLASS] tl0.h
[CLASS] io.flutter.embedding.engine.FlutterEngineConnectionRegistry
[CLASS] [Lvh0.u;
[CLASS] ln4.a
[CLASS] o15.c
[CLASS] ba3.i1
[CLASS] ot.c
[CLASS] g90.p
[CLASS] m10.f
[CLASS] r32.d5
[CLASS] g64.p1
[CLASS] p32.j1
[CLASS] bn2.q4
[CLASS] tl0.i
[CLASS] o15.d
[CLASS] ln4.b
[CLASS] ot.d
[CLASS] g90.q
[CLASS] hz3.w
[CLASS] c54.a0
[CLASS] be5.q2
[CLASS] r32.d6
[CLASS] [Lyu.j;
[CLASS] ke5.t0
[CLASS] vd5.r0
[CLASS] fh.q0$$b
[CLASS] eg5.h0
[CLASS] d40.e
[CLASS] [Ln74.h0;
[CLASS] km3.a
[CLASS] o15.e
[CLASS] [Lfq.z0;
[CLASS] jn.e0
[CLASS] pn4.qg
[CLASS] g90.r
[CLASS] [Lv83.g2;
[CLASS] hz3.x
[CLASS] gz.z0
[CLASS] r32.d7
[CLASS] io.flutter.embedding.engine.loader.ResourceExtractor$1
[CLASS] cq4.a
[CLASS] fg2.p
[CLASS] bn2.q6
[CLASS] d40.f
[CLASS] ty0.a0
[CLASS] zd0.a
[CLASS] [Lfq.z1;
[CLASS] zl1.c2
[CLASS] hz3.y
[CLASS] r32.d8
[CLASS] [Lyu.l;
[CLASS] cq2.m2
[CLASS] sn4.jb
[CLASS] cq4.b
[CLASS] hi4.u
[CLASS] ur4.b0
[CLASS] az1.c1
[CLASS] qk.g0
[CLASS] bn2.q7
[CLASS] [Ls20.f;
[CLASS] k0.f0
[CLASS] r32.d9
[CLASS] mp.n0
[CLASS] ib3.q1
[CLASS] hi4.v
[CLASS] az1.c2
[CLASS] sn4.sd0
[CLASS] bn2.q8
[CLASS] androidx.fragment.app.FragmentManager
[CLASS] [La80.b;
[CLASS] nj0.e0
[CLASS] aq4.c0
[CLASS] n24.a0
[CLASS] hi4.w
[CLASS] ee5.j0
[CLASS] bn2.q9
[CLASS] [Lp32.v0;
[CLASS] [Lkg.o0;
[CLASS] iu.u1
[CLASS] [Lju2.j;
[CLASS] [Lj50.f;
[CLASS] urgen.ur_C563.URS_E554
[CLASS] hi4.x
[CLASS] urgen.ur_0025.UR_0BB0
[CLASS] [La80.d;
[CLASS] nc1.u
[CLASS] o15.j
[CLASS] nj0.e2
[CLASS] ot.j
[CLASS] [Lsa3.i;
[CLASS] dc3.j
[CLASS] sn4.b46
[CLASS] x35.f0
[CLASS] qk.g4
[CLASS] hi4.y
[CLASS] qv2.a
[CLASS] [Lsr2.n;
[CLASS] z90.s1
[CLASS] o15.k
[CLASS] nj0.e3
[CLASS] sg5.a
[CLASS] ot.k
[CLASS] dc3.k
[CLASS] [La80.q4;
[CLASS] qk.g5
[CLASS] mw.e
[CLASS] [Lml.b;
[CLASS] o90.v0
[CLASS] [La80.f;
[CLASS] o15.l
[CLASS] ji.b0
[CLASS] ot.l
[CLASS] h25.w0
[CLASS] wu.h0
[CLASS] do3.r2
[CLASS] sn4.ll3
[CLASS] q35.y0
[CLASS] ef1.u
[CLASS] sn4.et2
[CLASS] o15.m
[CLASS] h25.w1
[CLASS] [Lte4.c0;
[CLASS] hy2.a
[CLASS] kt0.c0
[CLASS] ef1.v
[CLASS] zt0.p2
[CLASS] [Lo70.h0;
[CLASS] pu1.b
[CLASS] zg1.h0
[CLASS] [La80.h;
[CLASS] ry0.m
[CLASS] x7.i0
[CLASS] h25.w2
[CLASS] dc3.n
[CLASS] do3.r4
[CLASS] zs2.g
[CLASS] hy2.b
[CLASS] b35.l0
[CLASS] e24.z0
[CLASS] rh1.i
[CLASS] ef1.w
[CLASS] [Lc85.f;
[CLASS] ob5.u
[CLASS] ry0.n
[CLASS] h25.w3
[CLASS] zs2.h
[CLASS] hy2.c
[CLASS] lt1.f0
[CLASS] rh1.j
[CLASS] kz.b
[CLASS] sn4.jk
[CLASS] o70.x0
[CLASS] org.chromium.net.httpflags.BaseFeatureOverrides$FeatureStateOrBuilder
[CLASS] sn4.et5
[CLASS] [La80.j;
[CLASS] [Lgp2.d;
[CLASS] h25.w4
[CLASS] zs2.i
[CLASS] yr1.g
[CLASS] hy2.d
[CLASS] r32.ca
[CLASS] rh1.k
[CLASS] sn4.jl
[CLASS] urgen.ur_C563.URS_916D
[CLASS] e34.l
[CLASS] kz.c
[CLASS] w71.h1
[CLASS] [Lbx0.h7;
[CLASS] qv2.g
[CLASS] yp4.a
[CLASS] io.flutter.embedding.engine.dart.DartMessenger$TaskQueueToken
[CLASS] eu.y1
[CLASS] ry0.p
[CLASS] h25.w5
[CLASS] b50.g0
[CLASS] bu2.k0
[CLASS] r32.cb
[CLASS] kz.d
[CLASS] e34.m
[CLASS] ck.b
[CLASS] jj5.e
[CLASS] pu1.f
[CLASS] qv2.h
[CLASS] yp4.b
[CLASS] du.z0
[CLASS] [La80.l;
[CLASS] hj0.h
[CLASS] c.t.m.sapp.c.e$a
[CLASS] h25.w6
[CLASS] r32.cc
[CLASS] kz.e
[CLASS] e34.n
[CLASS] k60.i1
[CLASS] ck.c
[CLASS] qv2.i
[CLASS] [Llf5.s;
[CLASS] hj0.i
[CLASS] ry0.r
[CLASS] h25.w7
[CLASS] io.flutter.util.PathUtils
[CLASS] ds0.w2
[CLASS] [Lfy.n;
[CLASS] r32.cd
[CLASS] e34.o
[CLASS] ck.d
[CLASS] jj5.g
[CLASS] yp4.d
[CLASS] [Lx70.k4;
[CLASS] [La80.n;
[CLASS] ry0.s
[CLASS] m30.f1
[CLASS] z30.i
[CLASS] r32.ce
[CLASS] org.chromium.net.impl.CronetLibraryLoader$2
[CLASS] is0.j1
[CLASS] e34.p
[CLASS] jj5.h
[CLASS] androidx.lifecycle.l1
[CLASS] pu1.i
[CLASS] oz.s0
[CLASS] yp4.e
[CLASS] j95.b
[CLASS] [Lzk3.p;
[CLASS] b30.i0
[CLASS] qx1.q3
[CLASS] z30.j
[CLASS] pr1.x2
[CLASS] r32.cf
[CLASS] [Lfy.p;
[CLASS] du1.a0
[CLASS] ck.f
[CLASS] jj5.i
[CLASS] com.catfish.newvip.util.NativeHelper
[CLASS] [Lzq.c;
[CLASS] [Lg00.f;
[CLASS] z30.k
[CLASS] r32.cg
[CLASS] e34.r
[CLASS] an.n0
[CLASS] org.chromium.net.NetworkChangeNotifierJni
[CLASS] pu1.k
[CLASS] vm1.a
[CLASS] yp4.g
[CLASS] [Lp80.f1;
[CLASS] z30.l
[CLASS] c0.a
[CLASS] bt2.l4
[CLASS] c73.t0
[CLASS] bf3.e0
[CLASS] [Lfy.r;
[CLASS] r32.ch
[CLASS] ps4.e
[CLASS] ck.h
[CLASS] ii4.i
[CLASS] an.n1
[CLASS] ie1.c0
[CLASS] pb5.a
[CLASS] pu1.l
[CLASS] qv2.n
[CLASS] [Lzq.e;
[CLASS] vm1.b
[CLASS] yp4.h
[CLASS] j95.e
[CLASS] gv4.c
[CLASS] o15.x
[CLASS] hk.p0
[CLASS] jj5.k
[CLASS] androidx.appcompat.widget.Toolbar
[CLASS] an.b
[CLASS] z30.m
[CLASS] [Lwz4.a0;
[CLASS] c0.b
[CLASS] r32.ci
[CLASS] ps4.f
[CLASS] [Lko.h;
[CLASS] qk.fa
[CLASS] pu1.m
[CLASS] [Lel3.b;
[CLASS] yp4.i
[CLASS] qv2.o
[CLASS] gv4.d
[CLASS] o15.y
[CLASS] an.c
[CLASS] r32.cj
[CLASS] mp1.a
[CLASS] ps4.g
[CLASS] qk.fb
[CLASS] ii4.k
[CLASS] q60.l
[CLASS] pw4.k0
[CLASS] qv2.p
[CLASS] ul0.b
[CLASS] yu2.d2
[CLASS] j95.g
[CLASS] na.d0
[CLASS] wk.b0
[CLASS] [Lpr0.d0;
[CLASS] yp4.j
[CLASS] ea0.k3
[CLASS] an.d
[CLASS] ge5.a
[CLASS] r32.ck
[CLASS] mp1.b
[CLASS] ps4.h
[CLASS] qk.fc
[CLASS] ck.k
[CLASS] ii4.l
[CLASS] q60.m
[CLASS] ul0.c
[CLASS] yp4.k
[CLASS] j95.h
[CLASS] an.e
[CLASS] ge5.b
[CLASS] r32.cl
[CLASS] n10.a
[CLASS] i74.j0
[CLASS] sa0.a0
[CLASS] ii4.m
[CLASS] [Lel3.e;
[CLASS] q60.n
[CLASS] ha.a
[CLASS] ul0.d
[CLASS] yp4.l
[CLASS] j95.i
[CLASS] fu3.e
[CLASS] ge5.c
[CLASS] n10.b
[CLASS] [Lxt.c;
[CLASS] e34.x
[CLASS] ee0.f
[CLASS] q60.o
[CLASS] ul0.e
[CLASS] j95.j
[CLASS] fq.a0
[CLASS] ge5.d
[CLASS] [Lbh4.y;
[CLASS] p10.a0
[CLASS] r32.e0
[CLASS] ps4.k
[CLASS] ta1.d0
[CLASS] ee0.g
[CLASS] [Lel3.g;
[CLASS] q60.p
[CLASS] ul0.f
[CLASS] [Llx0.j;
[CLASS] [Lyj2.w;
[CLASS] fq.a1
[CLASS] [Lyu2.p0;
[CLASS] ge5.e
[CLASS] h90.n
[CLASS] r32.e1
[CLASS] ee0.h
[CLASS] fz0.k0
[CLASS] pb5.h
[CLASS] q60.q
[CLASS] ul0.g
[CLASS] [Lsq1.c;
[CLASS] fq.a2
[CLASS] n23.v0
[CLASS] ge5.f
[CLASS] h90.o
[CLASS] p00.b0
[CLASS] r32.e2
[CLASS] uj3.a
[CLASS] sn4.ia6
[CLASS] jj5.s
[CLASS] qw.z0
[CLASS] qe3.r
[CLASS] sy0.b
[CLASS] ge5.g
[CLASS] h90.p
[CLASS] n90.x0
[CLASS] [Lea0.w3;
[CLASS] [Lkq0.r7;
[CLASS] qv2.w
[CLASS] [Llx0.m;
[CLASS] o04.b
[CLASS] qe3.s
[CLASS] sy0.c
[CLASS] g22.i0
[CLASS] ct0.f2$$a
[CLASS] h90.q
[CLASS] ge5.h
[CLASS] r32.e4
[CLASS] be5.r0
[CLASS] androidx.appcompat.widget.ActionBarOverlayLayout
[CLASS] ve5.r0
[CLASS] pb5.k
[CLASS] qv2.x
[CLASS] ba3.j1
[CLASS] qe3.t
[CLASS] o04.c
[CLASS] sy0.d
[CLASS] ct0.f2$$b
[CLASS] fd4.g
[CLASS] h90.r
[CLASS] ge5.i
[CLASS] [Loi4.m0;
[CLASS] p32.k1
[CLASS] dq4.a
[CLASS] ve5.r1
[CLASS] [Lbi0.f;
[CLASS] qv2.y
[CLASS] bn2.r4
[CLASS] e40.f
[CLASS] qe3.u
[CLASS] [Lir.l;
[CLASS] sy0.e
[CLASS] fd4.h
[CLASS] ge5.j
[CLASS] r32.e6
[CLASS] be5.r2
[CLASS] p32.k2
[CLASS] ke5.u0
[CLASS] vd5.s0
[CLASS] pb5.m
[CLASS] eg5.i0
[CLASS] qv2.z
[CLASS] [Lhj.j5;
[CLASS] qe3.v
[CLASS] jn.f0
[CLASS] pn4.rg
[CLASS] fd4.i
[CLASS] h90.t
[CLASS] r32.e7
[CLASS] ge5.k
[CLASS] pp.l
[CLASS] [Lb74.z;
[CLASS] pb5.n
[CLASS] bn2.r6
[CLASS] io.flutter.embedding.engine.plugins.activity.ActivityControlSurface
[CLASS] ty0.b0
[CLASS] lm3.d
[CLASS] qe3.w
[CLASS] hp1.a$$a
[CLASS] [Loj4.s;
[CLASS] zl1.d2
[CLASS] an.o
[CLASS] h90.u
[CLASS] r32.e8
[CLASS] q23.o0
[CLASS] ge5.l
[CLASS] qk.h0
[CLASS] pp.m
[CLASS] dq4.d
[CLASS] tq3.a0
[CLASS] ur4.c0
[CLASS] az1.d1
[CLASS] te5.x0
[CLASS] lm3.e
[CLASS] k0.g0
[CLASS] an.p
[CLASS] ge5.m
[CLASS] r32.e9
[CLASS] cq2.n3
[CLASS] dq4.e
[CLASS] az1.d2
[CLASS] bn2.r8
[CLASS] lm3.f
[CLASS] nj0.f0
[CLASS] aq4.d0
[CLASS] n24.b0
[CLASS] an.q
[CLASS] ec3.j
[CLASS] zr1.a
[CLASS] do1.a$$a
[CLASS] iu.v0
[CLASS] qk.h2
[CLASS] pp.o
[CLASS] rv2.a
[CLASS] lm3.g
[CLASS] nj0.f1
[CLASS] hp1.a$$d
[CLASS] tg5.a
[CLASS] an.r
[CLASS] [Lub4.l;
[CLASS] h70.p0
[CLASS] gf0.a0
[CLASS] iu.v1
[CLASS] kv0.b0
[CLASS] uj3.j
[CLASS] an1.a
[CLASS] fy2.x0
[CLASS] ee5.k1
[CLASS] nj0.f2
[CLASS] [Lvx0.i0;
[CLASS] an.s
[CLASS] ec3.l
[CLASS] ij0.b
[CLASS] x35.g0
[CLASS] qk.h4
[CLASS] uj3.k
[CLASS] an1.b
[CLASS] [Lha0.c;
[CLASS] qu1.a
[CLASS] [Lp32.w2;
[CLASS] lv.d
[CLASS] z90.t1
[CLASS] hg5.b0
[CLASS] nj0.f3
[CLASS] urgen.ur_0025.UR_C9AC
[CLASS] an.t
[CLASS] qk.h5
[CLASS] an1.c
[CLASS] [Ld90.j0;
[CLASS] kj5.a
[CLASS] ss.a0
[CLASS] io.flutter.embedding.engine.loader.FlutterLoader$$a
[CLASS] h25.x0
[CLASS] wu.i0
[CLASS] do3.s2
[CLASS] an.u
[CLASS] zr1.e
[CLASS] [La80.r5;
[CLASS] ca1.j
[CLASS] [Lzl1.p2;
[CLASS] kj5.b
[CLASS] qu1.c
[CLASS] rv2.e
[CLASS] io.flutter.embedding.engine.loader.FlutterLoader$$b
[CLASS] h25.x1
[CLASS] n71.f0
[CLASS] io.flutter.view.VsyncWaiter$DisplayListener
[CLASS] kt0.d0
[CLASS] kj5.c
[CLASS] rv2.f
[CLASS] zg1.i0
[CLASS] io.flutter.embedding.engine.loader.FlutterLoader$$c
[CLASS] [Laz1.p2;
[CLASS] x7.j0
[CLASS] h25.x2
[CLASS] do3.s4
[CLASS] b35.m0
[CLASS] pp.u
[CLASS] e23.j
[CLASS] p44.v6
[CLASS] kj5.d
[CLASS] h25.x3
[CLASS] an.x
[CLASS] lt1.g0
[CLASS] qk.h9
[CLASS] pp.v
[CLASS] e23.k
[CLASS] kj5.e
[CLASS] o70.y0
[CLASS] [Lb80.l;
[CLASS] com.tyun.yz.Dialog.XYBorder
[CLASS] h25.x4
[CLASS] [Lir.x;
[CLASS] an.y
[CLASS] zr1.i
[CLASS] r32.da
[CLASS] org.chromium.base.ObserverList$RewindableIterator
[CLASS] ca1.n
[CLASS] pp.w
[CLASS] [Ly14.l2;
[CLASS] e23.l
[CLASS] w71.i1
[CLASS] kj5.f
[CLASS] eu.z1
[CLASS] h25.x5
[CLASS] b50.h0
[CLASS] bu2.l0
[CLASS] al4.b
[CLASS] ca1.o
[CLASS] [Lx70.b;
[CLASS] an.z
[CLASS] r32.db
[CLASS] pp.x
[CLASS] w71.i2
[CLASS] ji4.e
[CLASS] [Lel3.z;
[CLASS] sn4.qo2
[CLASS] hg2.a
[CLASS] r60.f
[CLASS] kj5.g
[CLASS] k95.a
[CLASS] [Lb80.n;
[CLASS] h25.x6
[CLASS] al4.c
[CLASS] x05.j2
[CLASS] r32.dc
[CLASS] j14.o0
[CLASS] k60.j1
[CLASS] [Lxj1.x0;
[CLASS] pp.y
[CLASS] kj5.h
[CLASS] k95.b
[CLASS] [Ltb4.g0;
[CLASS] [Ler.h4;
[CLASS] h25.x7
[CLASS] kq0.g0
[CLASS] al4.d
[CLASS] [Lx70.d;
[CLASS] r32.dd
[CLASS] pp.z
[CLASS] kj5.i
[CLASS] uh2.a2
[CLASS] ga0.f1
[CLASS] [Ltb4.g1;
[CLASS] [Lb80.p;
[CLASS] r32.de
[CLASS] is0.k1
[CLASS] kj5.j
[CLASS] androidx.lifecycle.m1
[CLASS] oz.t0
[CLASS] uh2.a3
[CLASS] b30.j0
[CLASS] qx1.r3
[CLASS] pr1.y2
[CLASS] [Lx70.f;
[CLASS] r32.df
[CLASS] sn4.jw4
[CLASS] du1.b0
[CLASS] [Lwv1.i;
[CLASS] r32.dg
[CLASS] jy.i
[CLASS] an.o0
[CLASS] kj5.l
[CLASS] sn4.s17
[CLASS] vl0.a
[CLASS] i73.b
[CLASS] c73.u0
[CLASS] [Lx70.h;
[CLASS] bf3.f0
[CLASS] np1.a
[CLASS] jy.j
[CLASS] cs0.a0
[CLASS] an.o1
[CLASS] kj5.m
[CLASS] hv4.e
[CLASS] j84.e
[CLASS] [Lb80.t;
[CLASS] ft2.a
[CLASS] c73.u1
[CLASS] r32.di
[CLASS] np1.b
[CLASS] jy.k
[CLASS] qk.ga
[CLASS] kj5.n
[CLASS] mz.v0
[CLASS] [Lk60.v1;
[CLASS] [Lbr.k4;
[CLASS] vl0.c
[CLASS] j84.f
[CLASS] hv4.f
[CLASS] al4.j
[CLASS] [Lx70.j;
[CLASS] jy.l
[CLASS] np1.c
[CLASS] qk.gb
[CLASS] kj5.o
[CLASS] wk.c0
[CLASS] vl0.d
[CLASS] [Lny1.j;
[CLASS] na.e0
[CLASS] hv4.g
[CLASS] j84.g
[CLASS] urgen.ur_54A4.UR_851F
[CLASS] al4.k
[CLASS] r32.dk
[CLASS] qs4.j
[CLASS] np1.d
[CLASS] qk.gc
[CLASS] e23.v
[CLASS] bj.k
[CLASS] j84.h
[CLASS] dv.g1
[CLASS] kq0.g8
[CLASS] al4.l
[CLASS] i74.k0
[CLASS] qs4.k
[CLASS] kf3.i2
[CLASS] vl0.f
[CLASS] [Lny1.l;
[CLASS] ft2.e
[CLASS] [Lh00.n;
[CLASS] al4.m
[CLASS] [Lx70.m;
[CLASS] i90.n
[CLASS] [Lws.c;
[CLASS] vl0.g
[CLASS] gu3.h
[CLASS] fq.b0
[CLASS] ty0.a
[CLASS] i90.o
[CLASS] r32.f0
[CLASS] oo.e
[CLASS] vl0.h
[CLASS] fq.b1
[CLASS] ty0.b
[CLASS] [Lx70.o;
[CLASS] pq2.f1
[CLASS] p21.h
[CLASS] i90.p
[CLASS] oo.f
[CLASS] fz0.l0
[CLASS] vl0.i
[CLASS] fq.b2
[CLASS] n23.w0
[CLASS] [Lcx2.b;
[CLASS] i90.q
[CLASS] p21.i
[CLASS] [Lea0.x2;
[CLASS] bj.p
[CLASS] [Lmy.p0;
[CLASS] ft2.i
[CLASS] mm3.a
[CLASS] al4.q
[CLASS] ty0.d
[CLASS] da1.a
[CLASS] i90.r
[CLASS] n90.y0
[CLASS] r32.f3
[CLASS] he5.i
[CLASS] pp.m0
[CLASS] eq4.a
[CLASS] fe0.l
[CLASS] vi0.l0
[CLASS] f40.f
[CLASS] ba3.k0
[CLASS] [Lcx2.d;
[CLASS] al4.r
[CLASS] [Lvb4.g;
[CLASS] r32.f4
[CLASS] [Lwc5.i;
[CLASS] o10.i
[CLASS] i90.s
[CLASS] [Llu2.g;
[CLASS] an1.y
[CLASS] be5.s0
[CLASS] fe0.m
[CLASS] ve5.s0
[CLASS] [Lly.q0;
[CLASS] vl0.l
[CLASS] [Lft.d;
[CLASS] [Lkf3.u2;
[CLASS] ba3.k1
[CLASS] f40.g
[CLASS] mm3.c
[CLASS] urgen.ur_54A4.UR_42C7
[CLASS] vb.e
[CLASS] al4.s
[CLASS] ty0.f
[CLASS] w63.a$$a
[CLASS] da1.c
[CLASS] gd4.i
[CLASS] r32.f5
[CLASS] o10.j
[CLASS] i90.t
[CLASS] p32.l1
[CLASS] an1.z
[CLASS] gu3.m
[CLASS] ve5.s1
[CLASS] be5.s1
[CLASS] bn2.s4
[CLASS] [Lld3.d;
[CLASS] g22.j0
[CLASS] f40.h
[CLASS] zl1.e0
[CLASS] al4.t
[CLASS] ty0.g
[CLASS] gd4.j
[CLASS] i90.u
[CLASS] r32.f6
[CLASS] be5.s2
[CLASS] o10.k
[CLASS] p32.l2
[CLASS] vd5.t0
[CLASS] eq4.d
[CLASS] [Lpq2.r0;
[CLASS] eg5.j0
[CLASS] bn2.s5
[CLASS] i73.o
[CLASS] ft2.m
[CLASS] jn.g0
[CLASS] pn4.sg
[CLASS] ty0.h
[CLASS] al4.u
[CLASS] gd4.k
[CLASS] i90.v
[CLASS] [Lwc5.l;
[CLASS] [Lib3.c1;
[CLASS] o10.l
[CLASS] r32.f7
[CLASS] sn4.b61
[CLASS] eq4.e
[CLASS] f40.j
[CLASS] i73.p
[CLASS] zl1.e2
[CLASS] al4.v
[CLASS] ty0.i
[CLASS] gd4.l
[CLASS] r32.f8
[CLASS] qk.i0
[CLASS] tq3.b0
[CLASS] ur4.d0
[CLASS] urgen.ur_0025.UR_2C0D
[CLASS] bn2.s7
[CLASS] te5.y0
[CLASS] sv2.a
[CLASS] [Lft.h;
[CLASS] f40.k
[CLASS] ty0.j
[CLASS] gd4.m
[CLASS] r32.f9
[CLASS] p12.n1
[CLASS] qk.i1
[CLASS] urgen.ur_0025.UR_70B0
[CLASS] eq4.g
[CLASS] bn2.s8
[CLASS] sv2.b
[CLASS] ku.a
[CLASS] f40.l
[CLASS] i73.r
[CLASS] nj0.g0
[CLASS] androidx.work.Worker
[CLASS] aq4.e0
[CLASS] ty0.k
[CLASS] n24.c0
[CLASS] gd4.n
[CLASS] iu.w0
[CLASS] [Lba3.w0;
[CLASS] j42.a4
[CLASS] eq4.h
[CLASS] bn1.b
[CLASS] ee5.l0
[CLASS] bn2.s9
[CLASS] ru1.a
[CLASS] sv2.c
[CLASS] com.tyun.yz.ActivityManager
[CLASS] nj0.g1
[CLASS] tf4.a
[CLASS] sn4.n00
[CLASS] iu.w1
[CLASS] gf0.b0
[CLASS] qk.i3
[CLASS] kv0.c0
[CLASS] [Lws.o;
[CLASS] bn1.c
[CLASS] eq4.i
[CLASS] ru1.b
[CLASS] sv2.d
[CLASS] i73.t
[CLASS] urgen.ur_0025.UR_6694
[CLASS] nj0.g2
[CLASS] tf4.b
[CLASS] ty0.m
[CLASS] [Lhq.r;
[CLASS] x35.h0
[CLASS] qk.i4
[CLASS] [Ll50.k;
[CLASS] bn1.d
[CLASS] p34.x0
[CLASS] sv2.e
[CLASS] z90.u1
[CLASS] i73.u
[CLASS] hg5.c0
[CLASS] nj0.g3
[CLASS] tf4.c
[CLASS] ty0.n
[CLASS] da1.k
[CLASS] [La80.s4;
[CLASS] th1.j
[CLASS] [Lsn3.h;
[CLASS] eq4.k
[CLASS] ki4.a
[CLASS] sv2.f
[CLASS] ss.b0
[CLASS] z90.u2
[CLASS] sf5.a1
[CLASS] h25.y0
[CLASS] org.chromium.base.BuildInfo$Holder
[CLASS] do3.t2
[CLASS] wu.j0
[CLASS] da1.l
[CLASS] tn3.e0
[CLASS] tf4.d
[CLASS] [Lhq.t;
[CLASS] ty0.o
[CLASS] eq4.l
[CLASS] th1.k
[CLASS] pb5.l0
[CLASS] [Lp32.x4;
[CLASS] bn1.f
[CLASS] io.flutter.embedding.engine.plugins.service.ServiceAware
[CLASS] f40.q
[CLASS] h25.y1
[CLASS] tf4.e
[CLASS] jp.s0
[CLASS] n71.g0
[CLASS] bn1.g
[CLASS] zg1.j0
[CLASS] io.flutter.plugin.common.MessageCodec
[CLASS] f40.r
[CLASS] ft2.v
[CLASS] vl3.a2
[CLASS] x7.k0
[CLASS] h25.y2
[CLASS] tf4.f
[CLASS] do3.t4
[CLASS] [Ltx0.p0;
[CLASS] [Lhq.v;
[CLASS] ty0.q
[CLASS] b35.n0
[CLASS] [Ll50.o;
[CLASS] eq4.n
[CLASS] bn1.h
[CLASS] mv0.y1
[CLASS] [Lee5.x0;
[CLASS] f40.s
[CLASS] h25.y3
[CLASS] ty0.r
[CLASS] b35.n1
[CLASS] tf4.g
[CLASS] lt1.h0
[CLASS] [Lrm2.j;
[CLASS] eq4.o
[CLASS] androidx.window.embedding.ExtensionEmbeddingBackend$Companion
[CLASS] f40.t
[CLASS] l95.a
[CLASS] h25.y4
[CLASS] tf4.h
[CLASS] ty0.s
[CLASS] r32.ea
[CLASS] f23.n
[CLASS] eq4.p
[CLASS] f40.u
[CLASS] l95.b
[CLASS] h25.y5
[CLASS] b50.i0
[CLASS] r32.eb
[CLASS] [Lws.w;
[CLASS] eq4.q
[CLASS] s60.h
[CLASS] org.chromium.net.NetworkChangeNotifierAutoDetect$Observer
[CLASS] ft2.z
[CLASS] l95.c
[CLASS] h25.y6
[CLASS] [Lhq.z;
[CLASS] ty0.u
[CLASS] x05.k2
[CLASS] r32.ec
[CLASS] ds0.y1
[CLASS] com.tyun.yz.Dialog.\u06e8\u06e5\u06e5\u06e7
[CLASS] wz2.g0
[CLASS] k60.k1
[CLASS] [Ll50.s;
[CLASS] f23.p
[CLASS] eq4.r
[CLASS] [Lqj4.d;
[CLASS] s60.i
[CLASS] l95.d
[CLASS] h25.y7
[CLASS] kq0.h0
[CLASS] ty0.v
[CLASS] r32.ed
[CLASS] [Lxv1.h;
[CLASS] is0.l0
[CLASS] t54.e
[CLASS] rs4.e
[CLASS] r32.a
[CLASS] eq4.s
[CLASS] androidx.lifecycle.n0
[CLASS] ge0.a
[CLASS] [Lsy.l;
[CLASS] [Lx70.m4;
[CLASS] s60.j
[CLASS] [Lp23.e1;
[CLASS] tf1.a0
[CLASS] l95.e
[CLASS] j73.a
[CLASS] [Ler.i5;
[CLASS] qx1.s2
[CLASS] uh2.b2
[CLASS] [Lzg1.v0;
[CLASS] ty0.w
[CLASS] [Lht.r3;
[CLASS] rb5.a
[CLASS] t54.f
[CLASS] r32.b
[CLASS] f23.r
[CLASS] rs4.f
[CLASS] androidx.lifecycle.n1
[CLASS] eq4.t
[CLASS] oz.u0
[CLASS] uh2.b3
[CLASS] ga0.g2
[CLASS] androidx.fragment.app.FragmentManagerImpl
[CLASS] l95.f
[CLASS] j73.b
[CLASS] qx1.s3
[CLASS] mr.u
[CLASS] pr1.z2
[CLASS] r32.ef
[CLASS] k40.m0
[CLASS] t54.g
[CLASS] du1.c0
[CLASS] r32.c
[CLASS] op1.a
[CLASS] eq4.u
[CLASS] [Lxb.b0;
[CLASS] l95.g
[CLASS] ty0.y
[CLASS] mr.v
[CLASS] bl4.i
[CLASS] r32.eg
[CLASS] ie5.a
[CLASS] j90.j
[CLASS] [Ll50.w;
[CLASS] an.p0
[CLASS] ct0.a1
[CLASS] eq4.v
[CLASS] [Lkt1.y;
[CLASS] qa4.b
[CLASS] l95.h
[CLASS] ty0.z
[CLASS] mr.w
[CLASS] bl4.j
[CLASS] c73.v0
[CLASS] r32.eh
[CLASS] j90.k
[CLASS] cs0.b0
[CLASS] ct0.a2
[CLASS] rn_5292.rn_5293.rn_5294.\u06df\u06e1\u06e3\u06e6\u06e8
[CLASS] bn1.q
[CLASS] r32.e
[CLASS] l95.i
[CLASS] [Lip2.p;
[CLASS] mr.x
[CLASS] bl4.k
[CLASS] r32.ei
[CLASS] j90.l
[CLASS] io.flutter.embedding.engine.plugins.FlutterPlugin
[CLASS] r32.f
[CLASS] bn1.r
[CLASS] [Lsz2.c0;
[CLASS] mz.w0
[CLASS] [Lkj.o;
[CLASS] l95.j
[CLASS] ea0.m2
[CLASS] bl4.l
[CLASS] r32.ej
[CLASS] j90.m
[CLASS] qk.hb
[CLASS] bn1.s
[CLASS] wk.d0
[CLASS] [Lbr.l5;
[CLASS] na.f0
[CLASS] l95.k
[CLASS] r15.a
[CLASS] mr.z
[CLASS] r32.ek
[CLASS] [Lga0.s1;
[CLASS] j90.n
[CLASS] qk.hc
[CLASS] r32.h
[CLASS] bn1.t
[CLASS] [Lkj.q;
[CLASS] l95.l
[CLASS] [Lxt4.i;
[CLASS] dv.h1
[CLASS] kq0.h8
[CLASS] androidx.core.app.CoreComponentFactory
[CLASS] bl4.n
[CLASS] uy0.a
[CLASS] i74.l0
[CLASS] j90.o
[CLASS] bn1.u
[CLASS] a6.a0
[CLASS] hu3.i
[CLASS] j90.p
[CLASS] [Lbt2.z3;
[CLASS] r32.j
[CLASS] p10.f
[CLASS] fq.c0
[CLASS] l95.n
[CLASS] k00.q0
[CLASS] js.k0
[CLASS] p10.c0
[CLASS] [La24.j;
[CLASS] [Lzq.j1;
[CLASS] r32.g0
[CLASS] r32.k
[CLASS] p10.g
[CLASS] ct0.h2$$a
[CLASS] q63.m0
[CLASS] np.protect.\u2063\u2063\u2063\u2063\u2063\u2060\u2063\u2064\u2060\u2060\u2060\u2063\u2063\u2063\u2063\u2063\u2064
[CLASS] fq.c1
[CLASS] g40.e
[CLASS] i22.e1
[CLASS] ua.a
[CLASS] [Lng1.j;
[CLASS] pq2.g1
[CLASS] r32.g1
[CLASS] r32.l
[CLASS] p10.h
[CLASS] fz0.m0
[CLASS] fq.c2
[CLASS] l95.p
[CLASS] n23.x0
[CLASS] ua.b
[CLASS] lb2.e4
[CLASS] r32.g2
[CLASS] mq1.j0
[CLASS] [Lmu2.g;
[CLASS] l95.q
[CLASS] q04.e
[CLASS] ua.c
[CLASS] lq.a
[CLASS] n90.z0
[CLASS] r32.n
[CLASS] [Lea0.y3;
[CLASS] vi0.m0
[CLASS] [Lkf3.v1;
[CLASS] [Lhj.l2;
[CLASS] [Lv20.g;
[CLASS] q04.f
[CLASS] ua.d
[CLASS] be5.t0
[CLASS] r32.g4
[CLASS] g64.s0
[CLASS] r32.o
[CLASS] ba3.l1
[CLASS] lq.c
[CLASS] r32.g5
[CLASS] be5.t1
[CLASS] rn_545.rn_546.rn_547.rn_2610
[CLASS] r32.p
[CLASS] ve5.t1
[CLASS] ky0.a0
[CLASS] bn2.t4
[CLASS] q04.h
[CLASS] ni.a0
[CLASS] c54.d0
[CLASS] n3.d
[CLASS] r32.g6
[CLASS] bh0.n1
[CLASS] r32.q
[CLASS] be5.t2
[CLASS] ke5.w0
[CLASS] vd5.u0
[CLASS] io.flutter.embedding.engine.systemchannels.StatChannel
[CLASS] [Lmd3.g;
[CLASS] q04.i
[CLASS] nm3.g
[CLASS] [Lv83.j2;
[CLASS] pn4.tg
[CLASS] n3.e
[CLASS] r32.g7
[CLASS] r32.r
[CLASS] vd5.u1
[CLASS] cn1.a
[CLASS] bn2.t6
[CLASS] nm3.h
[CLASS] zl1.f2
[CLASS] [Ld80.f;
[CLASS] nk.kh
[CLASS] n3.f
[CLASS] r32.g8
[CLASS] cq2.p2
[CLASS] qk.j0
[CLASS] r32.s
[CLASS] tq3.c0
[CLASS] ur4.e0
[CLASS] az1.f1
[CLASS] [Lw14.g;
[CLASS] bn2.t7
[CLASS] cn1.b
[CLASS] su1.a
[CLASS] k0.i0
[CLASS] nm3.i
[CLASS] io.flutter.embedding.engine.systemchannels.TextInputChannel
[CLASS] n3.g
[CLASS] r32.g9
[CLASS] cq2.p3
[CLASS] qk.j1
[CLASS] lh1.t0
[CLASS] vd5.u3
[CLASS] do2.e
[CLASS] androidx.window.embedding.EmbeddingInterfaceCompat
[CLASS] bn2.t8
[CLASS] jt.a
[CLASS] nj0.h0
[CLASS] aq4.f0
[CLASS] nm3.j
[CLASS] n3.h
[CLASS] iu.x0
[CLASS] x45.h0
[CLASS] ee5.m0
[CLASS] io.flutter.FlutterInjector$Builder$NamedThreadFactory
[CLASS] do2.f
[CLASS] bn2.t9
[CLASS] nj0.h1
[CLASS] io.flutter.util.ViewUtils$DisplayUpdater
[CLASS] nm3.k
[CLASS] te3.a
[CLASS] iu.x1
[CLASS] n3.i
[CLASS] h70.r0
[CLASS] r32.v
[CLASS] do2.g
[CLASS] li4.a
[CLASS] [Lrx.b;
[CLASS] nj0.h2
[CLASS] [Lcd5.a;
[CLASS] nm3.l
[CLASS] te3.b
[CLASS] n3.j
[CLASS] x35.i0
[CLASS] qk.j4
[CLASS] r32.w
[CLASS] p34.y0
[CLASS] do2.h
[CLASS] z90.v1
[CLASS] androidx.appcompat.widget.Toolbar$LayoutParams
[CLASS] nj0.h3
[CLASS] sf5.b0
[CLASS] d70.b2
[CLASS] n3.k
[CLASS] zt0.s0
[CLASS] uh1.l
[CLASS] rb5.x
[CLASS] ss.c0
[CLASS] z90.v2
[CLASS] ji.e0
[CLASS] h25.z0
[CLASS] do3.u2
[CLASS] [La80.t5;
[CLASS] r32.y
[CLASS] p44.x4
[CLASS] uh1.m
[CLASS] bm0.f
[CLASS] [Lqr4.a0;
[CLASS] t60.e
[CLASS] [Ldo3.e5;
[CLASS] h25.z1
[CLASS] kj0.i
[CLASS] jp.t0
[CLASS] yv.d
[CLASS] cl4.b
[CLASS] ky2.g
[CLASS] r32.z
[CLASS] io.flutter.embedding.engine.plugins.shim.ShimPluginRegistry$ShimRegistrarAggregate
[CLASS] uh1.n
[CLASS] zg1.k0
[CLASS] tv2.j
[CLASS] t60.f
[CLASS] [Laz1.r2;
[CLASS] m95.a
[CLASS] h25.z2
[CLASS] kj0.j
[CLASS] do3.u4
[CLASS] x7.l0
[CLASS] yv.e
[CLASS] nk.m2
[CLASS] cl4.c
[CLASS] n3.n
[CLASS] hw.a
[CLASS] p44.x6
[CLASS] uh1.o
[CLASS] mv0.z1
[CLASS] m95.b
[CLASS] h25.z3
[CLASS] b35.o1
[CLASS] yv.f
[CLASS] n3.o
[CLASS] cl4.d
[CLASS] org.chromium.net.NetworkChangeNotifier$1
[CLASS] bk3.b
[CLASS] qk.j9
[CLASS] [Lte4.f2;
[CLASS] hw.b
[CLASS] [Lp.i0;
[CLASS] do2.m
[CLASS] sn4.xi2
[CLASS] m95.c
[CLASS] h25.z4
[CLASS] yv.g
[CLASS] cl4.e
[CLASS] r32.fa
[CLASS] bk3.c
[CLASS] hw.c
[CLASS] w71.k1
[CLASS] [Lbx0.k7;
[CLASS] tv2.m
[CLASS] m95.d
[CLASS] h25.z5
[CLASS] kj0.m
[CLASS] yv.h
[CLASS] n3.q
[CLASS] ds0.z0
[CLASS] cl4.f
[CLASS] r32.fb
[CLASS] bk3.d
[CLASS] p10.z
[CLASS] b50.j0
[CLASS] s32.a
[CLASS] ss4.e
[CLASS] io.flutter.embedding.engine.systemchannels.MouseCursorChannel
[CLASS] [Lc91.u0;
[CLASS] r5.f0
[CLASS] tv2.n
[CLASS] [Ldr.k1;
[CLASS] h25.z6
[CLASS] kj0.n
[CLASS] [Lay.f;
[CLASS] x05.l2
[CLASS] yv.i
[CLASS] bk3.e
[CLASS] do4.a0
[CLASS] r32.fc
[CLASS] sn4.o0
[CLASS] ds0.z1
[CLASS] k60.l1
[CLASS] [Lxj1.z0;
[CLASS] s32.b
[CLASS] wz2.h0
[CLASS] tv2.o
[CLASS] y45.g0
[CLASS] sn4.xi5
[CLASS] m95.f
[CLASS] bt2.o0
[CLASS] h25.z7
[CLASS] yv.j
[CLASS] r32.fd
[CLASS] bk3.f
[CLASS] [Lvl3.n1;
[CLASS] k90.i
[CLASS] org.chromium.base.CommandLine
[CLASS] pp1.a
[CLASS] s32.c
[CLASS] uh1.t
[CLASS] androidx.lifecycle.o0
[CLASS] tf1.b0
[CLASS] sb5.c
[CLASS] tv2.p
[CLASS] m95.g
[CLASS] yv.k
[CLASS] n3.t
[CLASS] r32.fe
[CLASS] je5.a
[CLASS] k90.j
[CLASS] pp1.b
[CLASS] ss4.h
[CLASS] s32.d
[CLASS] uh1.u
[CLASS] oz.v0
[CLASS] [Lim4.f;
[CLASS] tv2.q
[CLASS] wy.e
[CLASS] y70.a1
[CLASS] sb5.d
[CLASS] m95.h
[CLASS] qx1.t3
[CLASS] [Log1.c;
[CLASS] r32.ff
[CLASS] je5.b
[CLASS] k90.k
[CLASS] pp1.c
[CLASS] ss4.i
[CLASS] du1.d0
[CLASS] s32.e
[CLASS] [Llt1.z;
[CLASS] ct0.b0
[CLASS] io.flutter.embedding.engine.systemchannels.SettingsChannel$PlatformBrightness
[CLASS] sb5.e
[CLASS] je5.c
[CLASS] k90.l
[CLASS] ct0.b1
[CLASS] an.q0
[CLASS] s32.f
[CLASS] ss4.j
[CLASS] sb5.f
[CLASS] m95.j
[CLASS] fr1.a0
[CLASS] c73.w0
[CLASS] nk.ky
[CLASS] je5.d
[CLASS] cs0.c0
[CLASS] [Lb50.v0;
[CLASS] s32.g
[CLASS] yu2.g0
[CLASS] sb5.g
[CLASS] tv2.t
[CLASS] hk.s0
[CLASS] m95.k
[CLASS] r32.fi
[CLASS] s32.h
[CLASS] e01.t
[CLASS] [Lk60.x1;
[CLASS] tv2.u
[CLASS] sb5.h
[CLASS] m95.l
[CLASS] ea0.n2
[CLASS] r32.fj
[CLASS] vy0.a
[CLASS] s32.i
[CLASS] e01.u
[CLASS] org.chromium.net.NetworkChangeNotifierAutoDetect$RegistrationPolicy
[CLASS] yu2.g2
[CLASS] tv2.v
[CLASS] na.g0
[CLASS] wk.e0
[CLASS] dv.i0
[CLASS] m95.m
[CLASS] r32.fk
[CLASS] vy0.b
[CLASS] [Lzh2.b0;
[CLASS] qk.ic
[CLASS] s32.j
[CLASS] kf3.k1
[CLASS] [Lfj1.f;
[CLASS] tv2.w
[CLASS] dv.i1
[CLASS] m95.n
[CLASS] sn4.vs5
[CLASS] vy0.c
[CLASS] i74.m0
[CLASS] [Lfo.d;
[CLASS] androidx.profileinstaller.ProfileInstallerInitializer
[CLASS] [Lif3.a0;
[CLASS] a6.b0
[CLASS] e01.w
[CLASS] w94.a0
[CLASS] [Lfj1.g;
[CLASS] tv2.x
[CLASS] sb5.k
[CLASS] te3.t
[CLASS] gq4.a
[CLASS] e01.x
[CLASS] fq.d0
[CLASS] k00.r0
[CLASS] fz.i
[CLASS] js.l0
[CLASS] p10.d0
[CLASS] e01.y
[CLASS] mm.e
[CLASS] gq4.b
[CLASS] te3.o0
[CLASS] sb5.m
[CLASS] fq.d1
[CLASS] [Lyt4.n;
[CLASS] sn4.bl3
[CLASS] fz.j
[CLASS] pq2.h1
[CLASS] r32.h1
[CLASS] sn4.id5
[CLASS] fz0.n0
[CLASS] [Lsn4.kf0;
[CLASS] e01.z
[CLASS] mm.f
[CLASS] gq4.c
[CLASS] fq.d2
[CLASS] n23.y0
[CLASS] fz.k
[CLASS] i54.o0
[CLASS] r32.h2
[CLASS] sn4.id6
[CLASS] mm.g
[CLASS] gq4.d
[CLASS] h40.i
[CLASS] om3.e
[CLASS] fz.l
[CLASS] r32.h3
[CLASS] fa1.e
[CLASS] ss4.t
[CLASS] eo2.a
[CLASS] rn_1.\u06e3\u06e0\u06e2\u06e5
[CLASS] om3.f
[CLASS] be5.u0
[CLASS] r32.h4
[CLASS] qg.v
[CLASS] fa1.f
[CLASS] ss4.u
[CLASS] ve5.u0
[CLASS] eo2.b
[CLASS] [Lnd3.g;
[CLASS] h40.k
[CLASS] urgen.ur_0025.UR_75ED
[CLASS] om3.g
[CLASS] [Lwq.n0;
[CLASS] r32.h5
[CLASS] be5.u1
[CLASS] qg.w
[CLASS] ve5.u1
[CLASS] ky0.b0
[CLASS] mm.j
[CLASS] bn2.u4
[CLASS] f01.a
[CLASS] uv2.b
[CLASS] h40.l
[CLASS] zl1.g0
[CLASS] ni.b0
[CLASS] c54.e0
[CLASS] urgen.ur_2BA9.UR_882D
[CLASS] r32.h6
[CLASS] pn4.uf
[CLASS] be5.u2
[CLASS] vd5.v0
[CLASS] mm.k
[CLASS] [Lei0.m;
[CLASS] tu1.a
[CLASS] [Lmc2.g;
[CLASS] h40.m
[CLASS] jn.i0
[CLASS] [Lj00.z;
[CLASS] r32.h7
[CLASS] kp.e
[CLASS] [Lib3.e1;
[CLASS] qg.y
[CLASS] sn4.gn3
[CLASS] bn2.u6
[CLASS] dn1.c
[CLASS] eo2.e
[CLASS] rc.a
[CLASS] [Le63.a;
[CLASS] tu1.b
[CLASS] [Lp55.h;
[CLASS] r32.h8
[CLASS] p12.p0
[CLASS] qg.z
[CLASS] qk.k0
[CLASS] ib3.u0
[CLASS] tq3.d0
[CLASS] ur4.f0
[CLASS] az1.g1
[CLASS] bn2.u7
[CLASS] f01.d
[CLASS] rc.b
[CLASS] sb5.u
[CLASS] tu1.c
[CLASS] uv2.e
[CLASS] vs.a1
[CLASS] [Ljo1.a;
[CLASS] qk.k1
[CLASS] lh1.u0
[CLASS] sn4.sh0
[CLASS] vd5.v3
[CLASS] bn2.u8
[CLASS] h23.i
[CLASS] eo2.g
[CLASS] rc.c
[CLASS] sb5.v
[CLASS] k5.a
[CLASS] nj0.i0
[CLASS] vs.a2
[CLASS] aq4.g0
[CLASS] iu.y0
[CLASS] x45.i0
[CLASS] ee5.n0
[CLASS] [Ln50.m;
[CLASS] h23.j
[CLASS] dn1.f
[CLASS] eo2.h
[CLASS] nj0.i1
[CLASS] iu.y1
[CLASS] [Ljo1.c;
[CLASS] l90.a
[CLASS] [Lyl0.p1;
[CLASS] [Lx14.l;
[CLASS] h23.k
[CLASS] cm0.e
[CLASS] dn1.g
[CLASS] eo2.i
[CLASS] nj0.i2
[CLASS] [Lvx0.l0;
[CLASS] [Le80.l;
[CLASS] [Lm22.f;
[CLASS] z7.a
[CLASS] [Lp55.l;
[CLASS] p22.o6
[CLASS] x35.j0
[CLASS] l90.b
[CLASS] [Ln50.o;
[CLASS] cm0.f
[CLASS] eo2.j
[CLASS] sb5.y
[CLASS] z90.w1
[CLASS] hg5.e0
[CLASS] nj0.i3
[CLASS] d70.c2
[CLASS] sn4.lp2
[CLASS] [La80.u4;
[CLASS] [Lfo.s;
[CLASS] ue3.e
[CLASS] kp.k
[CLASS] io.flutter.embedding.engine.systemchannels.ProcessTextChannel$ProcessTextMethodHandler
[CLASS] eo2.k
[CLASS] io.flutter.embedding.engine.systemchannels.PlatformChannel$1
[CLASS] com.catfish.newvip.MainEntry
[CLASS] sb5.z
[CLASS] z90.w2
[CLASS] ss.d0
[CLASS] [Lrz2.d;
[CLASS] n95.a
[CLASS] z7.c
[CLASS] tn3.g0
[CLASS] qk.k6
[CLASS] [Lls0.q;
[CLASS] sf5.c2
[CLASS] n95.b
[CLASS] [Lte4.g0;
[CLASS] jp.u0
[CLASS] sn4.lp4
[CLASS] z7.d
[CLASS] kp.m
[CLASS] [Lmv0.k2;
[CLASS] [Lun3.n;
[CLASS] zg1.l0
[CLASS] fh.u0$$s
[CLASS] [Ldr.o;
[CLASS] sf5.c3
[CLASS] n95.c
[CLASS] do3.v4
[CLASS] dl4.e
[CLASS] gv.a
[CLASS] sn4.ex4
[CLASS] fh.u0$$t
[CLASS] n95.d
[CLASS] b35.p1
[CLASS] lt1.j0
[CLASS] dl4.f
[CLASS] [Ly14.o1;
[CLASS] t32.a
[CLASS] [Lls0.t;
[CLASS] [Lun3.p;
[CLASS] eo2.o
[CLASS] ie0.a
[CLASS] fh.u0$$u
[CLASS] u60.j
[CLASS] [Lqy1.f;
[CLASS] az0.e
[CLASS] n95.e
[CLASS] r32.ga
[CLASS] z7.g
[CLASS] dl4.g
[CLASS] [Lsj4.f;
[CLASS] [Loz.b;
[CLASS] t32.b
[CLASS] eo2.p
[CLASS] ie0.b
[CLASS] vx.a
[CLASS] u60.k
[CLASS] [Lpx0.e;
[CLASS] az0.f
[CLASS] n95.f
[CLASS] b50.k0
[CLASS] [Lht.t0;
[CLASS] r25.a1
[CLASS] r32.gb
[CLASS] [Lun3.r;
[CLASS] r5.g0
[CLASS] tb5.c
[CLASS] [Ldr.s;
[CLASS] az0.g
[CLASS] u60.l
[CLASS] [Lih.h;
[CLASS] x05.m2
[CLASS] do4.b0
[CLASS] r32.gc
[CLASS] rb0.f
[CLASS] [Lorg.chromium.net.impl.CronetEngineBuilderImpl$HttpCacheMode;
[CLASS] j14.r0
[CLASS] wz2.i0
[CLASS] [Li70.b1;
[CLASS] [Lp23.g0;
[CLASS] y45.h0
[CLASS] u60.m
[CLASS] [Ler.k4;
[CLASS] bt2.p0
[CLASS] n95.h
[CLASS] na5.g$$a
[CLASS] r32.gd
[CLASS] [Lc24.d;
[CLASS] ke5.b
[CLASS] t32.e
[CLASS] androidx.lifecycle.p0
[CLASS] tf1.c0
[CLASS] [Lx70.o4;
[CLASS] uh2.d2
[CLASS] u60.n
[CLASS] [Lka0.r;
[CLASS] m30.j1
[CLASS] na5.g$$b
[CLASS] om4.a0
[CLASS] r32.ge
[CLASS] sn4.jz3
[CLASS] ke5.c
[CLASS] t32.f
[CLASS] androidx.lifecycle.p1
[CLASS] eo2.t
[CLASS] [Lp23.g2;
[CLASS] u60.o
[CLASS] vx.e
[CLASS] b30.m0
[CLASS] qx1.u3
[CLASS] n95.j
[CLASS] na5.g$$c
[CLASS] om4.a1
[CLASS] jq.a0
[CLASS] ey.a
[CLASS] k40.o0
[CLASS] du1.e0
[CLASS] eo2.u
[CLASS] u60.p
[CLASS] vx.f
[CLASS] na5.g$$d
[CLASS] t15.a
[CLASS] r32.gg
[CLASS] ic3.a
[CLASS] ke5.e
[CLASS] an.r0
[CLASS] t32.h
[CLASS] eo2.v
[CLASS] [Lp80.j1;
[CLASS] i40.b
[CLASS] iq.b0
[CLASS] na5.g$$e
[CLASS] t15.b
[CLASS] c73.x0
[CLASS] wy0.a
[CLASS] ey.c
[CLASS] r32.gh
[CLASS] ic3.b
[CLASS] an.r1
[CLASS] t32.i
[CLASS] eo2.w
[CLASS] yu2.h0
[CLASS] hk.t0
[CLASS] y70.b4
[CLASS] yl0.h
[CLASS] j51.e
[CLASS] iq.b1
[CLASS] i40.c
[CLASS] ey.d
[CLASS] r32.gi
[CLASS] na5.g$$f
[CLASS] wy0.b
[CLASS] yx.b0
[CLASS] t15.c
[CLASS] ic3.c
[CLASS] jd4.e
[CLASS] n95.m
[CLASS] t32.j
[CLASS] eo2.x
[CLASS] [Lbr.n4;
[CLASS] [Lka0.w;
[CLASS] ni.g
[CLASS] n95.n
[CLASS] ea0.o2
[CLASS] i40.d
[CLASS] ey.e
[CLASS] r32.gj
[CLASS] na5.g$$g
[CLASS] wy0.c
[CLASS] jd4.f
[CLASS] t32.k
[CLASS] pw4.o0
[CLASS] yu2.h2
[CLASS] na.h0
[CLASS] dv.j0
[CLASS] [Lih.p;
[CLASS] ni.h
[CLASS] n95.o
[CLASS] na5.g$$h
[CLASS] qn4.c
[CLASS] ey.f
[CLASS] r32.gk
[CLASS] wy0.d
[CLASS] rn_1.\u06df\u06e0\u06e1\u06e0\u06e7
[CLASS] jd4.g
[CLASS] qk.jc
[CLASS] u43.n
[CLASS] t32.l
[CLASS] [Lou2.f;
[CLASS] hq4.a
[CLASS] qo1.b0
[CLASS] ni.i
[CLASS] na5.g$$i
[CLASS] ey.g
[CLASS] u43.o
[CLASS] t32.m
[CLASS] a6.c0
[CLASS] np.protect.\u06e8\u06e8\u06e1\u06e0
[CLASS] [Lis0.z2;
[CLASS] w94.b0
[CLASS] hq4.b
[CLASS] [Lka0.z;
[CLASS] ni.j
[CLASS] n95.q
[CLASS] na5.g$$j
[CLASS] ey.h
[CLASS] wy0.f
[CLASS] [Lc05.b0;
[CLASS] u43.p
[CLASS] t32.n
[CLASS] hq4.c
[CLASS] fq.e0
[CLASS] k00.s0
[CLASS] ni.k
[CLASS] na5.g$$k
[CLASS] qn4.f
[CLASS] js.m0
[CLASS] r32.i0
[CLASS] p10.e0
[CLASS] wy0.g
[CLASS] [Lc24.n;
[CLASS] [Lxa3.g;
[CLASS] urgen.ur_0025.UR_81EF
[CLASS] a81.h
[CLASS] ll.e
[CLASS] hq4.d
[CLASS] te3.p0
[CLASS] [Lgj1.k;
[CLASS] fq.e1
[CLASS] ni.l
[CLASS] n95.s
[CLASS] i40.i
[CLASS] s04.g
[CLASS] pm3.e
[CLASS] pq2.i1
[CLASS] wy0.h
[CLASS] urgen.ur_54A4.UR_5A77
[CLASS] [Lpr0.h5;
[CLASS] tu3.a1
[CLASS] n23.z0
[CLASS] ni.m
[CLASS] n95.t
[CLASS] i40.j
[CLASS] pm3.f
[CLASS] s04.h
[CLASS] hb2.h
[CLASS] u43.s
[CLASS] kg2.u
[CLASS] [Lqw.x;
[CLASS] [Laz.j0;
[CLASS] n95.u
[CLASS] i40.k
[CLASS] pm3.g
[CLASS] r32.i3
[CLASS] [Lp44.c;
[CLASS] nk.d20
[CLASS] ax3.o
[CLASS] i23.e
[CLASS] com.catfish.newvip.core.ShakeHandler$OnShakeListener
[CLASS] yl0.q
[CLASS] n95.v
[CLASS] g22.m0
[CLASS] be5.v0
[CLASS] r32.i4
[CLASS] dc2.b0
[CLASS] [Lc24.r;
[CLASS] u43.u
[CLASS] ve5.v0
[CLASS] ax3.p
[CLASS] [Lly.t0;
[CLASS] kg2.w
[CLASS] yl0.r
[CLASS] [Lv83.l0;
[CLASS] yl0.e1
[CLASS] [Lf80.g;
[CLASS] r32.i5
[CLASS] [Lew1.i;
[CLASS] hb2.k
[CLASS] ve5.v1
[CLASS] ax3.q
[CLASS] bn2.v4
[CLASS] ll.j
[CLASS] [Ly14.h;
[CLASS] yl0.s
[CLASS] zl1.h0
[CLASS] pn4.vf
[CLASS] ni.c0
[CLASS] c54.f0
[CLASS] r32.i6
[CLASS] be5.v2
[CLASS] bx0.a1
[CLASS] hb2.l
[CLASS] vd5.w0
[CLASS] [Lhj.n5;
[CLASS] yl0.t
[CLASS] jn.j0
[CLASS] androidx.window.embedding.EmbeddingBackend
[CLASS] [Lxa3.n;
[CLASS] hb2.m
[CLASS] ke5.s
[CLASS] fo2.g
[CLASS] en1.e
[CLASS] ni4.a
[CLASS] v60.b
[CLASS] r32.i8
[CLASS] bx0.a3
[CLASS] cq2.r2
[CLASS] qk.l0
[CLASS] ib3.v0
[CLASS] tq3.e0
[CLASS] vd5.w2
[CLASS] ur4.g0
[CLASS] nv.a0
[CLASS] bn2.v7
[CLASS] en1.f
[CLASS] az1.h1
[CLASS] ni4.b
[CLASS] a5.j$$a
[CLASS] vv2.g
[CLASS] vs.b1
[CLASS] [Lpx0.z;
[CLASS] qn4.o
[CLASS] r32.i9
[CLASS] bx0.a4
[CLASS] [Ld43.j1;
[CLASS] [Lxa3.p;
[CLASS] lh1.v0
[CLASS] qk.l1
[CLASS] ke5.u
[CLASS] vd5.w3
[CLASS] ni4.c
[CLASS] a5.j$$b
[CLASS] nj0.j0
[CLASS] vv2.h
[CLASS] vs.b2
[CLASS] hr.a
[CLASS] aq4.h0
[CLASS] [Lsz2.b;
[CLASS] iu.z0
[CLASS] [Lba3.z0;
[CLASS] [Lko1.d;
[CLASS] [Ld43.j2;
[CLASS] qk.l2
[CLASS] ke5.v
[CLASS] ee5.o0
[CLASS] o8.b0
[CLASS] [Lat.c;
[CLASS] bn2.v9
[CLASS] yq.f
[CLASS] a5.j$$c
[CLASS] nj0.j1
[CLASS] vv2.i
[CLASS] hr.b
[CLASS] sn4.n30
[CLASS] iu.z1
[CLASS] qk.l3
[CLASS] [Lxa3.r;
[CLASS] sn4.si2
[CLASS] ke5.w
[CLASS] ax3.w
[CLASS] [Lpv.b;
[CLASS] nj0.j2
[CLASS] hr.c
[CLASS] vv2.j
[CLASS] bz0.a
[CLASS] o95.a
[CLASS] mj0.j
[CLASS] ja4.z0
[CLASS] [Lp44.l;
[CLASS] qk.l4
[CLASS] ke5.x
[CLASS] hb2.r
[CLASS] ax3.x
[CLASS] z90.x1
[CLASS] nj0.j3
[CLASS] vv2.k
[CLASS] hr.d
[CLASS] d70.d2
[CLASS] o95.b
[CLASS] c91.k0
[CLASS] ke5.y
[CLASS] m90.e
[CLASS] ax3.y
[CLASS] ss.e0
[CLASS] z90.x2
[CLASS] ji.g0
[CLASS] [Laj0.c0;
[CLASS] hr.e
[CLASS] vv2.l
[CLASS] do3.w2
[CLASS] nk.o0
[CLASS] [La80.v5;
[CLASS] o95.c
[CLASS] hb2.t
[CLASS] mt4.a2
[CLASS] ni4.h
[CLASS] hr.f
[CLASS] vl3.d1
[CLASS] o95.d
[CLASS] jp.v0
[CLASS] zt0.u2
[CLASS] us4.e
[CLASS] zg1.m0
[CLASS] je0.a
[CLASS] sf5.d3
[CLASS] hr.g
[CLASS] [Lpx0.c0;
[CLASS] vv2.n
[CLASS] yz2.d0
[CLASS] do3.w4
[CLASS] o95.e
[CLASS] qk.l8
[CLASS] [Ld24.a;
[CLASS] us4.f
[CLASS] g01.n
[CLASS] je0.b
[CLASS] urgen.ur_96F1.UR_5A77
[CLASS] he5.h0
[CLASS] [Lqf5.y;
[CLASS] hr.h
[CLASS] vv2.o
[CLASS] o95.f
[CLASS] b35.q1
[CLASS] lt1.k0
[CLASS] wt.f
[CLASS] qk.l9
[CLASS] oe.d
[CLASS] rp1.a
[CLASS] e90.a0
[CLASS] g01.o
[CLASS] je0.c
[CLASS] vv2.p
[CLASS] urgen.ur_54A4.UR_B723
[CLASS] zl0.b
[CLASS] o95.g
[CLASS] mj0.p
[CLASS] r32.ha
[CLASS] wt.g
[CLASS] [Lwi.d;
[CLASS] oe.e
[CLASS] g01.p
[CLASS] je0.d
[CLASS] sn4.xk3
[CLASS] zl0.c
[CLASS] b50.l0
[CLASS] r32.hb
[CLASS] r25.b1
[CLASS] oe.f
[CLASS] r5.h0
[CLASS] io.flutter.embedding.engine.systemchannels.DeferredComponentChannel
[CLASS] zl0.d
[CLASS] sn4.xk4
[CLASS] o95.i
[CLASS] nk.mt
[CLASS] do4.c0
[CLASS] wz2.j0
[CLASS] sn4.q0
[CLASS] t35.w0
[CLASS] vv2.s
[CLASS] bt2.q0
[CLASS] r32.hd
[CLASS] ku3.f
[CLASS] [Li70.c2;
[CLASS] androidx.lifecycle.q0
[CLASS] tf1.d0
[CLASS] lg2.k
[CLASS] vv2.t
[CLASS] zl0.f
[CLASS] [Lzg1.y0;
[CLASS] om4.b0
[CLASS] r32.he
[CLASS] [Lvl3.p2;
[CLASS] androidx.window.embedding.ActivityFilter
[CLASS] jc3.a
[CLASS] [Lny.f;
[CLASS] rp1.f
[CLASS] androidx.lifecycle.q1
[CLASS] bx3.e
[CLASS] lg2.l
[CLASS] ga0.j2
[CLASS] b30.n0
[CLASS] qx1.v3
[CLASS] zl0.g
[CLASS] om4.b1
[CLASS] r32.hf
[CLASS] k40.p0
[CLASS] io.flutter.embedding.engine.loader.ResourceExtractor$ExtractTask
[CLASS] du1.f0
[CLASS] jc3.b
[CLASS] rp1.g
[CLASS] bx3.f
[CLASS] cx2.l0
[CLASS] vv2.v
[CLASS] zl0.h
[CLASS] ku3.i
[CLASS] r32.hg
[CLASS] an.s0
[CLASS] rp1.h
[CLASS] bx3.g
[CLASS] vv2.w
[CLASS] iq.c0
[CLASS] io.flutter.embedding.engine.FlutterEngine$$a
[CLASS] urgen.ur_0025.UR_53E9
[CLASS] c73.y0
[CLASS] mj0.w
[CLASS] [Ltj4.o;
[CLASS] ct0.d2
[CLASS] an.s1
[CLASS] rp1.i
[CLASS] at.b0
[CLASS] hk.u0
[CLASS] lg2.o
[CLASS] y70.c4
[CLASS] vv2.x
[CLASS] iq.c1
[CLASS] [Lwp0.d;
[CLASS] [Lxq1.f;
[CLASS] r32.hi
[CLASS] yx.c0
[CLASS] [Lk60.z1;
[CLASS] lg2.p
[CLASS] io.flutter.embedding.engine.loader.FlutterLoader$Settings
[CLASS] vv2.y
[CLASS] sn4.dd6
[CLASS] ea0.p2
[CLASS] r32.hj
[CLASS] c75.a
[CLASS] xy0.e
[CLASS] oe.n
[CLASS] pw4.p0
[CLASS] org.chromium.net.httpflags.HttpFlagsLoader
[CLASS] yu2.i2
[CLASS] [Lbr.o5;
[CLASS] wk.g0
[CLASS] vv2.z
[CLASS] ea0.p3
[CLASS] ku3.m
[CLASS] r32.hk
[CLASS] t04.e
[CLASS] le5.k
[CLASS] [Lns0.d;
[CLASS] a70.e
[CLASS] [Ls83.j;
[CLASS] af3.e
[CLASS] zl0.m
[CLASS] kq0.k8
[CLASS] t04.f
[CLASS] i74.o0
[CLASS] [Lwj4.u3;
[CLASS] b64.a
[CLASS] le5.l
[CLASS] a6.d0
[CLASS] a70.f
[CLASS] oi4.f0
[CLASS] z93.a
[CLASS] zl0.n
[CLASS] zm.a
[CLASS] urgen.ur_54A4.URS_90C1
[CLASS] oe.q
[CLASS] le5.m
[CLASS] sz.f
[CLASS] fq.f0
[CLASS] z93.b
[CLASS] k00.t0
[CLASS] zm.b
[CLASS] af3.g
[CLASS] sn4.x77
[CLASS] zl0.o
[CLASS] js.n0
[CLASS] qm3.f
[CLASS] t04.h
[CLASS] r32.j0
[CLASS] p10.f0
[CLASS] n74.b0
[CLASS] oe.r
[CLASS] le5.n
[CLASS] sz.g
[CLASS] [Lp50.g;
[CLASS] v83.a2
[CLASS] fq.f1
[CLASS] yx4.e
[CLASS] af3.h
[CLASS] zl0.p
[CLASS] zm.c
[CLASS] t04.i
[CLASS] r32.j1
[CLASS] oe.s
[CLASS] fz0.p0
[CLASS] sz.h
[CLASS] fh.w0$$i
[CLASS] af3.i
[CLASS] sn4.d04
[CLASS] [Lip2.n0;
[CLASS] zl0.q
[CLASS] r32.j2
[CLASS] nj0.b
[CLASS] af3.j
[CLASS] zl0.r
[CLASS] r32.j3
[CLASS] dx.l
[CLASS] nj0.c
[CLASS] in.a
[CLASS] k0.a
[CLASS] [Lul1.b;
[CLASS] [Lkf3.y1;
[CLASS] com.tyun.yz.Verify$$ExternalSyntheticApiModelOutline0
[CLASS] [Lg63.a;
[CLASS] zl0.s
[CLASS] g22.n0
[CLASS] xs.a0
[CLASS] [Ly20.m;
[CLASS] r32.j4
[CLASS] dx.m
[CLASS] g64.v0
[CLASS] fu.t
[CLASS] zl0.t
[CLASS] be5.w1
[CLASS] r32.j5
[CLASS] dx.n
[CLASS] le5.s
[CLASS] ve5.w1
[CLASS] fu.u
[CLASS] xp.a
[CLASS] oi4.a
[CLASS] zl0.u
[CLASS] pn4.wf
[CLASS] [Ly20.o;
[CLASS] c54.g0
[CLASS] be5.w2
[CLASS] r32.j6
[CLASS] nj0.f
[CLASS] g64.v2
[CLASS] k0.d
[CLASS] oe.x
[CLASS] vd5.x0
[CLASS] oi4.b
[CLASS] zl0.v
[CLASS] ok1.i
[CLASS] dx.p
[CLASS] r32.j7
[CLASS] oe.y
[CLASS] n90.a
[CLASS] le5.u
[CLASS] bn2.w6
[CLASS] oi4.c
[CLASS] sn4.nh5
[CLASS] pa.a
[CLASS] pn4.wh
[CLASS] r32.j8
[CLASS] dx.q
[CLASS] bx0.b3
[CLASS] ok1.j
[CLASS] ib3.w0
[CLASS] tq3.f0
[CLASS] vd5.x2
[CLASS] ur4.h0
[CLASS] n90.b
[CLASS] sz.o
[CLASS] bn2.w7
[CLASS] xp.d
[CLASS] [Lrf5.s;
[CLASS] r32.j9
[CLASS] dx.r
[CLASS] bx0.b4
[CLASS] c75.n
[CLASS] p12.r1
[CLASS] nj0.i
[CLASS] qk.m1
[CLASS] t11.b1
[CLASS] n90.c
[CLASS] vs4.a
[CLASS] oi4.e
[CLASS] vs.c2
[CLASS] androidx.fragment.app.a1
[CLASS] aq4.i0
[CLASS] eq4.y0
[CLASS] p95.a
[CLASS] ok1.l
[CLASS] dx.s
[CLASS] nj0.j
[CLASS] qk.m2
[CLASS] n90.d
[CLASS] sz.q
[CLASS] bn2.w9
[CLASS] vs4.b
[CLASS] xp.f
[CLASS] oi4.f
[CLASS] [Lma0.k;
[CLASS] p95.b
[CLASS] [Lg80.o;
[CLASS] u15.u
[CLASS] ok1.m
[CLASS] urgen.ur_0025.UR_0073
[CLASS] qk.m3
[CLASS] vs4.c
[CLASS] xp.g
[CLASS] oi4.g
[CLASS] androidx.appcompat.app.b
[CLASS] ok1.n
[CLASS] nj0.l
[CLASS] [Lm00.f;
[CLASS] vs.a
[CLASS] x5.a
[CLASS] qk.m4
[CLASS] dj2.a
[CLASS] sz.s
[CLASS] vs4.d
[CLASS] z90.y1
[CLASS] nj0.k3
[CLASS] sf5.e0
[CLASS] x74.d0
[CLASS] [La80.w4;
[CLASS] [Lg80.q;
[CLASS] ok1.o
[CLASS] nj0.m
[CLASS] x5.b
[CLASS] vs.b
[CLASS] qk.m5
[CLASS] [Lul1.l;
[CLASS] mt4.b1
[CLASS] z90.y2
[CLASS] ss.f0
[CLASS] vb5.a
[CLASS] do3.x2
[CLASS] [Lzb.m;
[CLASS] nk.p0
[CLASS] ok1.p
[CLASS] tn3.i0
[CLASS] nj0.n
[CLASS] x5.c
[CLASS] vs.c
[CLASS] qk.m6
[CLASS] nd.a
[CLASS] bx0.b9
[CLASS] vb5.b
[CLASS] vl3.e1
[CLASS] jp.w0
[CLASS] cz0.f
[CLASS] [Lg80.s;
[CLASS] nj0.o
[CLASS] x5.d
[CLASS] zt0.v2
[CLASS] sp1.a
[CLASS] xh1.t
[CLASS] zg1.n0
[CLASS] sn4.ez3
[CLASS] [Laz1.u2;
[CLASS] sf5.e3
[CLASS] cz0.g
[CLASS] b35.r0
[CLASS] x5.e
[CLASS] [Lvh.b;
[CLASS] [Le24.c;
[CLASS] io.flutter.plugin.common.BasicMessageChannel
[CLASS] et.a
[CLASS] cz0.h
[CLASS] b60.l0
[CLASS] kt2.b
[CLASS] x5.f
[CLASS] [Le24.d;
[CLASS] sn4.qt0
[CLASS] et.b
[CLASS] mt4.b5
[CLASS] kt2.c
[CLASS] r32.ia
[CLASS] x5.g
[CLASS] k0.p
[CLASS] w71.n1
[CLASS] mt4.b6
[CLASS] [Lqx1.g1;
[CLASS] b50.m0
[CLASS] b60.l2
[CLASS] kt2.d
[CLASS] r32.ib
[CLASS] x5.h
[CLASS] k0.q
[CLASS] mx1.o
[CLASS] y13.a1
[CLASS] p70.a0
[CLASS] xh1.x
[CLASS] r5.i0
[CLASS] x71.r
[CLASS] [Ler.m3;
[CLASS] do4.d0
[CLASS] r32.ic
[CLASS] nj0.t
[CLASS] wz2.k0
[CLASS] j14.t0
[CLASS] x5.i
[CLASS] k0.r
[CLASS] dj2.i
[CLASS] mx1.p
[CLASS] kc3.a
[CLASS] av1.a
[CLASS] [Lx70.q3;
[CLASS] [Lqx1.g3;
[CLASS] tv.c
[CLASS] r32.id
[CLASS] nj0.u
[CLASS] dj2.j
[CLASS] kc3.b
[CLASS] androidx.lifecycle.r0
[CLASS] [Lan2.d;
[CLASS] t10.e
[CLASS] av1.b
[CLASS] [Lx70.q4;
[CLASS] tv.d
[CLASS] om4.c0
[CLASS] r32.ie
[CLASS] nj0.v
[CLASS] kc3.c
[CLASS] sn4.qt5
[CLASS] av1.c
[CLASS] b30.o0
[CLASS] qx1.w3
[CLASS] tv.e
[CLASS] om4.c1
[CLASS] jq.c0
[CLASS] r32.if
[CLASS] k40.q0
[CLASS] e9.a
[CLASS] nj0.w
[CLASS] k0.u
[CLASS] bx0.aa
[CLASS] du1.g0
[CLASS] kc3.d
[CLASS] androidx.work.impl.background.systemjob.SystemJobService
[CLASS] av1.d
[CLASS] cx2.m0
[CLASS] androidx.appcompat.app.n
[CLASS] s41.a1
[CLASS] r32.ig
[CLASS] r25.c6
[CLASS] cw.b
[CLASS] nj0.x
[CLASS] an.t0
[CLASS] av1.e
[CLASS] jq4.a
[CLASS] androidx.appcompat.app.o
[CLASS] sn4.x81
[CLASS] k40.f
[CLASS] r32.ih
[CLASS] nj0.y
[CLASS] cw.c
[CLASS] yy0.e
[CLASS] ct0.e2
[CLASS] an.t1
[CLASS] jq4.b
[CLASS] y70.d4
[CLASS] androidx.appcompat.app.p
[CLASS] zx4.a
[CLASS] iq.d1
[CLASS] sn4.vv2
[CLASS] k40.g
[CLASS] nj0.z
[CLASS] yx.d0
[CLASS] cw.d
[CLASS] qk.la
[CLASS] e9.d
[CLASS] b70.e
[CLASS] zx4.b
[CLASS] ea0.q2
[CLASS] k40.h
[CLASS] r32.ij
[CLASS] cw.e
[CLASS] bh0.l
[CLASS] [Lpr0.j0;
[CLASS] yu2.j2
[CLASS] wk.h0
[CLASS] jq4.d
[CLASS] na.j0
[CLASS] androidx.appcompat.app.r
[CLASS] ea0.q3
[CLASS] r32.ik
[CLASS] qk.lc
[CLASS] jq4.e
[CLASS] ho2.a
[CLASS] kq0.l8
[CLASS] lg.i
[CLASS] pk1.b
[CLASS] bh0.n
[CLASS] a6.e0
[CLASS] jq4.f
[CLASS] j12.b
[CLASS] ho2.b
[CLASS] xf2.a0
[CLASS] lg.j
[CLASS] urgen.ur_0025.UR_FCB7
[CLASS] [Lc05.d0;
[CLASS] oj0.a
[CLASS] d75.f
[CLASS] pz3.a
[CLASS] [Lt83.n;
[CLASS] i01.a
[CLASS] jq4.g
[CLASS] fq.g0
[CLASS] [Lq50.h;
[CLASS] az.b
[CLASS] k00.u0
[CLASS] j12.c
[CLASS] ho2.c
[CLASS] lg.k
[CLASS] js.o0
[CLASS] r32.k0
[CLASS] oj0.b
[CLASS] [Lg30.n0;
[CLASS] zi2.i
[CLASS] ho2.d
[CLASS] fq.g1
[CLASS] az.c
[CLASS] lg.l
[CLASS] r32.k1
[CLASS] e9.j
[CLASS] c64.f
[CLASS] fz0.q0
[CLASS] rn_545.rn_546.rn_547.rn_4353
[CLASS] zi2.j
[CLASS] [Lt83.p;
[CLASS] ho2.e
[CLASS] az.d
[CLASS] androidx.appcompat.app.w
[CLASS] tv.o
[CLASS] sn4.bo4
[CLASS] lg.m
[CLASS] [Lna2.p0;
[CLASS] c64.g
[CLASS] pz3.d
[CLASS] i01.d
[CLASS] ho2.f
[CLASS] vt0.a
[CLASS] y71.c
[CLASS] cg4.n
[CLASS] tv.p
[CLASS] lg.n
[CLASS] r32.k3
[CLASS] [Lt83.r;
[CLASS] [Lhj.p2;
[CLASS] ba3.p0
[CLASS] g22.o0
[CLASS] y71.d
[CLASS] cg4.o
[CLASS] vt0.b
[CLASS] r32.k4
[CLASS] tv.q
[CLASS] be5.x0
[CLASS] lg.o
[CLASS] g64.w0
[CLASS] ve5.x0
[CLASS] [Lgf2.h;
[CLASS] [Lvl1.e;
[CLASS] sn4.ni2
[CLASS] tv.r
[CLASS] androidx.appcompat.app.z
[CLASS] y71.e
[CLASS] cg4.p
[CLASS] [Lyq1.r;
[CLASS] r32.k5
[CLASS] be5.x1
[CLASS] oj0.g
[CLASS] g64.w1
[CLASS] mw0.a
[CLASS] bn2.x4
[CLASS] [Lhj.p4;
[CLASS] tv.s
[CLASS] ni.e0
[CLASS] vt0.d
[CLASS] r32.k6
[CLASS] g64.w2
[CLASS] p32.q2
[CLASS] [Lpq.c;
[CLASS] vd5.y0
[CLASS] bn2.x5
[CLASS] tv.t
[CLASS] d90.d0
[CLASS] lg.r
[CLASS] bx0.c2
[CLASS] [Lib3.h1;
[CLASS] mw0.c
[CLASS] et.w
[CLASS] [Lrj0.l0;
[CLASS] tv.u
[CLASS] dz0.a
[CLASS] lg.s
[CLASS] p12.s0
[CLASS] bx0.c3
[CLASS] cq2.t2
[CLASS] r32.k8
[CLASS] ib3.x0
[CLASS] tq3.g0
[CLASS] vd5.y2
[CLASS] ur4.i0
[CLASS] nv.c0
[CLASS] mw0.d
[CLASS] bn2.x7
[CLASS] et.x
[CLASS] ws4.b
[CLASS] fk3.a
[CLASS] oj0.j
[CLASS] qk.n0
[CLASS] [Les2.f;
[CLASS] vs.d1
[CLASS] bf3.r
[CLASS] dz0.b
[CLASS] lg.t
[CLASS] r32.k9
[CLASS] bx0.c4
[CLASS] qk.n1
[CLASS] [Lpq.f;
[CLASS] lh1.x0
[CLASS] t11.c1
[CLASS] fk3.b
[CLASS] mw0.e
[CLASS] bn2.x8
[CLASS] et.y
[CLASS] ws4.c
[CLASS] c81.u
[CLASS] jj.n
[CLASS] pi4.g
[CLASS] vs.d2
[CLASS] androidx.fragment.app.b1
[CLASS] aq4.j0
[CLASS] j.d
[CLASS] lg.u
[CLASS] eq4.z0
[CLASS] tv.w
[CLASS] qk.n2
[CLASS] x45.l0
[CLASS] ae5.a0
[CLASS] o8.d0
[CLASS] mw0.f
[CLASS] ry.q
[CLASS] et.z
[CLASS] c81.v
[CLASS] nj0.l1
[CLASS] tv.x
[CLASS] bf3.t
[CLASS] sn4.n50
[CLASS] j.e
[CLASS] qk.n3
[CLASS] vc1.e
[CLASS] ry.r
[CLASS] ws4.e
[CLASS] k23.q
[CLASS] [Lvx0.o0;
[CLASS] wb5.a
[CLASS] bf3.u
[CLASS] az.n
[CLASS] ip1.l$$a
[CLASS] lg.w
[CLASS] vt0.j
[CLASS] e9.u
[CLASS] qk.n4
[CLASS] [Lpq.i;
[CLASS] ry.s
[CLASS] ws4.f
[CLASS] k23.r
[CLASS] nj0.l3
[CLASS] le0.b
[CLASS] az.o
[CLASS] bf3.v
[CLASS] x74.e0
[CLASS] sn4.n52
[CLASS] lg.x
[CLASS] e9.v
[CLASS] qk.n5
[CLASS] vc1.g
[CLASS] ry.t
[CLASS] tp1.a
[CLASS] ws4.g
[CLASS] z90.z2
[CLASS] [Le30.g;
[CLASS] az.p
[CLASS] bf3.w
[CLASS] org.chromium.base.TraceEvent
[CLASS] do3.y2
[CLASS] vt0.l
[CLASS] [La80.x5;
[CLASS] lg.y
[CLASS] e9.w
[CLASS] vc1.h
[CLASS] ne5.a
[CLASS] o90.j
[CLASS] ry.u
[CLASS] tp1.b
[CLASS] ws4.h
[CLASS] le0.d
[CLASS] bf3.x
[CLASS] y71.o
[CLASS] jp.x0
[CLASS] o73.d
[CLASS] e9.x
[CLASS] vc1.i
[CLASS] [Lpq.l;
[CLASS] [Lo70.o0;
[CLASS] o90.k
[CLASS] ry.v
[CLASS] ws4.i
[CLASS] zg1.o0
[CLASS] az.r
[CLASS] bf3.y
[CLASS] y71.p
[CLASS] b35.s0
[CLASS] e9.y
[CLASS] q24.a0
[CLASS] vc1.j
[CLASS] e23.a0
[CLASS] mc.c
[CLASS] o90.l
[CLASS] ry.w
[CLASS] ws4.j
[CLASS] org.chromium.net.httpflags.BaseFeatureOverrides
[CLASS] cw2.a
[CLASS] k23.v
[CLASS] ne5.c
[CLASS] v21.d
[CLASS] le0.f
[CLASS] az.s
[CLASS] y71.q
[CLASS] [Leb3.j;
[CLASS] e9.z
[CLASS] oj0.s
[CLASS] mc.d
[CLASS] ne5.d
[CLASS] ry.x
[CLASS] ws4.k
[CLASS] f5.b
[CLASS] mt4.c5
[CLASS] k23.w
[CLASS] cw2.b
[CLASS] [Lqw.f0;
[CLASS] az.t
[CLASS] dz0.k
[CLASS] r32.ja
[CLASS] w15.a
[CLASS] [Lpq.o;
[CLASS] ub0.j
[CLASS] lc3.a
[CLASS] ne5.e
[CLASS] ws4.l
[CLASS] bv1.a
[CLASS] le0.h
[CLASS] b50.n0
[CLASS] J.N
[CLASS] b60.m2
[CLASS] ub0.k
[CLASS] y13.b1
[CLASS] [Lc91.y0;
[CLASS] ne5.f
[CLASS] ws4.m
[CLASS] f5.d
[CLASS] bv1.b
[CLASS] r5.j0
[CLASS] urgen.ur_0025.UR_5A77
[CLASS] [Li74.u;
[CLASS] wz2.l0
[CLASS] j14.u0
[CLASS] ne5.g
[CLASS] androidx.window.embedding.ExtensionEmbeddingBackend
[CLASS] t35.y0
[CLASS] ws4.n
[CLASS] f5.e
[CLASS] c70.a
[CLASS] bv1.c
[CLASS] cw2.e
[CLASS] [Ler.n4;
[CLASS] kq0.m0
[CLASS] n45.a
[CLASS] le0.j
[CLASS] r32.jd
[CLASS] is0.q0
[CLASS] [Lpq.r;
[CLASS] ch0.h
[CLASS] androidx.lifecycle.s0
[CLASS] urgen.ur_54A4.UR_5769
[CLASS] lc3.d
[CLASS] ne5.h
[CLASS] f5.f
[CLASS] c70.b
[CLASS] cw2.f
[CLASS] yh4.i$$b
[CLASS] om4.d0
[CLASS] r32.je
[CLASS] sn4.qp
[CLASS] lc3.e
[CLASS] o90.r
[CLASS] [Llw.f;
[CLASS] ne5.i
[CLASS] [Lu83.h;
[CLASS] c70.c
[CLASS] le0.l
[CLASS] b30.p0
[CLASS] qx1.x3
[CLASS] om4.d1
[CLASS] jq.d0
[CLASS] r32.jf
[CLASS] k40.r0
[CLASS] bx0.ba
[CLASS] bv.a
[CLASS] du1.h0
[CLASS] lc3.f
[CLASS] o90.s
[CLASS] ne5.j
[CLASS] cx2.n0
[CLASS] c70.d
[CLASS] le0.m
[CLASS] yh4.i$$d
[CLASS] r32.jg
[CLASS] bv.b
[CLASS] an.u0
[CLASS] [Lpq.u;
[CLASS] lc3.g
[CLASS] o90.t
[CLASS] ne5.k
[CLASS] f5.i
[CLASS] dg4.g
[CLASS] an.u1
[CLASS] ct0.f2
[CLASS] lc3.h
[CLASS] ne5.l
[CLASS] m34.d
[CLASS] le0.o
[CLASS] iq.e1
[CLASS] [Lwz4.h0;
[CLASS] r32.ji
[CLASS] sm3.e
[CLASS] qk.ma
[CLASS] [Lbr.q4;
[CLASS] [Lr50.f;
[CLASS] m34.e
[CLASS] ea0.r2
[CLASS] zw3.b
[CLASS] [Lsj.f;
[CLASS] r32.jj
[CLASS] androidx.core.graphics.drawable.IconCompat
[CLASS] [Lpq.x;
[CLASS] sn4.ih0
[CLASS] bt4.c
[CLASS] org.chromium.net.impl.CronetLibraryLoader
[CLASS] lc3.j
[CLASS] pw4.r0
[CLASS] wk.i0
[CLASS] urgen.ur_0025.UR_9CE7
[CLASS] ii.a
[CLASS] m34.f
[CLASS] k12.b
[CLASS] le0.q
[CLASS] kq0.m7
[CLASS] ea0.r3
[CLASS] zw3.c
[CLASS] yv2.a
[CLASS] pj0.a
[CLASS] qk.mc
[CLASS] j15.a0
[CLASS] lc3.k
[CLASS] ne5.o
[CLASS] k12.c
[CLASS] m34.g
[CLASS] le0.r
[CLASS] zw3.d
[CLASS] ks.o0
[CLASS] a6.f0
[CLASS] urgen.ur_0025.UR_E533
[CLASS] lc3.l
[CLASS] ne5.p
[CLASS] ii.c
[CLASS] oi4.h0
[CLASS] k12.d
[CLASS] zw3.e
[CLASS] xk.a
[CLASS] lc3.m
[CLASS] o90.z
[CLASS] ne5.q
[CLASS] au0.k
[CLASS] zh1.h
[CLASS] ii.d
[CLASS] fq.h0
[CLASS] m34.i
[CLASS] k12.e
[CLASS] zw3.f
[CLASS] js.p0
[CLASS] xk.b
[CLASS] r32.l0
[CLASS] zs.a0
[CLASS] bt4.g
[CLASS] zy0.m
[CLASS] [Lbn2.p;
[CLASS] [Ll40.a0;
[CLASS] lc3.n
[CLASS] ws4.y
[CLASS] v83.c2
[CLASS] ne5.r
[CLASS] k12.f
[CLASS] fq.h1
[CLASS] m34.j
[CLASS] sn4.d23
[CLASS] wt0.a
[CLASS] xk.c
[CLASS] r32.l1
[CLASS] zw3.g
[CLASS] zy0.n
[CLASS] lc3.o
[CLASS] ws4.z
[CLASS] au0.m
[CLASS] ii.f
[CLASS] k12.g
[CLASS] m34.k
[CLASS] [Li63.c;
[CLASS] wt0.b
[CLASS] zw3.h
[CLASS] xk.d
[CLASS] r32.l2
[CLASS] zs.a2
[CLASS] i54.s0
[CLASS] zy0.o
[CLASS] lc3.p
[CLASS] bn2.y1
[CLASS] [Lx41.a2;
[CLASS] ss2.c0
[CLASS] au0.n
[CLASS] k12.h
[CLASS] zw3.i
[CLASS] xk.e
[CLASS] r32.l3
[CLASS] [Li80.k;
[CLASS] [Lno1.c;
[CLASS] zy0.p
[CLASS] a31.d
[CLASS] ba3.q0
[CLASS] k12.i
[CLASS] wt0.d
[CLASS] zw3.j
[CLASS] xk.f
[CLASS] r32.l4
[CLASS] zy0.q
[CLASS] gl.b
[CLASS] lc3.r
[CLASS] [Lly.w0;
[CLASS] zh1.m
[CLASS] sn4.nj2
[CLASS] urgen.ur_E2DE.UR_4D54
[CLASS] b25.a
[CLASS] y60.e
[CLASS] zw3.k
[CLASS] xk.g
[CLASS] r32.l5
[CLASS] bh0.s0
[CLASS] [Li80.m;
[CLASS] [Lgv0.m;
[CLASS] wc1.a
[CLASS] zy0.r
[CLASS] bt4.l
[CLASS] lc3.s
[CLASS] ve5.y1
[CLASS] gl.c
[CLASS] zh1.n
[CLASS] [Lj74.i;
[CLASS] pn4.yf
[CLASS] b25.b
[CLASS] y60.f
[CLASS] ni.f0
[CLASS] xk.h
[CLASS] ez0.a
[CLASS] r32.l6
[CLASS] zw3.l
[CLASS] p32.r2
[CLASS] be5.y2
[CLASS] vd5.z0
[CLASS] gl.d
[CLASS] lc3.t
[CLASS] bn2.y5
[CLASS] qi4.f
[CLASS] $Proxy17
[CLASS] b25.c
[CLASS] [Loa0.k;
[CLASS] zw3.m
[CLASS] d90.e0
[CLASS] ez0.b
[CLASS] xk.i
[CLASS] bx0.d2
[CLASS] r32.l7
[CLASS] lc3.u
[CLASS] bn2.y6
[CLASS] m34.q
[CLASS] qi4.g
[CLASS] zl1.k2
[CLASS] $Proxy18
[CLASS] zw3.n
[CLASS] pn4.yh
[CLASS] xk.j
[CLASS] r32.l8
[CLASS] bx0.d3
[CLASS] io.flutter.embedding.engine.systemchannels.NavigationChannel
[CLASS] ib3.y0
[CLASS] tq3.h0
[CLASS] ur4.j0
[CLASS] hl4.e
[CLASS] nv.d0
[CLASS] lc3.v
[CLASS] bn2.y7
[CLASS] m34.r
[CLASS] yf5.q0
[CLASS] $Proxy19
[CLASS] [Loa0.m;
[CLASS] zw3.o
[CLASS] xk.k
[CLASS] r32.l9
[CLASS] l40.w
[CLASS] bx0.d4
[CLASS] lh1.y0
[CLASS] t11.d1
[CLASS] vd5.z3
[CLASS] hl4.f
[CLASS] lc3.w
[CLASS] bn2.y8
[CLASS] wc1.e
[CLASS] m34.s
[CLASS] vs.e2
[CLASS] androidx.fragment.app.c1
[CLASS] aq4.k0
[CLASS] n24.i0
[CLASS] xb5.a
[CLASS] zw3.p
[CLASS] xk.l
[CLASS] bx0.d5
[CLASS] [Ljz.r;
[CLASS] qk.o2
[CLASS] ae5.b0
[CLASS] [Lo00.h;
[CLASS] wc1.f
[CLASS] o8.e0
[CLASS] bn2.y9
[CLASS] xs4.f
[CLASS] androidx.fragment.app.c2
[CLASS] me0.b
[CLASS] xb5.b
[CLASS] l40.y
[CLASS] wc1.g
[CLASS] [Lcf5.g1;
[CLASS] up1.a
[CLASS] [Ldo3.j2;
[CLASS] androidx.fragment.app.c3
[CLASS] l40.z
[CLASS] [Ljz.t;
[CLASS] urgen.ur_0025.UR_522C
[CLASS] qk.o4
[CLASS] tq.a
[CLASS] gk3.g
[CLASS] lc3.z
[CLASS] mt4.d0
[CLASS] up1.b
[CLASS] fy4.c
[CLASS] nj0.m3
[CLASS] x74.f0
[CLASS] [La80.y4;
[CLASS] tq.b
[CLASS] gk3.h
[CLASS] up1.c
[CLASS] do3.z2
[CLASS] hp4.a$$a
[CLASS] p73.e
[CLASS] urgen.ur_0025.UR_DAAF
[CLASS] [Ljz.v;
[CLASS] gk3.i
[CLASS] [Laz1.w1;
[CLASS] sf5.g2
[CLASS] [Lkj1.b;
[CLASS] [Lte4.k0;
[CLASS] hp4.a$$b
[CLASS] qk.o7
[CLASS] tb4.b1
[CLASS] p90.m
[CLASS] zg1.p0
[CLASS] a5.e$$a
[CLASS] [Laz1.w2;
[CLASS] yz2.g0
[CLASS] [Lms.f;
[CLASS] hp4.a$$c
[CLASS] [Ljz.x;
[CLASS] urgen.ur_0025.UR_E53E
[CLASS] p90.n
[CLASS] [Ldo3.e;
[CLASS] mc3.a
[CLASS] cr.a
[CLASS] e4.a
[CLASS] cv1.a
[CLASS] [Lv83.d;
[CLASS] [Lkj1.d;
[CLASS] [Luf5.b;
[CLASS] mt2.f
[CLASS] [Ly14.s1;
[CLASS] zf4.s
[CLASS] gk3.l
[CLASS] e90.d0
[CLASS] p90.o
[CLASS] oe5.f
[CLASS] vf1.a0
[CLASS] cr.b
[CLASS] cv1.b
[CLASS] et.a0
[CLASS] r32.ka
[CLASS] mt2.g
[CLASS] zf4.t
[CLASS] gk3.m
[CLASS] mc3.c
[CLASS] p90.p
[CLASS] oe5.g
[CLASS] cr.c
[CLASS] e4.c
[CLASS] [Lkj1.f;
[CLASS] rt.a
[CLASS] r32.kb
[CLASS] et0.a0
[CLASS] mt2.h
[CLASS] zf4.u
[CLASS] gk3.n
[CLASS] f91.g0
[CLASS] p90.q
[CLASS] mc3.d
[CLASS] [Lwg.l1;
[CLASS] cr.d
[CLASS] e4.d
[CLASS] r5.k0
[CLASS] do4.f0
[CLASS] r32.kc
[CLASS] k60.q1
[CLASS] t35.z0
[CLASS] p90.r
[CLASS] ka1.a
[CLASS] [Lx70.s3;
[CLASS] cr.e
[CLASS] cv1.e
[CLASS] [Ltb4.n0;
[CLASS] [Lqx1.i3;
[CLASS] mc3.e
[CLASS] [Lzx.b;
[CLASS] [Lkj1.h;
[CLASS] kq0.n0
[CLASS] r32.kd
[CLASS] [Li70.f2;
[CLASS] androidx.lifecycle.t0
[CLASS] [Lx70.s4;
[CLASS] cr.f
[CLASS] cv1.f
[CLASS] [Ler.o5;
[CLASS] m30.n1
[CLASS] om4.e0
[CLASS] r32.ke
[CLASS] mt2.k
[CLASS] is0.r1
[CLASS] sn4.rp
[CLASS] [Liw1.c;
[CLASS] cr.g
[CLASS] cv1.g
[CLASS] bu0.e
[CLASS] m23.a
[CLASS] qx1.y3
[CLASS] om4.e1
[CLASS] df3.e
[CLASS] r32.kf
[CLASS] bx0.ca
[CLASS] m40.h
[CLASS] mt2.l
[CLASS] du1.i0
[CLASS] e64.a
[CLASS] yg.a
[CLASS] cx2.o0
[CLASS] cr.h
[CLASS] bu0.f
[CLASS] m23.b
[CLASS] a14.r
[CLASS] df3.f
[CLASS] qz2.c0
[CLASS] r32.kg
[CLASS] m40.i
[CLASS] [Luf5.i;
[CLASS] an.v0
[CLASS] e64.b
[CLASS] io.flutter.embedding.engine.dart.DartExecutor$DartEntrypoint
[CLASS] cr.i
[CLASS] m23.c
[CLASS] jo2.a
[CLASS] l12.a
[CLASS] a14.s
[CLASS] androidx.core.widget.d
[CLASS] df3.g
[CLASS] r32.kh
[CLASS] [Lj80.d;
[CLASS] an.v1
[CLASS] ct0.g2
[CLASS] e64.c
[CLASS] at.e0
[CLASS] yu2.l0
[CLASS] cr.j
[CLASS] y70.f4
[CLASS] l12.b
[CLASS] r32.ki
[CLASS] qk.na
[CLASS] qj0.a
[CLASS] [Liw1.g;
[CLASS] f75.f
[CLASS] cr.k
[CLASS] cv1.k
[CLASS] jo2.c
[CLASS] l12.c
[CLASS] ea0.s2
[CLASS] [Luf5.l;
[CLASS] r32.kj
[CLASS] mt2.p
[CLASS] f75.g
[CLASS] pw4.s0
[CLASS] cr.l
[CLASS] [Lbr.r5;
[CLASS] na.l0
[CLASS] cv1.l
[CLASS] l12.d
[CLASS] hh.a
[CLASS] kq0.n7
[CLASS] ea0.s3
[CLASS] [Lwj4.x2;
[CLASS] cc5.a
[CLASS] r32.kk
[CLASS] qk.nc
[CLASS] mt2.q
[CLASS] qj0.c
[CLASS] [Lhv0.g;
[CLASS] f75.h
[CLASS] j15.b0
[CLASS] cr.m
[CLASS] cc5.b
[CLASS] cv1.m
[CLASS] l12.e
[CLASS] hh.b
[CLASS] sn4.bq0
[CLASS] yu1.b
[CLASS] ks.p0
[CLASS] mt2.r
[CLASS] qj0.d
[CLASS] a6.g0
[CLASS] [Ldo3.r;
[CLASS] [Ll50.a0;
[CLASS] cr.n
[CLASS] cc5.c
[CLASS] cv1.n
[CLASS] oi4.i0
[CLASS] xf2.c0
[CLASS] l12.f
[CLASS] androidx.core.widget.i
[CLASS] [Lte4.m;
[CLASS] mt2.s
[CLASS] v83.d1
[CLASS] cr.o
[CLASS] cv1.o
[CLASS] fq.i0
[CLASS] l12.g
[CLASS] $Proxy20
[CLASS] [Lzx.l;
[CLASS] js.q0
[CLASS] p10.i0
[CLASS] [Lzq.p1;
[CLASS] r32.m0
[CLASS] mt2.t
[CLASS] [Lg30.p0;
[CLASS] [Ll50.a2;
[CLASS] pw.g
[CLASS] cr.p
[CLASS] aa3.a
[CLASS] cv1.p
[CLASS] fq.i1
[CLASS] l12.h
[CLASS] zv2.g
[CLASS] r32.m1
[CLASS] [Laj.g;
[CLASS] [Ldo3.u;
[CLASS] cr.q
[CLASS] pw.h
[CLASS] cv1.q
[CLASS] aa3.b
[CLASS] l12.i
[CLASS] $Proxy22
[CLASS] [Lv83.t;
[CLASS] ys.c0
[CLASS] zv2.h
[CLASS] zs.b2
[CLASS] i54.t0
[CLASS] nb1.a0
[CLASS] f75.m
[CLASS] com.tenpay.ndk.FitScLibraryLoader
[CLASS] bn2.z1
[CLASS] qy2.f
[CLASS] pw.i
[CLASS] cr.r
[CLASS] cv1.r
[CLASS] aa3.c
[CLASS] q90.b
[CLASS] [Lym2.i;
[CLASS] l12.j
[CLASS] $Proxy23
[CLASS] androidx.core.widget.m
[CLASS] c25.a
[CLASS] z60.e
[CLASS] [Lte4.q;
[CLASS] r32.m3
[CLASS] f75.n
[CLASS] fh.p$$a
[CLASS] q90.c
[CLASS] pw.j
[CLASS] cr.s
[CLASS] ba3.r0
[CLASS] l12.k
[CLASS] x.f$$a
[CLASS] xs.d0
[CLASS] c25.b
[CLASS] r32.m4
[CLASS] $Proxy24
[CLASS] m23.m
[CLASS] d43.b2
[CLASS] be5.z0
[CLASS] [Ls33.j;
[CLASS] [Lp00.d;
[CLASS] fk.b
[CLASS] sn4.i50
[CLASS] [Lpp2.h;
[CLASS] q90.d
[CLASS] cr.t
[CLASS] ys4.b
[CLASS] [Lw94.y;
[CLASS] [Lhj.r3;
[CLASS] ve5.z0
[CLASS] $Proxy25
[CLASS] [Lfr1.d;
[CLASS] bh0.t0
[CLASS] g64.y1
[CLASS] fh.p$$c
[CLASS] um.a
[CLASS] $Proxy26
[CLASS] pn4.zf
[CLASS] zl1.l0
[CLASS] ni.g0
[CLASS] r32.m6
[CLASS] mt2.z
[CLASS] yo2.r0
[CLASS] urgen.ur_2BA9.UR_332D
[CLASS] [Ls33.l;
[CLASS] sn4.gs2
[CLASS] bn2.z5
[CLASS] fh.p$$d
[CLASS] q90.f
[CLASS] e4.v
[CLASS] um.b
[CLASS] [Lhj.r5;
[CLASS] $Proxy27
[CLASS] d90.f0
[CLASS] bn2.z6
[CLASS] [Lbm1.w;
[CLASS] q90.g
[CLASS] e4.w
[CLASS] aa3.h
[CLASS] $Proxy28
[CLASS] zl1.l2
[CLASS] pn4.zh
[CLASS] yb5.a
[CLASS] r32.m8
[CLASS] [Lvw.c0;
[CLASS] wj.j
[CLASS] bx0.e3
[CLASS] cq2.v2
[CLASS] ib3.z0
[CLASS] tq3.i0
[CLASS] ur4.k0
[CLASS] nv.e0
[CLASS] fi1.a
[CLASS] bn2.z7
[CLASS] hk3.e
[CLASS] q90.h
[CLASS] aa3.i
[CLASS] m23.r
[CLASS] androidx.fragment.app.d0
[CLASS] $Proxy29
[CLASS] [Lzf4.u0;
[CLASS] w02.c1
[CLASS] r32.m9
[CLASS] bx0.e4
[CLASS] p12.u1
[CLASS] nz.i
[CLASS] lh1.z0
[CLASS] az1.l2
[CLASS] a20.j
[CLASS] fi1.b
[CLASS] bn2.z8
[CLASS] e4.y
[CLASS] vp1.a
[CLASS] x21.a
[CLASS] m23.s
[CLASS] androidx.fragment.app.d1
[CLASS] aq4.l0
[CLASS] n24.j0
[CLASS] [Lfr1.i;
[CLASS] vs.f2
[CLASS] [Lub.b;
[CLASS] f0.a
[CLASS] urgen.ur_0025.UR_FCDB
[CLASS] qk.p2
[CLASS] nz.j
[CLASS] ee5.s0
[CLASS] a20.k
[CLASS] bn2.z9
[CLASS] e4.z
[CLASS] m23.t
[CLASS] [Lub.c;
[CLASS] androidx.fragment.app.d2
[CLASS] [Lom4.f;
[CLASS] qk.p3
[CLASS] [Lgb3.h;
[CLASS] nz.k
[CLASS] a20.l
[CLASS] hk3.h
[CLASS] [Lcf5.h1;
[CLASS] nk.ql
[CLASS] sn4.sm3
[CLASS] a20.m
[CLASS] [Lbx0.q1;
[CLASS] hk3.i
[CLASS] w10.b
[CLASS] um.h
[CLASS] sf5.h0
[CLASS] nj0.n3
[CLASS] d70.h2
[CLASS] x74.g0
[CLASS] sn4.lu2
[CLASS] xa4.d
[CLASS] c91.o0
[CLASS] qk.p5
[CLASS] [Lno.j;
[CLASS] um.i
[CLASS] ew2.b
[CLASS] sn4.lu3
[CLASS] [La80.z5;
[CLASS] dn.e
[CLASS] bx0.e9
[CLASS] lr0.a
[CLASS] y15.a
[CLASS] hk3.k
[CLASS] ka.a
[CLASS] nc3.a
[CLASS] pe5.e
[CLASS] um.j
[CLASS] dv1.a
[CLASS] jp.z0
[CLASS] um4.b$$a
[CLASS] q73.h
[CLASS] lr0.b
[CLASS] y15.b
[CLASS] a20.p
[CLASS] tb4.c1
[CLASS] hk3.l
[CLASS] nt2.f
[CLASS] zt0.y2
[CLASS] nc3.b
[CLASS] io.flutter.embedding.engine.dart.DartMessenger$DefaultTaskQueueFactory
[CLASS] um.k
[CLASS] dv1.b
[CLASS] ew2.d
[CLASS] yz2.h0
[CLASS] [Llr.f;
[CLASS] xt0.r
[CLASS] nk.s2
[CLASS] q73.i
[CLASS] nt2.g
[CLASS] a20.q
[CLASS] hk3.m
[CLASS] pe5.g
[CLASS] [Li.i;
[CLASS] um.l
[CLASS] nt2.h
[CLASS] k70.q0
[CLASS] a20.r
[CLASS] w71.q0
[CLASS] vf1.b0
[CLASS] hk3.n
[CLASS] e90.e0
[CLASS] vn4.b
[CLASS] [Lpl.u;
[CLASS] um.m
[CLASS] et.b0
[CLASS] xt0.t
[CLASS] [Lj14.g0;
[CLASS] r32.la
[CLASS] r25.f0
[CLASS] nk.s4
[CLASS] a20.s
[CLASS] vn4.c
[CLASS] p80.c1
[CLASS] um.n
[CLASS] [Ldr.q0;
[CLASS] cu0.c
[CLASS] [Lom4.n;
[CLASS] qs.a
[CLASS] s5.a
[CLASS] et0.b0
[CLASS] a20.t
[CLASS] vn4.d
[CLASS] p70.d0
[CLASS] r5.l0
[CLASS] com.tenpay.ndk.FitScLibraryLoader$ILoader$1
[CLASS] um.o
[CLASS] i05.e0
[CLASS] [Ler.p3;
[CLASS] cu0.d
[CLASS] x05.r2
[CLASS] do4.g0
[CLASS] s5.b
[CLASS] qs.b
[CLASS] r32.lc
[CLASS] wz2.n0
[CLASS] k60.r1
[CLASS] vn4.e
[CLASS] e70.e
[CLASS] [Lqx1.j3;
[CLASS] cu0.e
[CLASS] kq0.o0
[CLASS] xt0.w
[CLASS] r32.ld
[CLASS] is0.s0
[CLASS] s5.c
[CLASS] vn4.f
[CLASS] androidx.lifecycle.u0
[CLASS] tf1.h0
[CLASS] q90.u
[CLASS] ga0.n1
[CLASS] e70.f
[CLASS] com.tyun.yz.\u06df\u06e0\u06df\u06e7\u06e8
[CLASS] om4.f0
[CLASS] xt0.x
[CLASS] [Llr.l;
[CLASS] pr0.a1
[CLASS] n40.i
[CLASS] r32.le
[CLASS] sn4.sp
[CLASS] a20.w
[CLASS] cu0.g1
[CLASS] q90.v
[CLASS] [Lt50.f;
[CLASS] m12.a
[CLASS] [Lg30.t;
[CLASS] o34.e
[CLASS] qx1.z3
[CLASS] om4.f1
[CLASS] xt0.y
[CLASS] s5.e
[CLASS] pr0.a2
[CLASS] jq.f0
[CLASS] r32.lf
[CLASS] is0.s2
[CLASS] n40.j
[CLASS] du1.j0
[CLASS] a20.x
[CLASS] ko2.a
[CLASS] bx0.da
[CLASS] cx2.p0
[CLASS] q90.w
[CLASS] s5.f
[CLASS] r32.lg
[CLASS] qz2.d0
[CLASS] n40.k
[CLASS] ms1.m
[CLASS] an.w0
[CLASS] rj0.a
[CLASS] [Ljw1.g;
[CLASS] g75.f
[CLASS] [Lp00.x;
[CLASS] l01.a
[CLASS] [Lg30.v;
[CLASS] [Lp80.o1;
[CLASS] s5.g
[CLASS] [Lyv.u0;
[CLASS] n40.l
[CLASS] an.w1
[CLASS] rj0.b
[CLASS] ct0.h2
[CLASS] b6.c
[CLASS] y70.g4
[CLASS] [Leh1.e0;
[CLASS] o34.h
[CLASS] [Lu80.b0;
[CLASS] nk.qz
[CLASS] r32.li
[CLASS] zu1.a
[CLASS] s5.h
[CLASS] qk.oa
[CLASS] [Lp00.z;
[CLASS] b6.d
[CLASS] q90.z
[CLASS] n23.g
[CLASS] ea0.t2
[CLASS] s5.i
[CLASS] zu1.b
[CLASS] urgen.ur_2BA9.UR_12FB
[CLASS] b6.e
[CLASS] [Lpr0.m0;
[CLASS] pw4.t0
[CLASS] na.m0
[CLASS] cu0.l
[CLASS] n23.h
[CLASS] kq0.o7
[CLASS] a05.a0
[CLASS] [Llr.r;
[CLASS] s5.j
[CLASS] zu1.c
[CLASS] ea0.t3
[CLASS] o34.j
[CLASS] j15.c0
[CLASS] [Ljw1.k;
[CLASS] org.chromium.net.NetworkChangeNotifierAutoDetect$NetworkState
[CLASS] b6.f
[CLASS] hk3.y
[CLASS] bc0.f
[CLASS] io.flutter.plugin.common.BinaryMessenger$TaskQueueOptions
[CLASS] n23.i
[CLASS] s5.k
[CLASS] zu1.d
[CLASS] bc0.g
[CLASS] b6.g
[CLASS] b20.a
[CLASS] hk3.z
[CLASS] a6.h0
[CLASS] oi4.j0
[CLASS] wk.x$$b
[CLASS] org.chromium.net.NetworkChangeNotifierAutoDetect$MyNetworkCallback$1
[CLASS] s5.l
[CLASS] zu1.e
[CLASS] pr0.a9
[CLASS] bc0.h
[CLASS] nt2.u
[CLASS] b6.h
[CLASS] [Lpo1.c;
[CLASS] b20.b
[CLASS] ry2.e
[CLASS] fq.j0
[CLASS] $Proxy30
[CLASS] wk.x$$c
[CLASS] org.chromium.net.NetworkChangeNotifierAutoDetect$MyNetworkCallback$2
[CLASS] js.r0
[CLASS] s5.m
[CLASS] zu1.f
[CLASS] bc0.i
[CLASS] r32.n0
[CLASS] ta1.m0
[CLASS] b6.i
[CLASS] v83.e2
[CLASS] ry2.f
[CLASS] fq.j1
[CLASS] $Proxy31
[CLASS] [Llj1.u;
[CLASS] s5.n
[CLASS] d25.a
[CLASS] bc0.j
[CLASS] yt0.e
[CLASS] r32.n1
[CLASS] my.a
[CLASS] b6.j
[CLASS] ry2.g
[CLASS] $Proxy32
[CLASS] [Lip2.r0;
[CLASS] i54.u0
[CLASS] ys.d0
[CLASS] s5.o
[CLASS] [Lcb2.u0;
[CLASS] bc0.k
[CLASS] zs.c2
[CLASS] yt0.f
[CLASS] d25.b
[CLASS] r32.n2
[CLASS] my.b
[CLASS] b6.k
[CLASS] com.tyun.yz.\u06df\u06e1\u06e5\u06e0\u06e0
[CLASS] io.flutter.plugin.common.BinaryMessenger
[CLASS] ss2.e0
[CLASS] ry2.h
[CLASS] ov.i
[CLASS] $Proxy33
[CLASS] [Lk63.h;
[CLASS] s5.p
[CLASS] r32.n3
[CLASS] bc0.l
[CLASS] yt0.g
[CLASS] d25.c
[CLASS] nt2.y
[CLASS] my.c
[CLASS] b6.l
[CLASS] xb0.a
[CLASS] ba3.s0
[CLASS] [Lrs0.r;
[CLASS] $Proxy34
[CLASS] xs.e0
[CLASS] pf1.a
[CLASS] s5.q
[CLASS] d25.d
[CLASS] r32.n4
[CLASS] p32.t0
[CLASS] my.d
[CLASS] xb0.b
[CLASS] $Proxy35
[CLASS] [Lv83.q0;
[CLASS] pf1.b
[CLASS] s5.r
[CLASS] r32.n5
[CLASS] d25.e
[CLASS] [Lhb3.d;
[CLASS] my.e
[CLASS] b6.n
[CLASS] xb0.c
[CLASS] [Lbl0.u;
[CLASS] ov.l
[CLASS] ws.f0
[CLASS] $Proxy36
[CLASS] zl1.m0
[CLASS] pf1.c
[CLASS] ni.h0
[CLASS] j00.a0
[CLASS] zb5.a
[CLASS] s5.s
[CLASS] d25.f
[CLASS] r32.n6
[CLASS] g64.z2
[CLASS] my.f
[CLASS] xb0.d
[CLASS] ej.d
[CLASS] tl.b
[CLASS] jn.o0
[CLASS] $Proxy37
[CLASS] d90.g0
[CLASS] s5.t
[CLASS] bx0.f2
[CLASS] [Lib3.k1;
[CLASS] vi.i
[CLASS] i74.i0$$a
[CLASS] d25.g
[CLASS] [Lvx0.e;
[CLASS] r32.n7
[CLASS] xb0.e
[CLASS] ej.e
[CLASS] io.flutter.embedding.engine.MMFlutterEngineGroup$createAndRunEngineAsync$1
[CLASS] ry2.m
[CLASS] com.facebook.yoga.YogaNative
[CLASS] wp1.a
[CLASS] $Proxy38
[CLASS] zl1.m2
[CLASS] s5.u
[CLASS] bx0.f3
[CLASS] d25.h
[CLASS] vi.j
[CLASS] r32.n8
[CLASS] p32.t4
[CLASS] tq3.j0
[CLASS] ur4.l0
[CLASS] az1.m1
[CLASS] io.flutter.embedding.engine.MMFlutterEngineGroup$createAndRunEngineAsync$2
[CLASS] te4.a0
[CLASS] ry2.n
[CLASS] urgen.ur_0025.UR_5769
[CLASS] qe5.a
[CLASS] vs.g1
[CLASS] [Ly94.b;
[CLASS] $Proxy39
[CLASS] k0.p0
[CLASS] rh3.j
[CLASS] w02.d1
[CLASS] s5.v
[CLASS] r32.n9
[CLASS] p12.v1
[CLASS] bx0.f4
[CLASS] vi.k
[CLASS] d25.i
[CLASS] az1.m2
[CLASS] [Lr11.m;
[CLASS] jl4.j
[CLASS] te4.a1
[CLASS] ry2.o
[CLASS] qe5.b
[CLASS] vs.g2
[CLASS] androidx.fragment.app.e1
[CLASS] aq4.m0
[CLASS] n24.k0
[CLASS] zc.y
[CLASS] rh3.k
[CLASS] androidx.window.embedding.ActivityRule
[CLASS] s5.w
[CLASS] vi.l
[CLASS] [Lvx0.h;
[CLASS] qk.q2
[CLASS] ae5.d0
[CLASS] ee5.t0
[CLASS] io.flutter.embedding.engine.renderer.FlutterRenderer
[CLASS] ej.h
[CLASS] jl4.k
[CLASS] nj0.o1
[CLASS] androidx.fragment.app.e2
[CLASS] rh3.l
[CLASS] d25.k
[CLASS] vi.m
[CLASS] [Lwy1.k;
[CLASS] qk.q3
[CLASS] rj0.s
[CLASS] sn4.sn2
[CLASS] pq.a0
[CLASS] ee5.t1
[CLASS] ej.i
[CLASS] jl4.l
[CLASS] r90.m
[CLASS] te4.a3
[CLASS] [Lww4.e;
[CLASS] [Ldo3.l2;
[CLASS] io.flutter.embedding.engine.systemchannels.SettingsChannel$MessageBuilder
[CLASS] [Lm3.b;
[CLASS] d25.l
[CLASS] io.flutter.embedding.engine.MMFlutterEngineGroup$createAndRunEngineAsync$6
[CLASS] qk.q4
[CLASS] sn4.u03
[CLASS] rj0.t
[CLASS] z15.a
[CLASS] ro.a
[CLASS] ej.j
[CLASS] r90.n
[CLASS] ev1.a
[CLASS] d70.i2
[CLASS] x74.h0
[CLASS] nk.rm
[CLASS] d25.m
[CLASS] bx0.f8
[CLASS] vi.o
[CLASS] qk.q5
[CLASS] rj0.u
[CLASS] ej.k
[CLASS] jl4.n
[CLASS] ro.b
[CLASS] ss.j0
[CLASS] r90.o
[CLASS] ev1.b
[CLASS] gt.a0
[CLASS] d25.n
[CLASS] bx0.f9
[CLASS] vi.p
[CLASS] u3.p$$b
[CLASS] wn4.a
[CLASS] [Lo0.k;
[CLASS] ro.c
[CLASS] ej.l
[CLASS] jl4.o
[CLASS] oc3.c
[CLASS] r90.p
[CLASS] vl3.i1
[CLASS] ev1.c
[CLASS] q45.a
[CLASS] sf5.i2
[CLASS] sn4.ti
[CLASS] [Lo70.r0;
[CLASS] tb4.d1
[CLASS] ro.d
[CLASS] ej.m
[CLASS] jl4.p
[CLASS] zt0.z2
[CLASS] zg1.r0
[CLASS] [Len2.f;
[CLASS] r90.q
[CLASS] ev1.d
[CLASS] sn4.lv5
[CLASS] b35.v0
[CLASS] [Lol3.k;
[CLASS] [Lkq.f;
[CLASS] d25.p
[CLASS] qk.q8
[CLASS] ns1.g
[CLASS] vm3.a
[CLASS] io.flutter.embedding.engine.FlutterEngine$EngineLifecycleListener
[CLASS] ej.n
[CLASS] ro.e
[CLASS] mt4.f4
[CLASS] r90.r
[CLASS] ev1.e
[CLASS] d25.q
[CLASS] gg4.e
[CLASS] p23.a3
[CLASS] rj0.y
[CLASS] vf1.c0
[CLASS] ro.f
[CLASS] ej.o
[CLASS] sn4.qx0
[CLASS] mt4.f5
[CLASS] r90.s
[CLASS] wp1.k
[CLASS] et.c0
[CLASS] ev1.f
[CLASS] d25.r
[CLASS] r32.ma
[CLASS] gg4.f
[CLASS] p23.a4
[CLASS] r73.m
[CLASS] w71.r1
[CLASS] ro.g
[CLASS] ej.p
[CLASS] p80.d1
[CLASS] [Ldm1.g;
[CLASS] [Lfo3.k;
[CLASS] urgen.ur_C563.UR_5A77
[CLASS] wp1.l
[CLASS] f70.e
[CLASS] b50.q0
[CLASS] r32.mb
[CLASS] [Lm3.i;
[CLASS] et0.c0
[CLASS] r73.n
[CLASS] [Lhb3.r;
[CLASS] ro.h
[CLASS] com.catfish.newvip.util.\u06df\u06e5\u06df\u06e1\u06e8
[CLASS] r5.m0
[CLASS] f70.f
[CLASS] x05.s2
[CLASS] do4.h0
[CLASS] [Lm3.j;
[CLASS] r32.mc
[CLASS] wz2.o0
[CLASS] k60.s1
[CLASS] r73.o
[CLASS] o40.i
[CLASS] [Li70.h1;
[CLASS] tk1.a
[CLASS] [Lx70.u3;
[CLASS] oc3.i
[CLASS] [Lfo3.m;
[CLASS] sn4.di0
[CLASS] [Ler.q4;
[CLASS] kq0.p0
[CLASS] n12.a
[CLASS] x05.s3
[CLASS] d25.u
[CLASS] pr0.b0
[CLASS] r32.md
[CLASS] sn4.ka2
[CLASS] o40.j
[CLASS] tk1.b
[CLASS] androidx.lifecycle.v0
[CLASS] et4.c
[CLASS] g64.c
[CLASS] ej.s
[CLASS] [Lx70.u4;
[CLASS] xf1.y0
[CLASS] tl.q
[CLASS] om4.g0
[CLASS] r32.me
[CLASS] sj0.a
[CLASS] et4.d
[CLASS] g64.d
[CLASS] ej.t
[CLASS] b30.s0
[CLASS] om4.g1
[CLASS] jq.g0
[CLASS] r32.mf
[CLASS] pr0.b2
[CLASS] bx0.ea
[CLASS] du1.k0
[CLASS] [Ll80.f;
[CLASS] sj0.b
[CLASS] a5.a
[CLASS] et4.e
[CLASS] cx2.q0
[CLASS] tl.s
[CLASS] [Lp80.p0;
[CLASS] r32.mg
[CLASS] qz2.e0
[CLASS] r73.s
[CLASS] an.x0
[CLASS] sj0.c
[CLASS] ej.v
[CLASS] et4.f
[CLASS] androidx.activity.ComponentActivity$3
[CLASS] an.x1
[CLASS] r73.t
[CLASS] sj0.d
[CLASS] vm3.j
[CLASS] et4.g
[CLASS] ej.w
[CLASS] [Lgg1.a2;
[CLASS] y70.h4
[CLASS] nu.a
[CLASS] [Luu2.o;
[CLASS] [Lzl1.c;
[CLASS] androidx.activity.ComponentActivity$4
[CLASS] r32.mi
[CLASS] lo2.f
[CLASS] qk.pa
[CLASS] sj0.e
[CLASS] vm3.k
[CLASS] et4.h
[CLASS] [Lrp2.c;
[CLASS] [Lbr.t4;
[CLASS] nu.b
[CLASS] ea0.u2
[CLASS] [Lbz1.i;
[CLASS] androidx.activity.ComponentActivity$5
[CLASS] r32.mj
[CLASS] lo2.g
[CLASS] [Lah1.c;
[CLASS] sj0.f
[CLASS] ej.y
[CLASS] pw4.u0
[CLASS] c20.a
[CLASS] na.n0
[CLASS] kq0.p7
[CLASS] ea0.u3
[CLASS] r32.mk
[CLASS] pr0.b7
[CLASS] qk.pc
[CLASS] androidx.work.impl.background.systemalarm.RescheduleReceiver
[CLASS] j15.d0
[CLASS] sn4.bs0
[CLASS] yb.m
[CLASS] [Lzl1.f;
[CLASS] p34.m
[CLASS] pr0.b8
[CLASS] ks.r0
[CLASS] vm3.n
[CLASS] [Lbx0.qa;
[CLASS] a6.i0
[CLASS] a5.g
[CLASS] qw0.b
[CLASS] oi4.k0
[CLASS] rn_545.rn_546.rn_547.\u06df\u06e1\u06e4\u06e5\u06e7
[CLASS] xf2.e0
[CLASS] yb.n
[CLASS] [Lis2.d;
[CLASS] e25.a
[CLASS] [Lzq.r0;
[CLASS] [Lah1.f;
[CLASS] vm3.o
[CLASS] a5.h
[CLASS] [Ll50.c1;
[CLASS] c20.d
[CLASS] fq.k0
[CLASS] fw2.u
[CLASS] $Proxy40
[CLASS] yb.o
[CLASS] [Lzl1.h;
[CLASS] rg2.a
[CLASS] p10.k0
[CLASS] r32.o0
[CLASS] e25.b
[CLASS] [Lra0.j;
[CLASS] hz0.a
[CLASS] ta1.n0
[CLASS] [Ljv0.n;
[CLASS] tk1.l
[CLASS] vm3.p
[CLASS] [Ll40.d0;
[CLASS] c20.e
[CLASS] q63.u0
[CLASS] a5.i
[CLASS] v83.f2
[CLASS] fq.k1
[CLASS] $Proxy41
[CLASS] [Li30.b;
[CLASS] r32.o1
[CLASS] rg2.b
[CLASS] e25.c
[CLASS] hz0.b
[CLASS] sn4.ik5
[CLASS] tk1.m
[CLASS] [Lau2.j1;
[CLASS] c20.f
[CLASS] fw2.w
[CLASS] [Lnj.e;
[CLASS] $Proxy42
[CLASS] o23.o
[CLASS] [Leu.i0;
[CLASS] [Lm74.k;
[CLASS] rg2.c
[CLASS] e25.d
[CLASS] [Lra0.l;
[CLASS] [Lib3.c;
[CLASS] a5.k
[CLASS] wc1.e0
[CLASS] $Proxy43
[CLASS] [Lis2.h;
[CLASS] r32.o3
[CLASS] [Lgq0.d;
[CLASS] e25.e
[CLASS] [Liw.q1;
[CLASS] hz0.d
[CLASS] pp.v0
[CLASS] a5.l
[CLASS] [Lr00.g;
[CLASS] [Lpt.s0;
[CLASS] di.a
[CLASS] ba3.t0
[CLASS] fw2.y
[CLASS] [Luu2.x;
[CLASS] xs.f0
[CLASS] [Lzl1.l;
[CLASS] $Proxy44
[CLASS] [Lm74.m;
[CLASS] r32.o4
[CLASS] sn4.d56
[CLASS] e25.f
[CLASS] p32.u0
[CLASS] [Lxy1.f;
[CLASS] a5.m
[CLASS] com.tyun.yz.Dialog.\u06df\u06e4\u06e6\u06e6\u06e7
[CLASS] [Lw52.l0;
[CLASS] com.tyun.yz.VerifyGetInfo
[CLASS] $Proxy45
[CLASS] o23.r
[CLASS] q45.v
[CLASS] r32.o5
[CLASS] e25.g
[CLASS] [Lib3.f;
[CLASS] a5.n
[CLASS] [Llm.b;
[CLASS] di.c
[CLASS] [Lvy.k;
[CLASS] [Lhj.t4;
[CLASS] ws.g0
[CLASS] $Proxy46
[CLASS] zl1.n0
[CLASS] j00.b0
[CLASS] r32.o6
[CLASS] e25.h
[CLASS] a5.o
[CLASS] $Proxy47
[CLASS] jn.p0
[CLASS] sk.b
[CLASS] np.protect.\u06e4\u06e5\u06df
[CLASS] d90.h0
[CLASS] r32.o7
[CLASS] rg2.h
[CLASS] e25.i
[CLASS] nk.p20
[CLASS] sk.c
[CLASS] zl1.n2
[CLASS] $Proxy48
[CLASS] rg2.i
[CLASS] pr0.aa
[CLASS] e25.j
[CLASS] p32.u4
[CLASS] bx0.g3
[CLASS] tq3.k0
[CLASS] ur4.m0
[CLASS] cq2.x2
[CLASS] az1.n1
[CLASS] p12.w0
[CLASS] te4.b0
[CLASS] [Lvy.n;
[CLASS] vs.h1
[CLASS] $Proxy49
[CLASS] gw2.a
[CLASS] com.\u06e7\u06e7\u06e8\u06e3
[CLASS] w02.e1
[CLASS] r32.o9
[CLASS] bx0.g4
[CLASS] pr0.ab
[CLASS] te4.b1
[CLASS] re5.d
[CLASS] sy2.q
[CLASS] s90.m
[CLASS] vs.h2
[CLASS] androidx.fragment.app.f1
[CLASS] aq4.n0
[CLASS] gw2.b
[CLASS] rg2.k
[CLASS] bx0.g5
[CLASS] qk.r2
[CLASS] ae5.e0
[CLASS] ee5.u0
[CLASS] s90.n
[CLASS] nj0.p1
[CLASS] androidx.fragment.app.f2
[CLASS] fv1.a
[CLASS] rg2.l
[CLASS] pr0.ad
[CLASS] qk.r3
[CLASS] [Lah1.r;
[CLASS] ee5.u1
[CLASS] sn4.so2
[CLASS] pq.b0
[CLASS] r3.b0
[CLASS] s90.o
[CLASS] pc3.b
[CLASS] fv1.b
[CLASS] bx0.g7
[CLASS] qk.r4
[CLASS] s0.a
[CLASS] s90.p
[CLASS] nj0.p3
[CLASS] y10.f
[CLASS] d70.j2
[CLASS] [Lvu2.d;
[CLASS] fv1.c
[CLASS] nk.sm
[CLASS] bx0.g8
[CLASS] c91.q0
[CLASS] qk.r5
[CLASS] xn4.b
[CLASS] s0.b
[CLASS] ss.k0
[CLASS] s90.q
[CLASS] g70.b
[CLASS] fv1.d
[CLASS] sn4.lw3
[CLASS] ht.a2
[CLASS] zt0.t
[CLASS] qk.r6
[CLASS] [Lah1.u;
[CLASS] p40.e
[CLASS] tb4.e0
[CLASS] sf5.j2
[CLASS] vl3.j1
[CLASS] g70.c
[CLASS] fv1.e
[CLASS] rg2.p
[CLASS] nk.u1
[CLASS] zt0.u
[CLASS] bl.f
[CLASS] urgen.ur_54A4.UR_D487
[CLASS] p40.f
[CLASS] tb4.e1
[CLASS] s0.d
[CLASS] zg1.s0
[CLASS] ft.c0
[CLASS] g70.d
[CLASS] fv1.f
[CLASS] b35.w0
[CLASS] rg2.q
[CLASS] bl.g
[CLASS] zt0.v
[CLASS] s0.e
[CLASS] sy2.x
[CLASS] f5.b$$a
[CLASS] sk.l
[CLASS] g70.e
[CLASS] [Lvu2.h;
[CLASS] fv1.g
[CLASS] p23.a
[CLASS] [Lv50.d;
[CLASS] bl.h
[CLASS] qk.r9
[CLASS] p23.b3
[CLASS] k70.s0
[CLASS] e90.g0
[CLASS] s0.f
[CLASS] ft4.a
[CLASS] io.flutter.embedding.engine.systemchannels.SpellCheckChannel$1
[CLASS] re5.l
[CLASS] androidx.window.embedding.EmbeddingRule
[CLASS] et.d0
[CLASS] fv1.h
[CLASS] nk.u4
[CLASS] [Lj14.i0;
[CLASS] r32.na
[CLASS] [Lbx0.s7;
[CLASS] s0.g
[CLASS] p80.e1
[CLASS] wm3.e
[CLASS] sy2.z
[CLASS] fv1.i
[CLASS] [Lv50.f;
[CLASS] rg2.t
[CLASS] [Lbx0.s8;
[CLASS] p70.f0
[CLASS] qn.h
[CLASS] s0.h
[CLASS] [Lm80.d;
[CLASS] g53.a
[CLASS] [Lts0.g;
[CLASS] rg2.u
[CLASS] r32.nc
[CLASS] wz2.p0
[CLASS] oq.b
[CLASS] k60.t1
[CLASS] tj0.a
[CLASS] qn.i
[CLASS] i75.f
[CLASS] g53.b
[CLASS] [Lqx1.l3;
[CLASS] [Lv50.h;
[CLASS] x05.t3
[CLASS] r32.nd
[CLASS] pr0.c0
[CLASS] oq.c
[CLASS] sn4.w1
[CLASS] [Ljc4.x;
[CLASS] androidx.lifecycle.w0
[CLASS] s0.j
[CLASS] uh2.k2
[CLASS] m30.q1
[CLASS] om4.h0
[CLASS] r32.ne
[CLASS] rg2.w
[CLASS] oq.d
[CLASS] oa5.c10
[CLASS] wm3.i
[CLASS] tj0.c
[CLASS] b30.t0
[CLASS] gw2.o
[CLASS] om4.h1
[CLASS] rg2.x
[CLASS] r32.nf
[CLASS] pr0.c2
[CLASS] bx0.fa
[CLASS] oq.e
[CLASS] du1.l0
[CLASS] wm3.j
[CLASS] [Lkv0.h;
[CLASS] s0.l
[CLASS] ft4.g
[CLASS] cx2.r0
[CLASS] re5.r
[CLASS] gw2.p
[CLASS] r32.ng
[CLASS] [Lwu.e;
[CLASS] an.y0
[CLASS] ct0.j1
[CLASS] wm3.k
[CLASS] s0.m
[CLASS] ft4.h
[CLASS] [Lgg1.b1;
[CLASS] org.chromium.net.ICronetEngineBuilder
[CLASS] [Lp80.q1;
[CLASS] gw2.q
[CLASS] r45.m
[CLASS] rg2.z
[CLASS] [Ly7.f;
[CLASS] sn4.w5
[CLASS] ct0.j2
[CLASS] wm3.l
[CLASS] s0.n
[CLASS] [Lur4.h;
[CLASS] yu2.o0
[CLASS] at.h0
[CLASS] [Lbr.u3;
[CLASS] y70.i4
[CLASS] sn4.pd0
[CLASS] rn_545.rn_546.rn_547.rn_3290$1
[CLASS] gw2.r
[CLASS] [Lu80.d0;
[CLASS] r32.ni
[CLASS] r45.n
[CLASS] ft4.j
[CLASS] [Lsn3.c0;
[CLASS] rn_545.rn_546.rn_547.rn_3290$2
[CLASS] ea0.v2
[CLASS] p23.k
[CLASS] r32.nj
[CLASS] r45.o
[CLASS] qk.qb
[CLASS] tj0.h
[CLASS] pw4.v0
[CLASS] s0.p
[CLASS] [Lbr.u5;
[CLASS] na.o0
[CLASS] ll4.a
[CLASS] rn_545.rn_546.rn_547.rn_3290$3
[CLASS] kq0.q7
[CLASS] ea0.v3
[CLASS] p23.l
[CLASS] r45.p
[CLASS] r32.nk
[CLASS] pr0.c7
[CLASS] f25.a
[CLASS] qk.qc
[CLASS] j15.e0
[CLASS] org.chromium.net.NetworkChangeNotifier
[CLASS] e31.f
[CLASS] h64.l
[CLASS] ll4.b
[CLASS] rn_545.rn_546.rn_547.rn_3290$4
[CLASS] p23.m
[CLASS] q34.o
[CLASS] ks.s0
[CLASS] pr0.c8
[CLASS] f25.b
[CLASS] kf3.s2
[CLASS] rn_545.rn_546.rn_547.rn_4508
[CLASS] tj0.j
[CLASS] [Lbh1.g;
[CLASS] e31.g
[CLASS] [Lur4.l;
[CLASS] rn_545.rn_546.rn_547.rn_3290
[CLASS] ll4.c
[CLASS] h64.m
[CLASS] v83.g0
[CLASS] oi4.l0
[CLASS] a6.j0
[CLASS] rn_545.rn_546.rn_547.rn_2802
[CLASS] [Lby0.l;
[CLASS] tg.a
[CLASS] tj0.k
[CLASS] s0.s
[CLASS] fq.l0
[CLASS] urgen.ur_96F1.URS_6679
[CLASS] $Proxy50
[CLASS] io.flutter.view.VsyncWaiter
[CLASS] p10.l0
[CLASS] [Lzq.s1;
[CLASS] r32.p0
[CLASS] e14.b
[CLASS] n74.h0
[CLASS] [Lsa0.l;
[CLASS] q63.v0
[CLASS] tj0.l
[CLASS] s0.t
[CLASS] uk1.n
[CLASS] v83.g2
[CLASS] re5.z
[CLASS] fq.l1
[CLASS] tg.b
[CLASS] $Proxy51
[CLASS] sn4.bt3
[CLASS] q34.r
[CLASS] [Ldy.b;
[CLASS] pq2.p1
[CLASS] [Lxe0.g2;
[CLASS] r32.p1
[CLASS] uk1.o
[CLASS] tj0.m
[CLASS] $Proxy52
[CLASS] q34.s
[CLASS] r45.u
[CLASS] zs.e2
[CLASS] r32.p2
[CLASS] qe0.a
[CLASS] nb1.d0
[CLASS] [Lbh1.k;
[CLASS] tj0.n
[CLASS] [Lav2.g;
[CLASS] kk3.e
[CLASS] $Proxy53
[CLASS] sn4.bt5
[CLASS] q34.t
[CLASS] r32.p3
[CLASS] [Ljs2.j;
[CLASS] kw.c
[CLASS] ba3.u0
[CLASS] ty2.m
[CLASS] [Lsr0.h1;
[CLASS] $Proxy54
[CLASS] d43.e2
[CLASS] r32.p4
[CLASS] kg.a0
[CLASS] fh.h1$$e
[CLASS] p32.v0
[CLASS] [Ljb3.g;
[CLASS] [Lkv0.t;
[CLASS] [Ls00.j;
[CLASS] [Lur4.r;
[CLASS] zy.b
[CLASS] ty2.n
[CLASS] $Proxy55
[CLASS] fh.h1$$f
[CLASS] nk.te
[CLASS] r32.p5
[CLASS] qe0.d
[CLASS] [Lld5.l;
[CLASS] zy.c
[CLASS] ty2.o
[CLASS] ws.h0
[CLASS] $Proxy56
[CLASS] zc5.a$$a
[CLASS] jy4.d
[CLASS] j00.c0
[CLASS] r32.p6
[CLASS] p32.v2
[CLASS] kw.f
[CLASS] [Ls00.l;
[CLASS] zy.d
[CLASS] ty2.p
[CLASS] jn.q0
[CLASS] $Proxy57
[CLASS] jy4.e
[CLASS] r32.p7
[CLASS] kw.g
[CLASS] zy.e
[CLASS] ty2.q
[CLASS] zl1.o2
[CLASS] [Lv50.z;
[CLASS] jy4.f
[CLASS] $Proxy58
[CLASS] r32.p8
[CLASS] bx0.h3
[CLASS] qe0.g
[CLASS] tq3.l0
[CLASS] ur4.n0
[CLASS] qt2.e
[CLASS] te4.c0
[CLASS] ty2.r
[CLASS] vs.i1
[CLASS] k0.r0
[CLASS] $Proxy59
[CLASS] gv1.a
[CLASS] [Lzf4.x0;
[CLASS] jy4.g
[CLASS] w02.f1
[CLASS] bx0.h4
[CLASS] r32.p9
[CLASS] p12.x1
[CLASS] qk.s1
[CLASS] [Lsa0.u;
[CLASS] pr0.bb
[CLASS] az1.o2
[CLASS] [Lld5.p;
[CLASS] mp.z0
[CLASS] androidx.fragment.app.g1
[CLASS] z10.e
[CLASS] aq4.o0
[CLASS] jy4.h
[CLASS] qk.s2
[CLASS] ee5.v0
[CLASS] t73.i
[CLASS] [Lwf0.f;
[CLASS] [Lj13.g;
[CLASS] z10.f
[CLASS] gv1.c
[CLASS] [Lhr.p0;
[CLASS] pr0.bd
[CLASS] qk.s3
[CLASS] ak.b
[CLASS] pq.c0
[CLASS] t73.j
[CLASS] [Ldo3.n2;
[CLASS] androidx.fragment.app.g3
[CLASS] gv1.d
[CLASS] jy4.j
[CLASS] bx0.h7
[CLASS] [Lql3.k;
[CLASS] qk.s4
[CLASS] hf3.b
[CLASS] t73.k
[CLASS] q40.e
[CLASS] hg5.m0
[CLASS] nj0.q3
[CLASS] d70.k2
[CLASS] gv1.e
[CLASS] io.flutter.embedding.engine.plugins.broadcastreceiver.BroadcastReceiverControlSurface
[CLASS] r34.a
[CLASS] hf3.c
[CLASS] tg.o
[CLASS] se5.j
[CLASS] xj1.w0
[CLASS] androidx.window.embedding.ExtensionEmbeddingBackend$EmbeddingCallbackImpl
[CLASS] r34.b
[CLASS] pq4.b
[CLASS] hf3.d
[CLASS] tb4.f0
[CLASS] urgen.ur_0025.UR_D46C
[CLASS] j75.b
[CLASS] [Lb71.q;
[CLASS] sf5.k2
[CLASS] vl3.k1
[CLASS] q23.a
[CLASS] r34.c
[CLASS] pq4.c
[CLASS] qk.s7
[CLASS] p23.c1
[CLASS] [Lo70.t0;
[CLASS] tb4.f1
[CLASS] j75.c
[CLASS] sn4.xr0
[CLASS] ft.d0
[CLASS] b35.x0
[CLASS] r34.d
[CLASS] pq4.d
[CLASS] e23.f0
[CLASS] ak.g
[CLASS] [Lvr4.a;
[CLASS] j75.d
[CLASS] io.flutter.embedding.engine.dart.DartMessenger$DartMessengerTaskQueue
[CLASS] pq4.e
[CLASS] r34.e
[CLASS] p23.c3
[CLASS] [Lbx0.t6;
[CLASS] e90.h0
[CLASS] urgen.ur_0025.URS_78EA
[CLASS] [Lds0.s1;
[CLASS] r34.f
[CLASS] no2.b
[CLASS] p80.f1
[CLASS] sn4.fa6
[CLASS] [Lw50.h;
[CLASS] r32.ob
[CLASS] r34.g
[CLASS] [Lql3.r;
[CLASS] np.a
[CLASS] hf3.i
[CLASS] p70.g0
[CLASS] r5.o0
[CLASS] [Ler.s3;
[CLASS] sz2.a0
[CLASS] do4.j0
[CLASS] r32.oc
[CLASS] r34.h
[CLASS] pq4.h
[CLASS] k60.u1
[CLASS] hf3.j
[CLASS] [Lx70.w3;
[CLASS] [Lp23.o0;
[CLASS] sn4.z45
[CLASS] x05.u3
[CLASS] pq4.i
[CLASS] pr0.d0
[CLASS] r32.od
[CLASS] hf3.k
[CLASS] [Lta0.d;
[CLASS] androidx.lifecycle.x0
[CLASS] [Lx70.w4;
[CLASS] xc5.a1
[CLASS] ga0.q1
[CLASS] [Ler.s5;
[CLASS] sy2.b0
[CLASS] urgen.ur_C563.URS_FD2B
[CLASS] fb4.a
[CLASS] om4.i0
[CLASS] xj2.c0
[CLASS] r32.oe
[CLASS] io.flutter.plugins.pathprovider.Messages$PathProviderApi$$a
[CLASS] fb4.b
[CLASS] om4.i1
[CLASS] iz.p
[CLASS] is0.v2
[CLASS] sn4.vq
[CLASS] hf3.m
[CLASS] du1.m0
[CLASS] np.e
[CLASS] com.catfish.newvip.MainEntry$1
[CLASS] io.flutter.plugins.pathprovider.Messages$PathProviderApi$$b
[CLASS] cx2.s0
[CLASS] bt2.x3
[CLASS] [Lp80.r0;
[CLASS] r32.og
[CLASS] iz.q
[CLASS] qz2.g0
[CLASS] an.z0
[CLASS] ct0.k1
[CLASS] np.f
[CLASS] urgen.ur_0025.UR_9197
[CLASS] io.flutter.plugins.pathprovider.Messages$PathProviderApi$$c
[CLASS] [Lym3.o0;
[CLASS] e20.b
[CLASS] y70.j3
[CLASS] h70.o
[CLASS] nk.ty
[CLASS] r32.oh
[CLASS] iz.r
[CLASS] [Lyv.x0;
[CLASS] [Liu.g0;
[CLASS] sn4.x5
[CLASS] np.g
[CLASS] io.flutter.plugins.pathprovider.Messages$PathProviderApi$$d
[CLASS] yu2.p0
[CLASS] r32.oi
[CLASS] iz.s
[CLASS] np.h
[CLASS] g25.a
[CLASS] io.flutter.plugins.pathprovider.Messages$PathProviderApi$$e
[CLASS] [Ltp2.g;
[CLASS] ea0.w2
[CLASS] h70.q
[CLASS] r32.oj
[CLASS] iz.t
[CLASS] np.i
[CLASS] g25.b
[CLASS] u15.c1
[CLASS] [Lpr0.p0;
[CLASS] io.flutter.plugins.pathprovider.Messages$PathProviderApi$$f
[CLASS] na.p0
[CLASS] kq0.r7
[CLASS] ea0.w3
[CLASS] r32.ok
[CLASS] iz.u
[CLASS] pr0.d7
[CLASS] qk.rc
[CLASS] g25.c
[CLASS] do4.a
[CLASS] kf3.t1
[CLASS] j15.f0
[CLASS] uy2.i
[CLASS] sn4.bu0
[CLASS] h70.s
[CLASS] [Lcf4.b;
[CLASS] ks.t0
[CLASS] iz.v
[CLASS] pr0.d8
[CLASS] [Lk30.c;
[CLASS] g25.d
[CLASS] kf3.t2
[CLASS] a6.k0
[CLASS] [Ll50.e0;
[CLASS] v83.h0
[CLASS] oi4.m0
[CLASS] io.flutter.embedding.engine.plugins.service.ServiceControlSurface
[CLASS] uy2.j
[CLASS] n5.e
[CLASS] h70.t
[CLASS] q23.p
[CLASS] iz.w
[CLASS] g25.e
[CLASS] e03.a
[CLASS] fq.m0
[CLASS] io.flutter.embedding.engine.systemchannels.LocalizationChannel$1
[CLASS] uy2.k
[CLASS] $Proxy60
[CLASS] sn4.bu2
[CLASS] io.flutter.embedding.engine.systemchannels.RestorationChannel
[CLASS] p10.m0
[CLASS] pq2.q0
[CLASS] r32.q0
[CLASS] q23.q
[CLASS] iz.x
[CLASS] g25.f
[CLASS] e03.b
[CLASS] [Ljw.r0;
[CLASS] [Ll50.e2;
[CLASS] fq.m1
[CLASS] ls.g
[CLASS] fb4.k
[CLASS] org.chromium.net.httpflags.BaseFeatureOverridesOrBuilder
[CLASS] r32.q1
[CLASS] [Ljr1.h;
[CLASS] do4.e
[CLASS] g25.g
[CLASS] re0.b
[CLASS] sf.c
[CLASS] e03.c
[CLASS] jv.a
[CLASS] fb4.l
[CLASS] zp1.a
[CLASS] io.flutter.plugin.common.BasicMessageChannel$IncomingMessageHandler$1
[CLASS] zs.f2
[CLASS] re0.c
[CLASS] g25.h
[CLASS] ss2.h0
[CLASS] jv.b
[CLASS] wc1.g0
[CLASS] io.flutter.plugins.connectivity.patched.PatchedConnectivityPlugin$SafeStreamHandler
[CLASS] ih0.a
[CLASS] sn4.no0
[CLASS] $Proxy63
[CLASS] r32.q3
[CLASS] p12.r
[CLASS] q23.t
[CLASS] [Liw.s1;
[CLASS] g25.i
[CLASS] ih0.b
[CLASS] ba3.v0
[CLASS] ys.g2
[CLASS] r32.q4
[CLASS] p12.s
[CLASS] g25.j
[CLASS] do4.h
[CLASS] [Llr2.l0;
[CLASS] s51.a
[CLASS] g42.q
[CLASS] sn4.no2
[CLASS] q23.v
[CLASS] r32.q5
[CLASS] [Ljr1.l;
[CLASS] p12.t
[CLASS] g25.k
[CLASS] [Lc54.c;
[CLASS] s51.b
[CLASS] g42.r
[CLASS] kg.b2
[CLASS] [Ltw.k;
[CLASS] ws.i0
[CLASS] u90.m
[CLASS] [Lk13.d;
[CLASS] j00.d0
[CLASS] q23.w
[CLASS] r32.q6
[CLASS] p32.w2
[CLASS] do4.j
[CLASS] pr0.a
[CLASS] [Lhj.v5;
[CLASS] rc3.a
[CLASS] yx.d
[CLASS] jn.r0
[CLASS] u90.n
[CLASS] d90.j0
[CLASS] hv1.a
[CLASS] bx0.i2
[CLASS] [Lib3.n1;
[CLASS] r32.q7
[CLASS] do4.k
[CLASS] pr0.b
[CLASS] g42.t
[CLASS] [Lhj.v6;
[CLASS] [Lrj0.r0;
[CLASS] te5.f
[CLASS] u90.o
[CLASS] zl1.p2
[CLASS] zp1.g
[CLASS] rc3.b
[CLASS] hv1.b
[CLASS] r32.q8
[CLASS] [Lvw.g0;
[CLASS] bx0.i3
[CLASS] hy.a
[CLASS] [Lk30.m;
[CLASS] p32.w4
[CLASS] do4.l
[CLASS] tq3.m0
[CLASS] cq2.z2
[CLASS] az1.p1
[CLASS] p12.y0
[CLASS] pr0.c
[CLASS] r40.c
[CLASS] [Lfr2.b0;
[CLASS] g42.u
[CLASS] io.flutter.plugin.localization.LocalizationPlugin$1
[CLASS] vs.j1
[CLASS] yx.f
[CLASS] androidx.lifecycle.b
[CLASS] u90.p
[CLASS] zp1.h
[CLASS] androidx.fragment.app.Fragment$5
[CLASS] w02.g1
[CLASS] hv1.c
[CLASS] q23.z
[CLASS] p12.y1
[CLASS] bx0.i4
[CLASS] [Lmu4.v;
[CLASS] r32.q9
[CLASS] qk.t1
[CLASS] pr0.cb
[CLASS] az1.p2
[CLASS] te5.g
[CLASS] hy.b
[CLASS] r40.d
[CLASS] rc3.c
[CLASS] tx0.o0
[CLASS] te4.d1
[CLASS] vs.j2
[CLASS] yx.g
[CLASS] androidx.lifecycle.c
[CLASS] u90.q
[CLASS] zp1.i
[CLASS] rc3.d
[CLASS] hv1.d
[CLASS] pr0.cc
[CLASS] qk.t2
[CLASS] hy.c
[CLASS] ee5.w0
[CLASS] if3.b
[CLASS] pr0.e
[CLASS] r40.e
[CLASS] ym3.a
[CLASS] [Ltw.p;
[CLASS] yx.h
[CLASS] androidx.lifecycle.d
[CLASS] u90.r
[CLASS] urgen.ur_0025.URS_95FA
[CLASS] androidx.fragment.app.h2
[CLASS] pr0.cd
[CLASS] hy.d
[CLASS] qk.t3
[CLASS] te5.i
[CLASS] gu0.c
[CLASS] rc3.e
[CLASS] if3.c
[CLASS] pq.d0
[CLASS] r3.d0
[CLASS] [Lrz.j;
[CLASS] [Lnw1.b;
[CLASS] yx.i
[CLASS] androidx.fragment.app.h3
[CLASS] rc3.f
[CLASS] hv1.f
[CLASS] a44.u0
[CLASS] [Lmu4.y;
[CLASS] p22.x6
[CLASS] qk.t4
[CLASS] va4.b0
[CLASS] t45.d
[CLASS] if3.d
[CLASS] r40.g
[CLASS] ym3.c
[CLASS] sn4.zi5
[CLASS] nj0.r3
[CLASS] rc3.g
[CLASS] yx.j
[CLASS] d70.l2
[CLASS] hv1.g
[CLASS] f14.q
[CLASS] [Lye4.f;
[CLASS] [Lb43.i;
[CLASS] [Lrz.l;
[CLASS] r40.h
[CLASS] gd1.a
[CLASS] [Lnw1.d;
[CLASS] androidx.viewpager.widget.a
[CLASS] te5.l
[CLASS] yx.k
[CLASS] xj1.x0
[CLASS] ht.c2
[CLASS] hv1.h
[CLASS] hy.g
[CLASS] f14.r
[CLASS] gd1.b
[CLASS] tb4.g0
[CLASS] r40.i
[CLASS] rt2.m
[CLASS] zn4.g
[CLASS] [Lwr4.a;
[CLASS] rc3.i
[CLASS] qi.j
[CLASS] hv1.i
[CLASS] p23.d1
[CLASS] f14.s
[CLASS] [Las4.m;
[CLASS] gd1.c
[CLASS] tb4.g1
[CLASS] pr0.j
[CLASS] rt2.n
[CLASS] zn4.h
[CLASS] zg1.u0
[CLASS] urgen.ur_C563.URS_46B4
[CLASS] [Lo80.d;
[CLASS] rc3.j
[CLASS] ft.e0
[CLASS] b35.y0
[CLASS] [Lcf4.t;
[CLASS] hv1.j
[CLASS] urgen.ur_0025.URS_73DF
[CLASS] [Lwt1.i;
[CLASS] qk.t8
[CLASS] oo2.b
[CLASS] f14.t
[CLASS] rt2.o
[CLASS] r40.k
[CLASS] zn4.i
[CLASS] vj0.a
[CLASS] rc3.k
[CLASS] androidx.lifecycle.j
[CLASS] hv1.k
[CLASS] f14.u
[CLASS] w71.u0
[CLASS] vf1.f0
[CLASS] e90.i0
[CLASS] rt2.p
[CLASS] r40.l
[CLASS] zn4.j
[CLASS] mt4.i5
[CLASS] vj0.b
[CLASS] rc3.l
[CLASS] androidx.lifecycle.k
[CLASS] ww0.i0
[CLASS] [Lfq.a;
[CLASS] hv1.l
[CLASS] r32.pa
[CLASS] r25.j0
[CLASS] do4.v
[CLASS] f14.v
[CLASS] pr0.m
[CLASS] r40.m
[CLASS] p80.g1
[CLASS] zn4.k
[CLASS] vj0.c
[CLASS] y13.h0
[CLASS] [Ldr.u0;
[CLASS] androidx.lifecycle.l
[CLASS] b50.t0
[CLASS] [Lcf4.w;
[CLASS] hv1.m
[CLASS] r32.pb
[CLASS] x05.v1
[CLASS] sn4.kd0
[CLASS] do4.w
[CLASS] f14.w
[CLASS] [Lon2.i1;
[CLASS] r5.p0
[CLASS] [Lpw.m0;
[CLASS] androidx.lifecycle.m
[CLASS] sz2.b0
[CLASS] qi.o
[CLASS] do4.k0
[CLASS] com.huawei.easygo.sdk.module.EasyGoRet
[CLASS] r32.pc
[CLASS] wz2.r0
[CLASS] k60.v1
[CLASS] do4.x
[CLASS] f14.x
[CLASS] [Li70.k1;
[CLASS] [Lga4.a0;
[CLASS] [Lfj3.f;
[CLASS] gd1.h
[CLASS] vj0.e
[CLASS] eq1.b
[CLASS] xc5.b0
[CLASS] [Ltb4.s0;
[CLASS] [Ler.t4;
[CLASS] m30.s0
[CLASS] [Ldr.u2;
[CLASS] qi.p
[CLASS] [Lcf4.y;
[CLASS] r32.pd
[CLASS] is0.w0
[CLASS] gi3.b0
[CLASS] jx2.a0
[CLASS] vj0.f
[CLASS] eq1.c
[CLASS] xc5.b1
[CLASS] ga0.r1
[CLASS] [Lcr.v1;
[CLASS] te5.t
[CLASS] androidx.lifecycle.o
[CLASS] qi.q
[CLASS] om4.j0
[CLASS] r32.pe
[CLASS] sn4.wp
[CLASS] do4.z
[CLASS] gd1.j
[CLASS] [Lt35.o4;
[CLASS] pr0.q
[CLASS] u73.w
[CLASS] vj0.g
[CLASS] eq1.d
[CLASS] fr2.f
[CLASS] androidx.lifecycle.p
[CLASS] tw0.a
[CLASS] om4.j1
[CLASS] r32.pf
[CLASS] bx0.ha
[CLASS] is0.w2
[CLASS] du1.n0
[CLASS] f20.c
[CLASS] [Lzh2.y;
[CLASS] nl4.a
[CLASS] androidx.lifecycle.q
[CLASS] bt2.y3
[CLASS] eq1.e
[CLASS] te5.v
[CLASS] fr2.g
[CLASS] r32.pg
[CLASS] qz2.h0
[CLASS] [Lls2.d;
[CLASS] ct0.l1
[CLASS] h25.a
[CLASS] pr0.s
[CLASS] [Lgg1.d1;
[CLASS] ng1.a1
[CLASS] k75.n
[CLASS] f20.d
[CLASS] nl4.b
[CLASS] y70.k3
[CLASS] androidx.lifecycle.r
[CLASS] [Lfq.h;
[CLASS] ol4.k1
[CLASS] eq1.f
[CLASS] fr2.h
[CLASS] if3.q
[CLASS] h25.b
[CLASS] [Lc70.a2;
[CLASS] rt2.x
[CLASS] k75.o
[CLASS] y70.k4
[CLASS] te5.x
[CLASS] androidx.lifecycle.s
[CLASS] r32.pi
[CLASS] h25.c
[CLASS] rt2.y
[CLASS] [Lbr.w4;
[CLASS] te5.y
[CLASS] ea0.x2
[CLASS] r32.pj
[CLASS] tf1.a
[CLASS] h25.d
[CLASS] u15.d1
[CLASS] if3.s
[CLASS] rt2.z
[CLASS] zu3.t0
[CLASS] sn4.pf2
[CLASS] na.q0
[CLASS] mk3.c
[CLASS] te5.z
[CLASS] [Lsv.b;
[CLASS] ea0.x3
[CLASS] urgen.ur_54A4.UR_308F
[CLASS] cc.a
[CLASS] pr0.e7
[CLASS] r32.pk
[CLASS] qk.sc
[CLASS] j15.g0
[CLASS] kf3.u1
[CLASS] h25.e
[CLASS] [Lc54.z;
[CLASS] g14.c
[CLASS] pr0.w
[CLASS] if3.t
[CLASS] f03.a
[CLASS] [Lbu1.d;
[CLASS] dv.s1
[CLASS] mk3.d
[CLASS] urgen.ur_0025.UR_BC1F
[CLASS] cc.b
[CLASS] [Ldy0.o;
[CLASS] pr0.e8
[CLASS] ks.u0
[CLASS] kf3.u2
[CLASS] h25.f
[CLASS] g14.d
[CLASS] pr0.x
[CLASS] a6.l0
[CLASS] [Ldi4.a0;
[CLASS] v83.i0
[CLASS] oi4.n0
[CLASS] mk3.e
[CLASS] kr.e
[CLASS] cc.c
[CLASS] ly4.a
[CLASS] h25.g
[CLASS] if3.v
[CLASS] eo4.e
[CLASS] g14.e
[CLASS] pr0.y
[CLASS] fq.n0
[CLASS] androidx.lifecycle.x
[CLASS] kr.f
[CLASS] pq2.r0
[CLASS] ly4.b
[CLASS] r32.r0
[CLASS] [Lus.l;
[CLASS] h25.h
[CLASS] eo4.f
[CLASS] if3.w
[CLASS] [Ll40.g0;
[CLASS] v83.i2
[CLASS] fq.n1
[CLASS] mk3.g
[CLASS] androidx.lifecycle.y
[CLASS] hi3.a0
[CLASS] ue5.a
[CLASS] r32.r1
[CLASS] cc.e
[CLASS] [Ldy0.r;
[CLASS] eo4.g
[CLASS] if3.x
[CLASS] h25.i
[CLASS] [Lbu1.h;
[CLASS] [Lc60.f;
[CLASS] androidx.lifecycle.z
[CLASS] ue5.b
[CLASS] mk3.h
[CLASS] lb2.p4
[CLASS] zs.g2
[CLASS] cc.f
[CLASS] r23.u
[CLASS] r32.r2
[CLASS] h25.j
[CLASS] eo4.h
[CLASS] [Lua0.r;
[CLASS] ss2.i0
[CLASS] t51.a
[CLASS] iu.b
[CLASS] com.tyun.yz.RC4
[CLASS] androidx.coordinatorlayout.widget.CoordinatorLayout$Behavior
[CLASS] [Lzg1.d;
[CLASS] mk3.i
[CLASS] urgen.ur_0025.UR_2473
[CLASS] ue5.c
[CLASS] a05.e6
[CLASS] r32.r3
[CLASS] jw2.a
[CLASS] pp.y0
[CLASS] h25.k
[CLASS] eo4.i
[CLASS] if3.z
[CLASS] androidx.coordinatorlayout.widget.CoordinatorLayout
[CLASS] t51.b
[CLASS] iu.c
[CLASS] fr2.r
[CLASS] ba3.w0
[CLASS] mk3.j
[CLASS] v90.m
[CLASS] ys.h2
[CLASS] [Lfq.r;
[CLASS] xs.i0
[CLASS] [Ldy0.u;
[CLASS] cc.h
[CLASS] r32.r4
[CLASS] [Lu00.m;
[CLASS] h25.l
[CLASS] [Lua0.t;
[CLASS] [Ll13.d;
[CLASS] hd2.z2
[CLASS] qr0.a
[CLASS] iu.d
[CLASS] fr2.s
[CLASS] mk3.k
[CLASS] sn4.np2
[CLASS] ue5.e
[CLASS] v90.n
[CLASS] yl0.n1
[CLASS] [Lfq.s;
[CLASS] sn4.d87
[CLASS] r32.r5
[CLASS] iv1.a
[CLASS] jw2.c
[CLASS] bh0.y0
[CLASS] cf5.a1
[CLASS] h25.m
[CLASS] eo4.k
[CLASS] g14.k
[CLASS] t51.d
[CLASS] [Lqy.d;
[CLASS] s40.b
[CLASS] fr2.t
[CLASS] ws.j0
[CLASS] v90.o
[CLASS] [Lfq.t;
[CLASS] j00.e0
[CLASS] r32.r6
[CLASS] jw2.d
[CLASS] ph.a
[CLASS] ue5.f
[CLASS] h25.n
[CLASS] g14.l
[CLASS] [Lua0.v;
[CLASS] eo4.l
[CLASS] s40.c
[CLASS] [Lbu1.m;
[CLASS] [Lcu.n1;
[CLASS] [Lfq.u;
[CLASS] ue5.g
[CLASS] r32.r7
[CLASS] j70.a
[CLASS] xe0.b0$$a
[CLASS] jw2.e
[CLASS] ph.b
[CLASS] h25.o
[CLASS] g14.m
[CLASS] eo4.m
[CLASS] kg4.c
[CLASS] [Lzx0.m;
[CLASS] ue5.h
[CLASS] [Lfq.v;
[CLASS] ph.c
[CLASS] pr0.da
[CLASS] j70.b
[CLASS] bx0.j3
[CLASS] jw2.f
[CLASS] p32.x4
[CLASS] tq3.n0
[CLASS] h25.p
[CLASS] g14.n
[CLASS] eo4.n
[CLASS] kg4.d
[CLASS] jf3.b
[CLASS] az1.q1
[CLASS] s40.e
[CLASS] st2.i
[CLASS] te4.e0
[CLASS] io.flutter.embedding.engine.dart.DartExecutor$1
[CLASS] vs.k1
[CLASS] androidx.fragment.app.i0
[CLASS] [Lfq.w;
[CLASS] w02.h1
[CLASS] r32.r9
[CLASS] p12.z1
[CLASS] bx0.j4
[CLASS] jw2.g
[CLASS] rq4.a
[CLASS] u45.c
[CLASS] qk.u1
[CLASS] sn4.sr0
[CLASS] h25.q
[CLASS] [Lua0.y;
[CLASS] az1.q2
[CLASS] kg4.e
[CLASS] jf3.c
[CLASS] pr0.db
[CLASS] qr0.f
[CLASS] tu3.l
[CLASS] t51.h
[CLASS] tx0.p0
[CLASS] c12.g4
[CLASS] s40.f
[CLASS] androidx.fragment.app.i1
[CLASS] aq4.q0
[CLASS] [Lfq.x;
[CLASS] ux1.u
[CLASS] xw.g
[CLASS] pr0.dc
[CLASS] jw2.h
[CLASS] qk.u2
[CLASS] rq4.b
[CLASS] tf1.o
[CLASS] h25.r
[CLASS] g14.p
[CLASS] u45.d
[CLASS] sn4.gx6
[CLASS] kg4.f
[CLASS] tu3.m
[CLASS] ee5.x0
[CLASS] te4.e2
[CLASS] com.tyun.yz.Verify$7
[CLASS] [Lsv.p;
[CLASS] [Lfq.y;
[CLASS] androidx.fragment.app.i2
[CLASS] [Lhr.r0;
[CLASS] jw2.i
[CLASS] qk.u3
[CLASS] rq4.c
[CLASS] s23.a
[CLASS] tf1.p
[CLASS] h25.s
[CLASS] g14.q
[CLASS] org.chromium.base.StrictModeContext
[CLASS] kg4.g
[CLASS] tu3.n
[CLASS] t51.j
[CLASS] s40.h
[CLASS] fr2.z
[CLASS] androidx.fragment.app.i3
[CLASS] [Lfq.z;
[CLASS] bx0.j7
[CLASS] qk.u4
[CLASS] rq4.d
[CLASS] s23.b
[CLASS] tf1.q
[CLASS] h25.t
[CLASS] r3.e1
[CLASS] kg4.h
[CLASS] hd1.b
[CLASS] t51.k
[CLASS] s40.i
[CLASS] [Lqy3.i;
[CLASS] nj0.s3
[CLASS] [Ll13.m;
[CLASS] [Lsv.r;
[CLASS] d70.m2
[CLASS] sc3.i
[CLASS] c91.t0
[CLASS] rq4.e
[CLASS] s23.c
[CLASS] tf1.r
[CLASS] h25.u
[CLASS] kg4.i
[CLASS] hd1.c
[CLASS] s40.j
[CLASS] [Ldo3.p4;
[CLASS] sc3.j
[CLASS] ue5.n
[CLASS] xj1.y0
[CLASS] rq4.f
[CLASS] tf1.s
[CLASS] u45.h
[CLASS] p23.e0
[CLASS] h25.v
[CLASS] g14.t
[CLASS] po2.b
[CLASS] hd1.d
[CLASS] v73.q
[CLASS] vz.e
[CLASS] wj0.a
[CLASS] s40.k
[CLASS] vl3.m1
[CLASS] sc3.k
[CLASS] rq4.g
[CLASS] tf1.t
[CLASS] p23.e1
[CLASS] h25.w
[CLASS] u45.i
[CLASS] [Lo70.v0;
[CLASS] hd1.e
[CLASS] v73.r
[CLASS] zg1.v0
[CLASS] vz.f
[CLASS] wj0.b
[CLASS] s40.l
[CLASS] nk.d
[CLASS] io.flutter.plugins.GeneratedPluginRegistrant
[CLASS] ft.f0
[CLASS] sc3.l
[CLASS] b35.z0
[CLASS] e23.h0
[CLASS] rq4.h
[CLASS] u45.j
[CLASS] qk.u8
[CLASS] h25.x
[CLASS] p23.e2
[CLASS] kg4.l
[CLASS] hd1.f
[CLASS] v73.s
[CLASS] st2.q
[CLASS] s40.m
[CLASS] zm3.i
[CLASS] nk.e
[CLASS] sc3.m
[CLASS] [Lne1.c;
[CLASS] [Lz61.l;
[CLASS] rq4.i
[CLASS] urgen.ur_C563.URS_91DC
[CLASS] p23.e3
[CLASS] h25.y
[CLASS] com.tyun.yz.Dialog.XYToast$$ExternalSyntheticLambda0
[CLASS] vf1.g0
[CLASS] kg4.m
[CLASS] [Lbx0.v6;
[CLASS] hd1.g
[CLASS] v73.t
[CLASS] st2.r
[CLASS] s40.n
[CLASS] zm3.j
[CLASS] mt4.j5
[CLASS] sc3.n
[CLASS] r32.qa
[CLASS] r25.k0
[CLASS] p23.e4
[CLASS] h25.z
[CLASS] gc0.f
[CLASS] [Lbx0.v7;
[CLASS] p80.h1
[CLASS] v73.u
[CLASS] st2.s
[CLASS] hd1.h
[CLASS] zm3.k
[CLASS] com.catfish.newvip.core.CrashHandler
[CLASS] yl2.i
[CLASS] s40.o
[CLASS] ww0.j1
[CLASS] b50.u0
[CLASS] xz3.e
[CLASS] r32.qb
[CLASS] io.flutter.plugin.common.BinaryMessenger$BinaryMessageHandler
[CLASS] y13.i0
[CLASS] u45.m
[CLASS] tf1.x
[CLASS] n0.a
[CLASS] r5.q0
[CLASS] v73.v
[CLASS] nt0.f$$a
[CLASS] st2.t
[CLASS] zm3.l
[CLASS] yl2.j
[CLASS] sz2.c0
[CLASS] xz3.f
[CLASS] r32.qc
[CLASS] k60.w1
[CLASS] gc0.h
[CLASS] [Leh1.d;
[CLASS] v73.w
[CLASS] s40.q
[CLASS] [Lx70.y3;
[CLASS] zm3.m
[CLASS] yl2.k
[CLASS] xc5.c0
[CLASS] io.flutter.embedding.engine.dart.DartExecutor
[CLASS] nt0.f$$b
[CLASS] w90.a
[CLASS] xz3.g
[CLASS] r32.qd
[CLASS] is0.x0
[CLASS] sn4.z1
[CLASS] rq4.m
[CLASS] tf1.z
[CLASS] gc0.i
[CLASS] v73.x
[CLASS] [Lx70.y4;
[CLASS] yl2.l
[CLASS] xc5.c1
[CLASS] zh2.a0
[CLASS] ga0.s1
[CLASS] urgen.ur_0025.UR_7616
[CLASS] [Lyc4.f1;
[CLASS] w90.b
[CLASS] om4.k0
[CLASS] r32.qe
[CLASS] io.flutter.plugin.common.BasicMessageChannel$Reply
[CLASS] i25.a
[CLASS] v73.y
[CLASS] s40.s
[CLASS] iu.v
[CLASS] w90.c
[CLASS] om4.k1
[CLASS] r32.qf
[CLASS] is0.x2
[CLASS] rq4.o
[CLASS] i25.b
[CLASS] s40.t
[CLASS] iu.w
[CLASS] hy2.g0
[CLASS] sa.a
[CLASS] bt2.z3
[CLASS] [Lp80.t0;
[CLASS] ol4.c
[CLASS] w90.d
[CLASS] r32.qg
[CLASS] qz2.i0
[CLASS] rq4.p
[CLASS] ct0.m1
[CLASS] i25.c
[CLASS] lz0.b
[CLASS] st2.y
[CLASS] s40.u
[CLASS] iu.x
[CLASS] ng1.b1
[CLASS] y70.l3
[CLASS] io.flutter.plugin.common.PluginRegistry
[CLASS] sa.b
[CLASS] [Lw80.a3;
[CLASS] ol4.l1
[CLASS] r32.qh
[CLASS] [Lfg5.d;
[CLASS] fo4.b
[CLASS] lz0.c
[CLASS] qr0.v
[CLASS] s40.v
[CLASS] [Lbr.x3;
[CLASS] y70.l4
[CLASS] sn4.dm5
[CLASS] [Lva0.l;
[CLASS] ol4.l2
[CLASS] r32.qi
[CLASS] pr0.f5
[CLASS] rq4.r
[CLASS] fo4.c
[CLASS] zq4.a$$a
[CLASS] qr0.w
[CLASS] s40.w
[CLASS] iu.z
[CLASS] [Lwq3.m;
[CLASS] ea0.y2
[CLASS] rq4.s
[CLASS] sn4.k10
[CLASS] fo4.d
[CLASS] u15.e1
[CLASS] qr0.x
[CLASS] s40.x
[CLASS] [Lbr.x5;
[CLASS] io.flutter.plugins.connectivity.Connectivity
[CLASS] ea0.y3
[CLASS] r32.qk
[CLASS] rq4.t
[CLASS] j15.h0
[CLASS] ys.a
[CLASS] kf3.v1
[CLASS] fo4.e
[CLASS] kg4.x
[CLASS] [Lnc4.h;
[CLASS] io.flutter.plugin.platform.AccessibilityEventsDelegate
[CLASS] nk.q
[CLASS] dv.t1
[CLASS] vx1.k
[CLASS] ks.v0
[CLASS] pr0.f8
[CLASS] sn4.io2
[CLASS] ys.b
[CLASS] i25.h
[CLASS] s40.z
[CLASS] [Lv00.j;
[CLASS] ol4.i
[CLASS] vx1.l
[CLASS] [Lzq.v0;
[CLASS] [Lha0.b1;
[CLASS] ys.c
[CLASS] fo4.g
[CLASS] i25.i
[CLASS] [Ll50.g1;
[CLASS] fq.o0
[CLASS] ol4.j
[CLASS] ve5.b
[CLASS] r32.s0
[CLASS] [Lha0.b2;
[CLASS] ys.d
[CLASS] i25.j
[CLASS] v83.j2
[CLASS] fq.o1
[CLASS] hi3.b0
[CLASS] ve5.c
[CLASS] [Lxe0.j2;
[CLASS] r32.s1
[CLASS] ys.e
[CLASS] i25.k
[CLASS] ht.a
[CLASS] g20.n
[CLASS] ol4.l
[CLASS] zs.h2
[CLASS] [Lav.c;
[CLASS] ys.f
[CLASS] i25.l
[CLASS] ss2.j0
[CLASS] t40.a
[CLASS] ht.b
[CLASS] g20.o
[CLASS] sn4.nq0
[CLASS] d43.h1
[CLASS] a05.f6
[CLASS] ve5.e
[CLASS] sn4.ui2
[CLASS] jv1.a
[CLASS] r32.s3
[CLASS] [Liw.u1;
[CLASS] ys.g
[CLASS] i25.m
[CLASS] ba3.x0
[CLASS] d43.h2
[CLASS] ol4.n
[CLASS] ve5.f
[CLASS] r32.s4
[CLASS] cf5.b0
[CLASS] jv1.b
[CLASS] ys.h
[CLASS] rr0.c
[CLASS] ol4.o
[CLASS] ve5.g
[CLASS] yl0.o1
[CLASS] [Lv83.v0;
[CLASS] r32.s5
[CLASS] jv1.c
[CLASS] cf5.b1
[CLASS] ys.i
[CLASS] [Lx05.n;
[CLASS] kg4.a3
[CLASS] rr0.d
[CLASS] ay1.a
[CLASS] kg.d2
[CLASS] bz2.c
[CLASS] ws.k0
[CLASS] ve5.h
[CLASS] j00.f0
[CLASS] r32.s6
[CLASS] jv1.d
[CLASS] v45.b
[CLASS] ys.j
[CLASS] bz2.d
[CLASS] ra1.a
[CLASS] ve5.i
[CLASS] og.b
[CLASS] jv1.e
[CLASS] sq4.a
[CLASS] ys.k
[CLASS] bz2.e
[CLASS] [Lv00.s;
[CLASS] ol4.r
[CLASS] ra1.b
[CLASS] wv.e
[CLASS] ve5.j
[CLASS] r32.s8
[CLASS] [Lvw.i0;
[CLASS] bx0.k3
[CLASS] jv1.f
[CLASS] qr4.a0
[CLASS] p32.y4
[CLASS] sq4.b
[CLASS] tq3.o0
[CLASS] ys.l
[CLASS] az1.r1
[CLASS] iu0.d
[CLASS] og.c
[CLASS] te4.f0
[CLASS] ay1.d
[CLASS] vs.l1
[CLASS] ol4.s
[CLASS] androidx.fragment.app.j0
[CLASS] ra1.c
[CLASS] wv.f
[CLASS] w02.i1
[CLASS] ve5.k
[CLASS] r32.s9
[CLASS] bx0.k4
[CLASS] urgen.ur_0025.UR_83F8
[CLASS] pr0.eb
[CLASS] sq4.c
[CLASS] v45.e
[CLASS] ys.m
[CLASS] az1.r2
[CLASS] px0.a0
[CLASS] [Ld43.i;
[CLASS] ht.i
[CLASS] c12.h4
[CLASS] ay1.e
[CLASS] nj0.t0
[CLASS] jt4.a
[CLASS] androidx.fragment.app.j1
[CLASS] aq4.r0
[CLASS] ve5.l
[CLASS] nk.wj
[CLASS] pr0.ec
[CLASS] jv1.h
[CLASS] qk.v2
[CLASS] u34.d
[CLASS] ys.n
[CLASS] org.chromium.net.httpflags.BaseFeatureOverrides$FeatureState
[CLASS] v45.f
[CLASS] [La10.d;
[CLASS] te4.f2
[CLASS] sn4.zk3
[CLASS] ht.j
[CLASS] nj0.t1
[CLASS] ay1.f
[CLASS] jt4.b
[CLASS] og.f
[CLASS] jv1.i
[CLASS] [Lz50.f;
[CLASS] sq4.e
[CLASS] u34.e
[CLASS] ys.o
[CLASS] q.g
[CLASS] [Lbx0.w0;
[CLASS] uy.b
[CLASS] ht.k
[CLASS] [Lv00.w;
[CLASS] jt4.c
[CLASS] [Ldo3.q2;
[CLASS] androidx.fragment.app.j3
[CLASS] tc3.j
[CLASS] io.flutter.view.TextureRegistry$ImageConsumer
[CLASS] ht.e0
[CLASS] [Lru.q;
[CLASS] bx0.k7
[CLASS] ve5.n
[CLASS] jv1.j
[CLASS] qk.v4
[CLASS] sq4.f
[CLASS] u34.f
[CLASS] ys.p
[CLASS] zq4.e0
[CLASS] com.tyun.yz.yz_52tyun_com$1
[CLASS] v45.h
[CLASS] ss1.m
[CLASS] ht.l
[CLASS] uy.c
[CLASS] nj0.t3
[CLASS] sf5.n0
[CLASS] d70.n2
[CLASS] ra1.g
[CLASS] ve5.o
[CLASS] c91.u0
[CLASS] jv1.k
[CLASS] sq4.g
[CLASS] ys.q
[CLASS] com.tyun.yz.yz_52tyun_com$2
[CLASS] urgen.ur_0025.UR_6D69
[CLASS] uy.d
[CLASS] tc3.l
[CLASS] xj1.z0
[CLASS] ht.e2
[CLASS] i70.a1
[CLASS] [Lru.s;
[CLASS] ve5.p
[CLASS] jv1.l
[CLASS] sq4.h
[CLASS] p23.f0
[CLASS] ys.r
[CLASS] [Lmv0.v1;
[CLASS] df5.a0
[CLASS] [Lmb3.w;
[CLASS] [Lb74.c0;
[CLASS] ht.n
[CLASS] uy.e
[CLASS] vl3.n1
[CLASS] [Ln24.s;
[CLASS] i70.a2
[CLASS] urgen.ur_96F1.UR_3202
[CLASS] jv1.m
[CLASS] sq4.i
[CLASS] qo2.e
[CLASS] ys.s
[CLASS] zg1.w0
[CLASS] uy.f
[CLASS] ht.o
[CLASS] gq1.a
[CLASS] ft.g0
[CLASS] [Lru.u;
[CLASS] ve5.r
[CLASS] e23.i0
[CLASS] jv1.n
[CLASS] qo2.f
[CLASS] sn4.yj
[CLASS] p23.f2
[CLASS] uy.g
[CLASS] j75.c0
[CLASS] ht.p
[CLASS] gq1.b
[CLASS] ve5.s
[CLASS] yz3.e
[CLASS] [Lwk.k;
[CLASS] wx1.a
[CLASS] jv1.o
[CLASS] qk.v9
[CLASS] p23.f3
[CLASS] ys.u
[CLASS] vf1.h0
[CLASS] [Lmb3.z;
[CLASS] uy.h
[CLASS] ht.q
[CLASS] af5.b
[CLASS] [Lqw.n0;
[CLASS] h20.a
[CLASS] ww0.k0
[CLASS] mt4.k5
[CLASS] com.tyun.yz.Verify$$ExternalSyntheticLambda3
[CLASS] ve5.t
[CLASS] yz3.f
[CLASS] r32.ra
[CLASS] r25.l0
[CLASS] l81.p
[CLASS] wx1.b
[CLASS] [Lfm2.i0;
[CLASS] ys.v
[CLASS] urgen.ur_0025.UR_7109
[CLASS] y13.j0
[CLASS] p80.i1
[CLASS] ht.r
[CLASS] [Lpw1.m;
[CLASS] af5.c
[CLASS] [Lz33.g;
[CLASS] jt4.j
[CLASS] b50.v0
[CLASS] jq.y
[CLASS] [Lwk.m;
[CLASS] sn4.kf0
[CLASS] r32.rb
[CLASS] yv.a1
[CLASS] h20.b
[CLASS] wx1.c
[CLASS] ys.w
[CLASS] com.tyun.yz.Verify$$ExternalSyntheticLambda4
[CLASS] ve5.u
[CLASS] r5.r0
[CLASS] [Lbx1.c0;
[CLASS] af5.d
[CLASS] [Lpw.o0;
[CLASS] jt4.k
[CLASS] [Ler.v3;
[CLASS] sz2.d0
[CLASS] jq.z
[CLASS] do4.m0
[CLASS] r32.rc
[CLASS] k60.x1
[CLASS] fw.m
[CLASS] [Lga4.c0;
[CLASS] ys.x
[CLASS] af5.e
[CLASS] xc5.d0
[CLASS] sn4.f00
[CLASS] jt4.l
[CLASS] l64.l
[CLASS] com.tyun.yz.Verify$$ExternalSyntheticLambda6
[CLASS] r32.rd
[CLASS] l81.s
[CLASS] fw.n
[CLASS] ys.y
[CLASS] mz0.a
[CLASS] ss1.v
[CLASS] ht.u
[CLASS] fl4.j0
[CLASS] [Lcr.x1;
[CLASS] ga0.t1
[CLASS] l64.m
[CLASS] [Ler.v5;
[CLASS] m30.u1
[CLASS] [Ln24.z;
[CLASS] h20.e
[CLASS] om4.l0
[CLASS] af5.f
[CLASS] zh2.b0
[CLASS] l81.t
[CLASS] is0.y1
[CLASS] sn4.yp
[CLASS] ys.z
[CLASS] go4.a
[CLASS] ss1.w
[CLASS] af5.g
[CLASS] mz0.b
[CLASS] sn4.dn2
[CLASS] l64.n
[CLASS] com.tyun.yz.Verify$$ExternalSyntheticLambda8
[CLASS] r32.rf
[CLASS] bx0.ja
[CLASS] is0.y2
[CLASS] io.flutter.embedding.engine.loader.FlutterApplicationInfo
[CLASS] vf1.a
[CLASS] go4.b
[CLASS] cx2.v0
[CLASS] ss1.x
[CLASS] ht.w
[CLASS] mz0.c
[CLASS] sn4.dn3
[CLASS] hy2.h0
[CLASS] c05.a0
[CLASS] l64.o
[CLASS] sn4.kf5
[CLASS] qz2.j0
[CLASS] fw.q
[CLASS] vf1.b
[CLASS] go4.c
[CLASS] [Lgg1.f1;
[CLASS] mz0.d
[CLASS] ng1.c1
[CLASS] ht.x
[CLASS] y70.m3
[CLASS] af5.i
[CLASS] sn4.f04
[CLASS] [Lw00.g;
[CLASS] l64.p
[CLASS] pl4.f
[CLASS] ol4.m1
[CLASS] a55.c
[CLASS] wx1.i
[CLASS] r32.rh
[CLASS] oa5.c3
[CLASS] [Lc70.c2;
[CLASS] mz0.e
[CLASS] y70.m4
[CLASS] zo.e
[CLASS] af5.j
[CLASS] [Lw80.b4;
[CLASS] ok3.e
[CLASS] com.tenpay.ndk.FitScLibraryLoader$ILoader
[CLASS] r32.ri
[CLASS] nj2.c
[CLASS] pr0.g5
[CLASS] go4.e
[CLASS] i74.o0$$a
[CLASS] [Lhj3.p;
[CLASS] mz0.f
[CLASS] [Lbr.c;
[CLASS] af5.k
[CLASS] zo.f
[CLASS] ea0.z2
[CLASS] nj2.d
[CLASS] r32.rj
[CLASS] urgen.ur_0025.UR_821B
[CLASS] ud2.s0
[CLASS] vf1.e
[CLASS] mz0.g
[CLASS] [Lq80.t;
[CLASS] io.flutter.embedding.engine.systemchannels.MouseCursorChannel$1
[CLASS] ea0.z3
[CLASS] nj2.e
[CLASS] we5.a
[CLASS] j15.i0
[CLASS] kf3.w1
[CLASS] vf1.f
[CLASS] go4.g
[CLASS] mz0.h
[CLASS] dv.u1
[CLASS] [Le60.f;
[CLASS] urgen.ur_E2DE.URS_F92D
[CLASS] [Ldu1.h;
[CLASS] pr0.g8
[CLASS] we5.b
[CLASS] j40.c0
[CLASS] vf1.g
[CLASS] v83.k0
[CLASS] mz0.i
[CLASS] [Lbr.f;
[CLASS] io.flutter.plugin.common.EventChannel
[CLASS] [Lct0.g;
[CLASS] we5.c
[CLASS] vf1.h
[CLASS] go4.i
[CLASS] mz0.j
[CLASS] sn4.ph5
[CLASS] fq.p0
[CLASS] r32.t0
[CLASS] vf1.i
[CLASS] sr0.a
[CLASS] fq.p1
[CLASS] r32.t1
[CLASS] lw2.c
[CLASS] [Lxg.b;
[CLASS] [Lbr.i;
[CLASS] i5.a
[CLASS] sr0.b
[CLASS] zs.i2
[CLASS] r32.t2
[CLASS] lw2.d
[CLASS] nb1.h0
[CLASS] vf1.k
[CLASS] dl1.f
[CLASS] ss2.k0
[CLASS] [Lg65.h;
[CLASS] sr0.c
[CLASS] i5.b
[CLASS] d43.i1
[CLASS] vv2.a0
[CLASS] com.tyun.yz.Dialog.XYToast
[CLASS] r32.t3
[CLASS] l70.a
[CLASS] [Lpt.x0;
[CLASS] sr0.d
[CLASS] ba3.y0
[CLASS] by1.a
[CLASS] d43.i2
[CLASS] xs.k0
[CLASS] a55.m
[CLASS] vu.a
[CLASS] r32.t4
[CLASS] x7.a
[CLASS] cf5.c0
[CLASS] l70.b
[CLASS] [Lev2.p;
[CLASS] io.flutter.embedding.engine.dart.DartMessenger$SerialTaskQueue
[CLASS] vf1.m
[CLASS] [Lbr.l;
[CLASS] sr0.e
[CLASS] by1.b
[CLASS] [Lew3.i0;
[CLASS] yl0.p1
[CLASS] vu.b
[CLASS] r32.t5
[CLASS] cf5.c1
[CLASS] p32.z1
[CLASS] tq4.a
[CLASS] vf1.n
[CLASS] sr0.f
[CLASS] kg.e2
[CLASS] ws.l0
[CLASS] [Lev2.r;
[CLASS] [Ldu1.p;
[CLASS] io.flutter.embedding.engine.FlutterEngineConnectionRegistry$DefaultFlutterAssets
[CLASS] j00.g0
[CLASS] vu.c
[CLASS] r32.t6
[CLASS] sn4.uj5
[CLASS] x7.c
[CLASS] tq4.b
[CLASS] sr0.g
[CLASS] sn4.nr4
[CLASS] [Lcu.p1;
[CLASS] n75.b
[CLASS] vu.d
[CLASS] r32.t7
[CLASS] x7.d
[CLASS] [Lib3.q1;
[CLASS] kv1.g
[CLASS] tq4.c
[CLASS] aj0.b0
[CLASS] vf1.p
[CLASS] ut2.l
[CLASS] [Lbr.o;
[CLASS] sr0.h
[CLASS] n75.c
[CLASS] bx0.l3
[CLASS] qr4.b0
[CLASS] tq3.p0
[CLASS] tq4.d
[CLASS] vf1.q
[CLASS] com.tyun.yz.Dialog.\u06e0\u06e5\u06e6\u06e2
[CLASS] mz0.s
[CLASS] te4.g0
[CLASS] sr0.i
[CLASS] vs.m1
[CLASS] androidx.fragment.app.k0
[CLASS] n75.d
[CLASS] k0.v0
[CLASS] x90.v
[CLASS] r32.t9
[CLASS] bx0.l4
[CLASS] pr0.fb
[CLASS] sn4.zc
[CLASS] tq4.e
[CLASS] vf1.r
[CLASS] px0.b0
[CLASS] jd1.c
[CLASS] rn_545.rn_546.rn_547.rn_3290$rn_3412_r
[CLASS] c12.i4
[CLASS] androidx.fragment.app.k1
[CLASS] n75.e
[CLASS] aq4.s0
[CLASS] m64.c
[CLASS] [Ldu1.t;
[CLASS] nk.xj
[CLASS] x7.g
[CLASS] pr0.fc
[CLASS] qk.w2
[CLASS] x90.w
[CLASS] sn4.u61
[CLASS] tq4.f
[CLASS] vf1.s
[CLASS] o8.m0
[CLASS] ee5.z0
[CLASS] [Lvm4.s;
[CLASS] te4.g2
[CLASS] [Lbr.r;
[CLASS] tx.a
[CLASS] nj0.u1
[CLASS] m64.d
[CLASS] [Lhr.t0;
[CLASS] x7.h
[CLASS] x90.x
[CLASS] qk.w3
[CLASS] kv1.k
[CLASS] by1.i
[CLASS] androidx.fragment.app.k3
[CLASS] n75.g
[CLASS] com.tyun.yz.yz_52tyun_com$37$1
[CLASS] [Lct0.t;
[CLASS] m64.e
[CLASS] x7.i
[CLASS] ag1.c
[CLASS] qk.w4
[CLASS] [Lr80.f;
[CLASS] ht.f0
[CLASS] sn4.zf
[CLASS] zq4.f0
[CLASS] vf1.u
[CLASS] kc5.a
[CLASS] dg5.a0
[CLASS] u40.m
[CLASS] by1.j
[CLASS] com.tyun.yz.yz_52tyun_com$37$2
[CLASS] sf5.o0
[CLASS] d70.o2
[CLASS] x90.z
[CLASS] x7.j
[CLASS] zz3.c
[CLASS] [Ld15.f;
[CLASS] kc5.b
[CLASS] vf1.v
[CLASS] [Lvm4.v;
[CLASS] u40.n
[CLASS] org.chromium.net.impl.CronetLibraryLoaderJni
[CLASS] [Ldo3.r4;
[CLASS] m64.g
[CLASS] ht.f2
[CLASS] i70.b1
[CLASS] x7.k
[CLASS] zz3.d
[CLASS] p23.g0
[CLASS] sn4.st5
[CLASS] vf1.w
[CLASS] df5.b0
[CLASS] u40.o
[CLASS] vl3.o1
[CLASS] m64.h
[CLASS] io.flutter.embedding.engine.loader.FlutterLoader$1
[CLASS] i70.b2
[CLASS] xx1.a
[CLASS] ag1.f
[CLASS] qk.w7
[CLASS] vf1.x
[CLASS] zg1.x0
[CLASS] u40.p
[CLASS] [Lpv0.j;
[CLASS] vl3.o2
[CLASS] by1.m
[CLASS] ft.h0
[CLASS] m64.i
[CLASS] i20.a
[CLASS] av2.e$$a
[CLASS] x7.m
[CLASS] xx1.b
[CLASS] $Proxy3
[CLASS] e23.j0
[CLASS] qk.w8
[CLASS] urgen.ur_0025.UR_8227
[CLASS] p23.g2
[CLASS] vf1.y
[CLASS] u40.q
[CLASS] [Ls91.m;
[CLASS] av2.e$$b
[CLASS] xx1.c
[CLASS] p23.g3
[CLASS] vf1.z
[CLASS] vf1.i0
[CLASS] mt4.l5
[CLASS] u40.r
[CLASS] wv4.z
[CLASS] ae4.b
[CLASS] ww0.l0
[CLASS] m64.k
[CLASS] i20.c
[CLASS] nj1.a0
[CLASS] ql4.a
[CLASS] r32.sa
[CLASS] y13.k0
[CLASS] ar.a1
[CLASS] p80.j1
[CLASS] [Lb10.n;
[CLASS] by1.p
[CLASS] ae4.c
[CLASS] m64.l
[CLASS] ql4.b
[CLASS] [Lds0.w2;
[CLASS] x7.p
[CLASS] yv.b1
[CLASS] [Lon2.l1;
[CLASS] r5.s0
[CLASS] jl.a
[CLASS] urgen.ur_C563.URS_BE49
[CLASS] by1.q
[CLASS] ae4.d
[CLASS] m64.m
[CLASS] sz2.e0
[CLASS] do4.n0
[CLASS] r32.sc
[CLASS] k60.y1
[CLASS] [Li70.n1;
[CLASS] [Lon2.l2;
[CLASS] [Lb10.p;
[CLASS] [Lpt3.h;
[CLASS] jl.b
[CLASS] xc5.e0
[CLASS] [Lqx1.q3;
[CLASS] [Ler.w4;
[CLASS] m30.v0
[CLASS] r40.h0
[CLASS] pr0.h0
[CLASS] sn4.zo
[CLASS] wf1.a
[CLASS] jl.c
[CLASS] mt4.l9
[CLASS] by1.s
[CLASS] [Lx00.f;
[CLASS] m64.o
[CLASS] om4.m0
[CLASS] is0.z1
[CLASS] r32.se
[CLASS] x7.s
[CLASS] jl.d
[CLASS] ae4.g
[CLASS] m64.p
[CLASS] cy.i
[CLASS] nk.z9
[CLASS] r32.sf
[CLASS] bx0.ka
[CLASS] [Lc04.n;
[CLASS] is0.z2
[CLASS] wf1.c
[CLASS] j14.d
[CLASS] [Lb10.s;
[CLASS] cx2.w0
[CLASS] hy2.i0
[CLASS] c05.b0
[CLASS] yn.c
[CLASS] m64.q
[CLASS] cy.j
[CLASS] x7.u
[CLASS] r32.sg
[CLASS] ww0.h
[CLASS] nk.xx
[CLASS] ve0.b
[CLASS] j14.e
[CLASS] ng1.d1
[CLASS] y70.n3
[CLASS] sn4.f14
[CLASS] nk.xy
[CLASS] r32.sh
[CLASS] oa5.d3
[CLASS] j14.f
[CLASS] androidx.lifecycle.LiveData$LifecycleBoundObserver
[CLASS] y70.n4
[CLASS] xv4.e
[CLASS] by1.w
[CLASS] androidx.constraintlayout.widget.a
[CLASS] x7.w
[CLASS] ww0.j
[CLASS] xx1.l
[CLASS] [Liu.k1;
[CLASS] xe5.a
[CLASS] nx3.a
[CLASS] pr0.h5
[CLASS] io.flutter.embedding.engine.systemchannels.TextInputChannel$1
[CLASS] my.e0
[CLASS] [Lbr.z4;
[CLASS] ae4.k
[CLASS] by1.x
[CLASS] r32.sj
[CLASS] xx1.m
[CLASS] [Lr5.a;
[CLASS] [Ls74.q;
[CLASS] j14.h
[CLASS] by1.y
[CLASS] oz4.a0
[CLASS] vu.y
[CLASS] xx1.n
[CLASS] r32.sk
[CLASS] a44.f
[CLASS] x7.y
[CLASS] kf3.x1
[CLASS] pr0.h7
[CLASS] j15.j0
[CLASS] xe5.c
[CLASS] j14.i
[CLASS] by1.z
[CLASS] m64.v
[CLASS] vu.z
[CLASS] xe5.d
[CLASS] y90.m
[CLASS] pr0.h8
[CLASS] j40.d0
[CLASS] [Los2.o;
[CLASS] [Lbx0.wa;
[CLASS] j14.j
[CLASS] v83.l0
[CLASS] wq.a1
[CLASS] sn4.by1
[CLASS] xe5.e
[CLASS] y90.n
[CLASS] [Lha0.d1;
[CLASS] [Lvm4.f4;
[CLASS] ng4.a
[CLASS] fq.q0
[CLASS] m64.x
[CLASS] r32.u0
[CLASS] y90.o
[CLASS] a44.i
[CLASS] xe5.f
[CLASS] [Ll40.j0;
[CLASS] [Ll50.i2;
[CLASS] [Lij3.w;
[CLASS] fq.q1
[CLASS] m64.y
[CLASS] xe5.g
[CLASS] sn4.k35
[CLASS] ho4.m
[CLASS] fr.a
[CLASS] m64.z
[CLASS] wu3.j
[CLASS] zs.j2
[CLASS] xe5.h
[CLASS] bf4.a0
[CLASS] nb1.i0
[CLASS] [Lo30.o;
[CLASS] wq.f
[CLASS] fm2.j
[CLASS] ho4.n
[CLASS] vt2.i
[CLASS] fr.b
[CLASS] d43.j1
[CLASS] vv2.b0
[CLASS] r32.u3
[CLASS] ta1.a
[CLASS] [Liw.w1;
[CLASS] uq4.a
[CLASS] x45.c
[CLASS] ho4.o
[CLASS] wq.g
[CLASS] vt2.j
[CLASS] ba3.z0
[CLASS] d43.j2
[CLASS] nk.yd
[CLASS] r32.u4
[CLASS] xe5.j
[CLASS] ta1.b
[CLASS] di3.a
[CLASS] uq4.b
[CLASS] wq.h
[CLASS] ho4.p
[CLASS] mt2.a0
[CLASS] urgen.ur_54A4.UR_1007
[CLASS] y90.t
[CLASS] [Lo13.k;
[CLASS] di3.b
[CLASS] r32.u5
[CLASS] a44.n
[CLASS] cf5.d1
[CLASS] m70.e
[CLASS] uq4.c
[CLASS] xe5.k
[CLASS] kg4.c3
[CLASS] ho4.q
[CLASS] io.flutter.plugins.connectivity.ConnectivityBroadcastReceiver
[CLASS] mf3.e
[CLASS] kg.f2
[CLASS] vt2.l
[CLASS] ws.m0
[CLASS] j00.h0
[CLASS] r32.u6
[CLASS] y90.u
[CLASS] xe5.l
[CLASS] di3.c
[CLASS] io.flutter.plugin.platform.PlatformViewRegistry
[CLASS] [Lc42.s0;
[CLASS] m70.f
[CLASS] uq4.d
[CLASS] ho4.r
[CLASS] vt2.m
[CLASS] [Lhj.z5;
[CLASS] ta1.e
[CLASS] y90.v
[CLASS] r32.u7
[CLASS] di3.d
[CLASS] xe5.m
[CLASS] [Lhg5.u;
[CLASS] aj0.c0
[CLASS] uq4.e
[CLASS] j14.s
[CLASS] io.flutter.plugins.pathprovider.Messages$PathProviderApi
[CLASS] vt2.n
[CLASS] v40.j
[CLASS] lt4.c
[CLASS] ta1.f
[CLASS] y90.w
[CLASS] r32.u8
[CLASS] di3.e
[CLASS] qr4.c0
[CLASS] tq3.q0
[CLASS] [Lo30.u;
[CLASS] v40.k
[CLASS] vs.n1
[CLASS] lt4.d
[CLASS] ta1.g
[CLASS] bx0.m4
[CLASS] r32.u9
[CLASS] di3.f
[CLASS] qk.x1
[CLASS] pr0.gb
[CLASS] [Lr5.n;
[CLASS] az1.t2
[CLASS] du.b
[CLASS] px0.c0
[CLASS] sn4.zm2
[CLASS] [Lnv.h;
[CLASS] v40.l
[CLASS] vs.n2
[CLASS] androidx.fragment.app.l1
[CLASS] aq4.t0
[CLASS] [Ls80.f;
[CLASS] lt4.e
[CLASS] ta1.h
[CLASS] pr0.gc
[CLASS] qk.x2
[CLASS] x45.v0
[CLASS] lc5.a
[CLASS] wq.n
[CLASS] qr4.a0$$a
[CLASS] sn4.zm3
[CLASS] nj0.v1
[CLASS] v40.m
[CLASS] oj2.u
[CLASS] androidx.appcompat.widget.a3
[CLASS] [Lly.c;
[CLASS] so2.e
[CLASS] x45.k
[CLASS] wq.o
[CLASS] qr4.a0$$b
[CLASS] com.catfish.newvip.core.BroadcastHandler
[CLASS] v40.n
[CLASS] fr.k
[CLASS] [Ldo3.s2;
[CLASS] androidx.fragment.app.l3
[CLASS] e01.a0
[CLASS] qk.x4
[CLASS] zq4.g0
[CLASS] so2.f
[CLASS] x45.l
[CLASS] wq.p
[CLASS] [Lt74.d;
[CLASS] qr4.a0$$c
[CLASS] jc0.f
[CLASS] [Lhh1.b;
[CLASS] v40.o
[CLASS] fr.l
[CLASS] cf5.a
[CLASS] d70.p2
[CLASS] nk.ym
[CLASS] ej4.l
[CLASS] [Lam3.d;
[CLASS] x45.m
[CLASS] du.f
[CLASS] fm2.u
[CLASS] qr4.a0$$d
[CLASS] v40.p
[CLASS] sf5.p1
[CLASS] cf5.b
[CLASS] bx0.k
[CLASS] wu3.v
[CLASS] j20.a
[CLASS] i70.c1
[CLASS] com.catfish.newvip.util.\u06df\u06e2\u06e2\u06e3\u06e6
[CLASS] ej4.m
[CLASS] af0.e
[CLASS] [Lly.f;
[CLASS] androidx.window.embedding.EmbeddingCompat
[CLASS] x45.n
[CLASS] [Ls63.d;
[CLASS] wq.r
[CLASS] df5.c0
[CLASS] fm2.v
[CLASS] io.flutter.embedding.engine.dart.DartMessenger
[CLASS] io.flutter.embedding.engine.systemchannels.ProcessTextChannel
[CLASS] vl3.p1
[CLASS] bx0.l
[CLASS] cf5.c
[CLASS] j20.b
[CLASS] i70.c2
[CLASS] af0.f
[CLASS] ej4.n
[CLASS] ja3.b
[CLASS] [Ld04.h;
[CLASS] [Lo70.y0;
[CLASS] x45.o
[CLASS] wq.s
[CLASS] fm2.w
[CLASS] zg1.y0
[CLASS] qr4.a0$$f
[CLASS] oe5.a1
[CLASS] [Lhh1.e;
[CLASS] bx0.m
[CLASS] vl3.p2
[CLASS] cf5.d
[CLASS] e23.k0
[CLASS] af0.g
[CLASS] ej4.o
[CLASS] ja3.c
[CLASS] zj.b
[CLASS] qk.x8
[CLASS] wq.t
[CLASS] j75.e0
[CLASS] af0.h
[CLASS] p23.h3
[CLASS] ja3.d
[CLASS] k70.y0
[CLASS] w71.y0
[CLASS] vf1.j0
[CLASS] du.j
[CLASS] fm2.y
[CLASS] sn4.ff5
[CLASS] cf5.f
[CLASS] nj1.b0
[CLASS] qy0.a0
[CLASS] r32.ta
[CLASS] r25.n0
[CLASS] af0.i
[CLASS] x45.r
[CLASS] wq.v
[CLASS] [Ls63.h;
[CLASS] ar.b1
[CLASS] y13.l0
[CLASS] k14.a
[CLASS] io4.a
[CLASS] be4.e
[CLASS] ww0.m1
[CLASS] j20.f
[CLASS] cf5.g
[CLASS] r32.tb
[CLASS] yv.c1
[CLASS] af0.j
[CLASS] k60.z0
[CLASS] io.flutter.plugin.platform.PlatformViewRegistryImpl
[CLASS] x45.s
[CLASS] r5.t0
[CLASS] wq.w
[CLASS] xf1.a
[CLASS] br.a4
[CLASS] io4.b
[CLASS] urgen.ur_54A4.URS_3370
[CLASS] sn4.z94
[CLASS] cf5.h
[CLASS] sz2.f0
[CLASS] j20.g
[CLASS] do4.o0
[CLASS] r32.tc
[CLASS] z90.f
[CLASS] af0.k
[CLASS] k60.z1
[CLASS] du.m
[CLASS] wq.x
[CLASS] xf1.b
[CLASS] [Lp30.d;
[CLASS] br.a5
[CLASS] k14.c
[CLASS] fh.s$$b
[CLASS] xc5.f0
[CLASS] cf5.i
[CLASS] r32.td
[CLASS] z90.g
[CLASS] r40.i0
[CLASS] pr0.i0
[CLASS] af0.l
[CLASS] qz.e
[CLASS] cu0.o0
[CLASS] xf1.c
[CLASS] br.a6
[CLASS] io4.d
[CLASS] k14.d
[CLASS] mt4.m9
[CLASS] [Lcr.z1;
[CLASS] [Lnv.t;
[CLASS] oz0.e
[CLASS] cf5.j
[CLASS] [Lyc4.i1;
[CLASS] om4.n0
[CLASS] fh.s$$c
[CLASS] af0.m
[CLASS] [Lop4.a;
[CLASS] ja3.i
[CLASS] qz.f
[CLASS] [La6.w;
[CLASS] xf1.d
[CLASS] k14.e
[CLASS] io4.e
[CLASS] cf5.k
[CLASS] io.flutter.plugin.common.JSONUtil
[CLASS] [Lw90.c3;
[CLASS] [Let0.d;
[CLASS] r32.tf
[CLASS] bx0.la
[CLASS] qg.a0
[CLASS] af0.n
[CLASS] ja3.j
[CLASS] [Lhf4.f;
[CLASS] xf1.e
[CLASS] cx2.x0
[CLASS] io4.f
[CLASS] xe0.a0
[CLASS] c05.c0
[CLASS] hy2.j0
[CLASS] cf5.l
[CLASS] y62.a
[CLASS] r32.tg
[CLASS] hm3.a0
[CLASS] af0.o
[CLASS] a33.b
[CLASS] ja3.k
[CLASS] ct0.p1
[CLASS] qz2.l0
[CLASS] x45.x
[CLASS] org.chromium.base.ObserverList$ObserverListIterator
[CLASS] [Lp30.h;
[CLASS] mb5.j0
[CLASS] fl1.a
[CLASS] [Lzb1.s;
[CLASS] ng1.e1
[CLASS] [Lgg1.h1;
[CLASS] aa0.l0
[CLASS] ad3.i
[CLASS] y62.b
[CLASS] cf5.m
[CLASS] g30.m0
[CLASS] ol4.o1
[CLASS] r32.th
[CLASS] [Lfu1.h;
[CLASS] a33.c
[CLASS] af0.p
[CLASS] ye5.b
[CLASS] oa5.e3
[CLASS] du.r
[CLASS] [Lc70.e2;
[CLASS] fl1.b
[CLASS] io4.h
[CLASS] y70.o4
[CLASS] xe0.a2
[CLASS] ad3.j
[CLASS] cf5.n
[CLASS] ta1.x
[CLASS] r32.ti
[CLASS] a33.d
[CLASS] af0.q
[CLASS] my.f0
[CLASS] fl1.c
[CLASS] io4.i
[CLASS] ad3.k
[CLASS] r32.tj
[CLASS] a33.e
[CLASS] af0.r
[CLASS] gn.b
[CLASS] du.t
[CLASS] ye5.d
[CLASS] o61.v0
[CLASS] k14.j
[CLASS] io4.j
[CLASS] ad3.l
[CLASS] wt2.e
[CLASS] cf5.p
[CLASS] r32.tk
[CLASS] ta1.z
[CLASS] a33.f
[CLASS] af0.s
[CLASS] gn.c
[CLASS] kf3.y1
[CLASS] j15.k0
[CLASS] ye5.e
[CLASS] [Lpr0.u1;
[CLASS] k14.k
[CLASS] og4.a
[CLASS] ad3.m
[CLASS] wt2.f
[CLASS] cf5.q
[CLASS] io.flutter.embedding.engine.FlutterJNI
[CLASS] ks.y0
[CLASS] wc3.b
[CLASS] gn.d
[CLASS] j40.e0
[CLASS] ye5.f
[CLASS] k14.l
[CLASS] wt2.g
[CLASS] wq.b1
[CLASS] cf5.r
[CLASS] [Lfu1.m;
[CLASS] [Lzq.y0;
[CLASS] wc3.c
[CLASS] ye5.g
[CLASS] com.catfish.newvip.util.MLOG
[CLASS] gn.e
[CLASS] io4.m
[CLASS] fq.r0
[CLASS] cf5.s
[CLASS] dy1.a
[CLASS] j20.r
[CLASS] r32.v0
[CLASS] [Lha0.e2;
[CLASS] wc3.d
[CLASS] gn.f
[CLASS] zj.q
[CLASS] ye5.h
[CLASS] xf1.m
[CLASS] io4.n
[CLASS] fq.r1
[CLASS] w40.e
[CLASS] cf5.t
[CLASS] rg2.a0
[CLASS] dy1.b
[CLASS] r32.v1
[CLASS] ye5.i
[CLASS] mv1.e
[CLASS] vq4.a
[CLASS] xf1.n
[CLASS] io4.o
[CLASS] na.c
[CLASS] w40.f
[CLASS] cf5.u
[CLASS] [Lsw1.b;
[CLASS] dy1.c
[CLASS] r32.v2
[CLASS] zs.k2
[CLASS] ye5.j
[CLASS] vq4.b
[CLASS] ss2.m0
[CLASS] io4.p
[CLASS] zf4.r0
[CLASS] hj.a8
[CLASS] cf5.v
[CLASS] androidx.versionedparcelable.CustomVersionedParcelable
[CLASS] dy1.d
[CLASS] vv2.c0
[CLASS] r32.v3
[CLASS] oi1.m
[CLASS] ye5.k
[CLASS] lu0.e
[CLASS] n70.e
[CLASS] vq4.c
[CLASS] io4.q
[CLASS] na.e
[CLASS] hj.a9
[CLASS] urgen.ur_E2DE.UR_B68D
[CLASS] [Lsw1.d;
[CLASS] sn4.bz6
[CLASS] org.chromium.net.NetworkChangeNotifierAutoDetect$AndroidRDefaultNetworkCallback
[CLASS] mt4.a
[CLASS] np.protect.\u2064\u2064\u2060\u2064\u2064\u2060\u2060\u2060\u2064\u2060\u2064\u2064
[CLASS] r32.v4
[CLASS] nk.zd
[CLASS] v5.a
[CLASS] dy1.e
[CLASS] cx0.c
[CLASS] cf5.w
[CLASS] androidx.window.embedding.SplitController$Companion
[CLASS] vq4.d
[CLASS] vp.h
[CLASS] [Lpr1.a0;
[CLASS] na.f
[CLASS] [Lew3.k0;
[CLASS] dy1.f
[CLASS] r32.v5
[CLASS] cf5.e1
[CLASS] v5.b
[CLASS] ye5.m
[CLASS] vq4.e
[CLASS] vp.i
[CLASS] na.g
[CLASS] kg.g2
[CLASS] ws.n0
[CLASS] mt4.c
[CLASS] j00.i0
[CLASS] r32.v6
[CLASS] nk.w10
[CLASS] ts.c
[CLASS] wc3.j
[CLASS] bx0.n1
[CLASS] vq4.f
[CLASS] na.h
[CLASS] [Ld10.f;
[CLASS] e9.d0
[CLASS] cf5.z
[CLASS] p75.f
[CLASS] mt4.d
[CLASS] r32.v7
[CLASS] wc3.k
[CLASS] ye5.o
[CLASS] dc2.o3
[CLASS] [Le04.b;
[CLASS] [Liy0.c;
[CLASS] vq4.g
[CLASS] na.i
[CLASS] [Lvw.l0;
[CLASS] wc3.l
[CLASS] qr4.d0
[CLASS] ye5.p
[CLASS] bf0.a
[CLASS] tq3.r0
[CLASS] az1.u1
[CLASS] mc5.a
[CLASS] vq4.h
[CLASS] ct.a
[CLASS] te4.i0
[CLASS] vs.o1
[CLASS] k0.x0
[CLASS] [Lxb.p;
[CLASS] mt4.f
[CLASS] r32.v9
[CLASS] bx0.n4
[CLASS] wc3.m
[CLASS] pr0.hb
[CLASS] bf0.b
[CLASS] ye5.q
[CLASS] az1.u2
[CLASS] vq4.i
[CLASS] ct.b
[CLASS] a50.y
[CLASS] y45.k
[CLASS] na.k
[CLASS] nj0.w0
[CLASS] vs.o2
[CLASS] aq4.u0
[CLASS] bx0.n5
[CLASS] wc3.n
[CLASS] bf0.c
[CLASS] to2.f
[CLASS] a50.z
[CLASS] dw4.e
[CLASS] vq4.j
[CLASS] px0.d1
[CLASS] [Lp31.h0;
[CLASS] na.l
[CLASS] qk.y2
[CLASS] nj0.w1
[CLASS] ye5.r
[CLASS] a95.a0
[CLASS] eq.j
[CLASS] df5.a
[CLASS] [Lxb.r;
[CLASS] [Lhr.v0;
[CLASS] wc3.o
[CLASS] r3.i0
[CLASS] to2.g
[CLASS] vq4.k
[CLASS] dw4.f
[CLASS] w23.i
[CLASS] na.m
[CLASS] urgen.ur_0025.UR_B0D8
[CLASS] io.flutter.embedding.engine.renderer.SurfaceTextureWrapper
[CLASS] eq.k
[CLASS] androidx.fragment.app.m3
[CLASS] df5.b
[CLASS] k20.a
[CLASS] ht.h0
[CLASS] wc3.p
[CLASS] x35.x0
[CLASS] qk.y4
[CLASS] zq4.h0
[CLASS] vq4.l
[CLASS] y45.n
[CLASS] e83.e
[CLASS] [Lti0.q;
[CLASS] [Lt63.d;
[CLASS] na.n
[CLASS] of5.a0
[CLASS] hg5.s0
[CLASS] [Luy3.q;
[CLASS] df5.c
[CLASS] [Lxb.t;
[CLASS] nk.zm
[CLASS] c91.x0
[CLASS] vq4.m
[CLASS] [Lqs2.c;
[CLASS] e83.f
[CLASS] of5.a1
[CLASS] sf5.q1
[CLASS] [Ldo3.t4;
[CLASS] df5.d
[CLASS] sl4.a
[CLASS] qk.y6
[CLASS] sn4.a10
[CLASS] tb4.l0
[CLASS] vq4.n
[CLASS] b50.a
[CLASS] df5.d0
[CLASS] e4.a1
[CLASS] na.p
[CLASS] t64.a0
[CLASS] vl3.q1
[CLASS] [Lsd5.d;
[CLASS] df5.e
[CLASS] i70.d2
[CLASS] sl4.b
[CLASS] aw.a
[CLASS] qk.y7
[CLASS] c9.a
[CLASS] androidx.recyclerview.widget.a0
[CLASS] vq4.o
[CLASS] y45.q
[CLASS] dw4.j
[CLASS] [Lpr1.c;
[CLASS] oe5.b1
[CLASS] na.q
[CLASS] rv.f
[CLASS] ft.j0
[CLASS] [Luy3.t;
[CLASS] [Lxb.w;
[CLASS] df5.f
[CLASS] aw.b
[CLASS] e23.l0
[CLASS] c9.b
[CLASS] qk.y8
[CLASS] vq4.p
[CLASS] dw4.k
[CLASS] j75.f0
[CLASS] na.r
[CLASS] l14.a
[CLASS] sn4.fg4
[CLASS] pz0.b
[CLASS] t8.g
[CLASS] [Lqb3.b;
[CLASS] df5.g
[CLASS] io.flutter.embedding.engine.systemchannels.SettingsChannel
[CLASS] e01.b5
[CLASS] p23.i3
[CLASS] k70.z0
[CLASS] [Lbm3.j;
[CLASS] androidx.recyclerview.widget.a2
[CLASS] vq4.q
[CLASS] vf1.k0
[CLASS] io.flutter.embedding.engine.EngineDataReportListener
[CLASS] n65.a$$a
[CLASS] mt4.n5
[CLASS] pz0.c
[CLASS] t8.h
[CLASS] nj1.c0
[CLASS] df5.h
[CLASS] [Lz00.f;
[CLASS] r32.ua
[CLASS] d55.b
[CLASS] [Liy0.n;
[CLASS] ar.c1
[CLASS] [Lpr1.f;
[CLASS] [Ln90.a1;
[CLASS] io.flutter.embedding.engine.plugins.broadcastreceiver.BroadcastReceiverAware
[CLASS] y13.m0
[CLASS] bd3.e
[CLASS] ww0.n1
[CLASS] df5.i
[CLASS] r32.ub
[CLASS] yv.d1
[CLASS] yi.e
[CLASS] androidx.recyclerview.widget.a4
[CLASS] c44.a
[CLASS] c9.e
[CLASS] xe0.a
[CLASS] br.b4
[CLASS] [Lpw.r0;
[CLASS] [Lqx1.s2;
[CLASS] [Ler.y3;
[CLASS] bd3.f
[CLASS] do4.p0
[CLASS] r32.uc
[CLASS] wc3.x
[CLASS] df5.j
[CLASS] yi.f
[CLASS] y45.v
[CLASS] xe0.b
[CLASS] br.b5
[CLASS] jo4.e
[CLASS] urgen.ur_0025.UR_6BC8
[CLASS] xc5.g0
[CLASS] ga0.w0
[CLASS] ur0.y
[CLASS] t8.k
[CLASS] bd3.g
[CLASS] [Luy3.y;
[CLASS] df5.k
[CLASS] r32.ud
[CLASS] r40.j0
[CLASS] wc3.y
[CLASS] [Ldu1.c0;
[CLASS] pr0.j0
[CLASS] rg.a0
[CLASS] [Le04.p;
[CLASS] cu0.p0
[CLASS] y45.w
[CLASS] xe0.c
[CLASS] [Lpr1.i;
[CLASS] ga0.w1
[CLASS] t8.l
[CLASS] bd3.h
[CLASS] m30.x1
[CLASS] df5.l
[CLASS] om4.o0
[CLASS] r32.ue
[CLASS] wc3.z
[CLASS] ze5.a
[CLASS] b33.b
[CLASS] ka3.k
[CLASS] py.f
[CLASS] y45.x
[CLASS] xe0.d
[CLASS] ng1.s1$$a
[CLASS] df5.m
[CLASS] wl.b
[CLASS] r32.uf
[CLASS] pr0.j2
[CLASS] qg.b0
[CLASS] [Lct0.a2;
[CLASS] b33.c
[CLASS] [Le04.r;
[CLASS] py.g
[CLASS] xe0.e
[CLASS] cx2.y0
[CLASS] org.chromium.base.Log
[CLASS] xe0.b0
[CLASS] hy2.k0
[CLASS] c05.d0
[CLASS] [Lp80.x0;
[CLASS] bd3.j
[CLASS] df5.n
[CLASS] k20.m
[CLASS] r32.ug
[CLASS] qz2.m0
[CLASS] b33.d
[CLASS] io.flutter.util.TraceSection
[CLASS] ka3.m
[CLASS] rg.a3
[CLASS] py.h
[CLASS] xe0.f
[CLASS] [Lpr1.l;
[CLASS] ng1.f1
[CLASS] [Lq30.j;
[CLASS] mb5.k0
[CLASS] [Lw80.e3;
[CLASS] bd3.k
[CLASS] df5.o
[CLASS] ol4.p1
[CLASS] g30.n0
[CLASS] wl.d
[CLASS] r32.uh
[CLASS] a50.b0
[CLASS] d55.i
[CLASS] oa5.f3
[CLASS] [Lvj1.c;
[CLASS] hj.b0
[CLASS] y70.p4
[CLASS] xe0.b2
[CLASS] bd3.l
[CLASS] df5.p
[CLASS] qk.xa
[CLASS] d55.j
[CLASS] u15.i0
[CLASS] nv1.a
[CLASS] my.g0
[CLASS] [Lq30.l;
[CLASS] [Lsn3.j0;
[CLASS] df5.q
[CLASS] wl.f
[CLASS] r32.uj
[CLASS] kf3.z0
[CLASS] nv1.b
[CLASS] [Lpr1.o;
[CLASS] df5.r
[CLASS] r32.uk
[CLASS] pr0.j7
[CLASS] [Lnq.b;
[CLASS] d55.l
[CLASS] ze5.g
[CLASS] j15.l0
[CLASS] [Lwi5.a;
[CLASS] nv1.c
[CLASS] [Lqb3.n;
[CLASS] df5.s
[CLASS] wl.h
[CLASS] pr0.j8
[CLASS] c9.o
[CLASS] g.g
[CLASS] j40.f0
[CLASS] d55.m
[CLASS] fm.d
[CLASS] nv1.d
[CLASS] ze5.h
[CLASS] z45.b
[CLASS] xe0.k
[CLASS] b33.i
[CLASS] [Lqv2.a0;
[CLASS] wq.c1
[CLASS] df5.t
[CLASS] ey1.b
[CLASS] c9.p
[CLASS] xc3.e
[CLASS] [Ls35.m;
[CLASS] g.h
[CLASS] d55.n
[CLASS] fm.e
[CLASS] ze5.i
[CLASS] z45.c
[CLASS] xe0.l
[CLASS] [Lpr1.r;
[CLASS] sn4.pk5
[CLASS] [Ll50.k1;
[CLASS] fq.s0
[CLASS] [Lh43.g;
[CLASS] ey1.c
[CLASS] r32.w0
[CLASS] b33.k
[CLASS] fm.f
[CLASS] ze5.j
[CLASS] wq4.b
[CLASS] xe0.m
[CLASS] fq.s1
[CLASS] wl.k
[CLASS] ey1.d
[CLASS] b33.l
[CLASS] wq4.c
[CLASS] xe0.n
[CLASS] [Lqb3.r;
[CLASS] [Lsd5.v;
[CLASS] ey1.e
[CLASS] [Luu.b0;
[CLASS] rg2.b1
[CLASS] df5.w
[CLASS] b33.m
[CLASS] zs.l2
[CLASS] nb1.k0
[CLASS] wq4.d
[CLASS] xe0.o
[CLASS] [Lpr1.u;
[CLASS] hj.o
[CLASS] x40.i
[CLASS] vv2.d0
[CLASS] ey1.f
[CLASS] r32.w3
[CLASS] b33.n
[CLASS] [Liw.y1;
[CLASS] fm.i
[CLASS] oa5.dz
[CLASS] wq4.e
[CLASS] hj.b9
[CLASS] x40.j
[CLASS] dx0.e
[CLASS] r32.w4
[CLASS] ey1.g
[CLASS] b33.o
[CLASS] cf5.f0
[CLASS] fm.j
[CLASS] wq4.f
[CLASS] xe0.q
[CLASS] dx0.f
[CLASS] r32.w5
[CLASS] androidx.window.embedding.SplitController
[CLASS] cf5.f1
[CLASS] b33.p
[CLASS] fm.k
[CLASS] wq4.g
[CLASS] [Lpr1.x;
[CLASS] xe0.r
[CLASS] v01.a
[CLASS] kg.h2
[CLASS] ws.o0
[CLASS] dx0.g
[CLASS] j00.j0
[CLASS] r32.w6
[CLASS] bx0.o1
[CLASS] fm.l
[CLASS] cf0.a
[CLASS] kc.a
[CLASS] wq4.h
[CLASS] [Loq0.w;
[CLASS] v01.b
[CLASS] xe0.s
[CLASS] md1.f
[CLASS] r32.w7
[CLASS] cf0.b
[CLASS] kc.b
[CLASS] org.chromium.net.httpflags.Flags$FlagsDefaultEntryHolder
[CLASS] wq4.i
[CLASS] [Lpr1.b3;
[CLASS] hj.t
[CLASS] r32.w8
[CLASS] bx0.o3
[CLASS] op2.a0
[CLASS] cf0.c
[CLASS] [La95.q;
[CLASS] tq3.s0
[CLASS] az1.v1
[CLASS] kc.c
[CLASS] wq4.j
[CLASS] uo.l
[CLASS] te4.j0
[CLASS] d5.a
[CLASS] xe0.u
[CLASS] fi3.i
[CLASS] vs.p1
[CLASS] k0.y0
[CLASS] w02.m1
[CLASS] lr2.d
[CLASS] bx0.o4
[CLASS] r32.w9
[CLASS] pr0.ib
[CLASS] fi3.j
[CLASS] az1.v2
[CLASS] sn4.sw0
[CLASS] wq4.k
[CLASS] xe0.v
[CLASS] uo.m
[CLASS] md1.i
[CLASS] nj0.x0
[CLASS] vs.p2
[CLASS] aq4.v0
[CLASS] lr2.e
[CLASS] bx0.o5
[CLASS] cf0.e
[CLASS] fi3.k
[CLASS] o8.p0
[CLASS] wq4.l
[CLASS] xe0.w
[CLASS] v01.f
[CLASS] te4.j2
[CLASS] a95.b0
[CLASS] nj0.x1
[CLASS] md1.j
[CLASS] qu.a
[CLASS] de4.a
[CLASS] lr2.f
[CLASS] cf0.f
[CLASS] fi3.l
[CLASS] wq4.m
[CLASS] v01.g
[CLASS] xe0.x
[CLASS] md1.k
[CLASS] [Ldo3.u2;
[CLASS] androidx.fragment.app.n3
[CLASS] e01.c0
[CLASS] io.flutter.embedding.engine.systemchannels.LifecycleChannel
[CLASS] gj4.o
[CLASS] zq4.i0
[CLASS] [Ljw.d;
[CLASS] wq4.n
[CLASS] xe0.y
[CLASS] sn4.fh0
[CLASS] as0.a
[CLASS] dg5.d0
[CLASS] hj.aa
[CLASS] fm2.a1
[CLASS] hg5.t0
[CLASS] v01.h
[CLASS] sf5.r0
[CLASS] of5.b0
[CLASS] c91.y0
[CLASS] gj4.p
[CLASS] [Lak1.d;
[CLASS] [Lf04.j;
[CLASS] wq4.o
[CLASS] xe0.z
[CLASS] of5.b1
[CLASS] sf5.r1
[CLASS] qz0.a
[CLASS] lr2.i
[CLASS] qk.z6
[CLASS] gj4.q
[CLASS] [Lcm3.i;
[CLASS] tb4.m0
[CLASS] wq4.p
[CLASS] df5.e0
[CLASS] m14.a
[CLASS] t64.b0
[CLASS] vl3.r1
[CLASS] qz0.b
[CLASS] cd3.c
[CLASS] i70.e2
[CLASS] [Lzo1.g;
[CLASS] e55.a
[CLASS] fi3.p
[CLASS] androidx.recyclerview.widget.b0
[CLASS] e4.b2
[CLASS] m14.b
[CLASS] e23.m0
[CLASS] qk.z8
[CLASS] fi3.q
[CLASS] [Lf04.m;
[CLASS] v01.l
[CLASS] as0.e
[CLASS] j75.g0
[CLASS] m14.c
[CLASS] ef5.i
[CLASS] [Lwz4.y;
[CLASS] com.tyun.yz.Dialog.XYDialog
[CLASS] [Lrb3.d;
[CLASS] com.tyun.yz.Verify$$ExternalSyntheticLambda18
[CLASS] p23.j3
[CLASS] fi3.r
[CLASS] e55.c
[CLASS] androidx.recyclerview.widget.b2
[CLASS] vf1.l0
[CLASS] ar.d0
[CLASS] qi2.b0
[CLASS] m14.d
[CLASS] [Lyy.g;
[CLASS] ww0.o0
[CLASS] nj1.d0
[CLASS] [Lu80.r;
[CLASS] kq1.k
[CLASS] l20.i
[CLASS] r25.p0
[CLASS] r32.va
[CLASS] com.tyun.yz.Verify$$ExternalSyntheticLambda19
[CLASS] e55.d
[CLASS] y13.n0
[CLASS] p80.m1
[CLASS] ar.d1
[CLASS] ye0.b
[CLASS] v01.n
[CLASS] m14.e
[CLASS] ww0.o1
[CLASS] a05.u
[CLASS] mj0.a3
[CLASS] lr2.n
[CLASS] kq1.l
[CLASS] l20.j
[CLASS] [Liv2.h;
[CLASS] r32.vb
[CLASS] e55.e
[CLASS] r5.v0
[CLASS] eh1.c0
[CLASS] sn4.rb2
[CLASS] br.c4
[CLASS] ye0.c
[CLASS] m14.f
[CLASS] a05.v
[CLASS] ef5.l
[CLASS] kq1.m
[CLASS] l20.k
[CLASS] r32.vc
[CLASS] e55.f
[CLASS] [Li70.q1;
[CLASS] io.flutter.plugin.platform.PlatformViewsController$1
[CLASS] v01.p
[CLASS] br.c5
[CLASS] [Ly70.a1;
[CLASS] ye0.d
[CLASS] xc5.h0
[CLASS] [Ltb4.y0;
[CLASS] m14.g
[CLASS] [Ler.z4;
[CLASS] a05.w
[CLASS] mj0.a5
[CLASS] m30.y0
[CLASS] [Lu80.u;
[CLASS] l20.l
[CLASS] r40.k0
[CLASS] pr0.k0
[CLASS] [Ldu1.d0;
[CLASS] r32.vd
[CLASS] e55.g
[CLASS] rg.b0
[CLASS] cu0.q0
[CLASS] gi.b
[CLASS] rq4.e1
[CLASS] gi.c
[CLASS] sn4.xy6
[CLASS] a05.x
[CLASS] om4.p0
[CLASS] pr0.k1
[CLASS] br4.f
[CLASS] dg1.s
[CLASS] e55.h
[CLASS] o70.z
[CLASS] mj0.a7
[CLASS] zq.a0
[CLASS] r32.vf
[CLASS] rg.b2
[CLASS] dg1.t
[CLASS] io.flutter.plugin.localization.LocalizationPlugin
[CLASS] sn4.rb6
[CLASS] xe0.c0
[CLASS] hy2.l0
[CLASS] a05.z
[CLASS] yt2.e
[CLASS] sn4.wd0
[CLASS] zq.a1
[CLASS] kq1.q
[CLASS] r32.vg
[CLASS] qz2.n0
[CLASS] yc3.a
[CLASS] dg1.u
[CLASS] ct0.r1
[CLASS] [Lgg1.j1;
[CLASS] ng1.g1
[CLASS] hl1.e
[CLASS] ol4.q1
[CLASS] g30.o0
[CLASS] ef5.q
[CLASS] r32.vh
[CLASS] a50.c0
[CLASS] l40.a0
[CLASS] kq1.r
[CLASS] [Lon2.d;
[CLASS] dg1.v
[CLASS] io.flutter.util.ImmediateExecutor
[CLASS] [Lc70.g2;
[CLASS] xe0.c2
[CLASS] y70.q4
[CLASS] [Lw60.h0;
[CLASS] [Lw80.f4;
[CLASS] wr0.c
[CLASS] r32.vi
[CLASS] kq1.s
[CLASS] au2.g1
[CLASS] dg1.w
[CLASS] u15.j0
[CLASS] el.a
[CLASS] my.h0
[CLASS] ma5.a$$a
[CLASS] org.chromium.net.httpflags.BaseFeatureOverrides$Builder
[CLASS] yt2.h
[CLASS] vk.f
[CLASS] [Lai4.k;
[CLASS] kq1.t
[CLASS] r32.vj
[CLASS] x41.a2
[CLASS] lc2.u0
[CLASS] zd4.f
[CLASS] sn4.it0
[CLASS] [Lak1.r;
[CLASS] pt.b0
[CLASS] ma5.a$$b
[CLASS] y40.e
[CLASS] vk.g
[CLASS] yt2.i
[CLASS] kq1.u
[CLASS] r32.vk
[CLASS] ly.i0
[CLASS] sr0.d1
[CLASS] xq4.a
[CLASS] ma5.a$$c
[CLASS] y40.f
[CLASS] yt2.j
[CLASS] vk.h
[CLASS] [Lai4.m;
[CLASS] ex0.a
[CLASS] kq1.v
[CLASS] sn4.wd5
[CLASS] pr0.k8
[CLASS] j40.g0
[CLASS] [Lak1.t;
[CLASS] xq4.b
[CLASS] ye0.m
[CLASS] ma5.a$$d
[CLASS] wq.d1
[CLASS] fa0.a3
[CLASS] y40.g
[CLASS] yt2.k
[CLASS] [Lha0.g1;
[CLASS] zd4.i
[CLASS] ye0.n
[CLASS] ma5.a$$e
[CLASS] fq.t0
[CLASS] nd1.a
[CLASS] [Lvu.b0;
[CLASS] r32.x0
[CLASS] [Lga4.e;
[CLASS] [Lx7.b0;
[CLASS] zd4.j
[CLASS] urgen.ur_0025.UR_6F14
[CLASS] xq4.d
[CLASS] ye0.o
[CLASS] fq.t1
[CLASS] ma5.a$$f
[CLASS] rg2.c0
[CLASS] ef5.x
[CLASS] fy1.f
[CLASS] r32.x1
[CLASS] np.protect.\u2064\u2060\u2064\u2064\u2063\u2064\u2060\u2060\u2060\u2060\u2063\u2063\u2060\u2060\u2063
[CLASS] zd4.k
[CLASS] xq4.e
[CLASS] ye0.p
[CLASS] ma5.a$$g
[CLASS] mc0.a
[CLASS] nd1.c
[CLASS] lg.h0
[CLASS] rg2.c1
[CLASS] lb2.v4
[CLASS] ex0.e
[CLASS] r32.x2
[CLASS] zs.m2
[CLASS] bf4.d0
[CLASS] pt3.a0
[CLASS] ss2.o0
[CLASS] xq4.f
[CLASS] ye0.q
[CLASS] zf4.t0
[CLASS] hj.c8
[CLASS] ma5.a$$h
[CLASS] org.chromium.base.ThreadUtils$ThreadChecker
[CLASS] nd1.d
[CLASS] r32.x3
[CLASS] sn4.un2
[CLASS] androidx.window.embedding.EmbeddingCompat$Companion
[CLASS] xq4.g
[CLASS] y23.e
[CLASS] ye0.r
[CLASS] hj.c9
[CLASS] ma5.a$$i
[CLASS] nd1.e
[CLASS] ex0.g
[CLASS] r32.x4
[CLASS] cf5.g0
[CLASS] rq.a
[CLASS] df0.a
[CLASS] fh2.e
[CLASS] ye0.s
[CLASS] ma5.a$$j
[CLASS] n25.x
[CLASS] r32.x5
[CLASS] cf5.g1
[CLASS] rq.b
[CLASS] un1.c
[CLASS] ma5.a$$k
[CLASS] kg.i2
[CLASS] ws.p0
[CLASS] [Lks.d;
[CLASS] r32.x6
[CLASS] bx0.p1
[CLASS] fh2.g
[CLASS] un1.d
[CLASS] ma5.a$$l
[CLASS] mc0.f
[CLASS] cp4.e$$a
[CLASS] [Lf10.j;
[CLASS] r32.x7
[CLASS] [Llx4.b;
[CLASS] fh.u0$$d0
[CLASS] hj4.l
[CLASS] aj0.f0
[CLASS] y23.i
[CLASS] ma5.a$$m
[CLASS] fw4.f
[CLASS] r32.x8
[CLASS] bx0.p3
[CLASS] androidx.appcompat.widget.d0
[CLASS] f32.d0
[CLASS] dc2.q4
[CLASS] t3.e
[CLASS] tq3.t0
[CLASS] az1.w1
[CLASS] y23.j
[CLASS] te4.k0
[CLASS] ma5.a$$n
[CLASS] [Llz1.j;
[CLASS] nd1.j
[CLASS] r32.x9
[CLASS] bx0.p4
[CLASS] mr2.f
[CLASS] pr0.jb
[CLASS] com.tyun.yz.Verify$$ExternalSyntheticLambda20
[CLASS] t3.f
[CLASS] az1.w2
[CLASS] p.a0
[CLASS] ma5.a$$o
[CLASS] mc0.i
[CLASS] nd1.k
[CLASS] aq4.w0
[CLASS] ul4.a
[CLASS] t3.g
[CLASS] hj4.o
[CLASS] o8.q0
[CLASS] a95.c0
[CLASS] ma5.a$$p
[CLASS] [Lp31.j0;
[CLASS] nj0.y1
[CLASS] mc0.j
[CLASS] nd1.l
[CLASS] [Llx4.f;
[CLASS] [Lvg3.m;
[CLASS] df0.h
[CLASS] ma5.a$$q
[CLASS] nj0.y2
[CLASS] androidx.fragment.app.o3
[CLASS] e01.d0
[CLASS] dd3.b
[CLASS] bx0.p7
[CLASS] m20.e
[CLASS] [Lzu.h;
[CLASS] zq4.j0
[CLASS] r3.k1
[CLASS] ma3.e
[CLASS] p70.r
[CLASS] ma5.a$$r
[CLASS] of5.c0
[CLASS] hj.ba
[CLASS] hg5.u0
[CLASS] dd3.c
[CLASS] m20.f
[CLASS] t3.j
[CLASS] f55.a
[CLASS] ma3.f
[CLASS] p70.s
[CLASS] ma5.a$$s
[CLASS] er.a4
[CLASS] [Lks.l;
[CLASS] dd3.d
[CLASS] i70.f1
[CLASS] m20.g
[CLASS] com.tyun.yz.Verify$$ExternalSyntheticLambda25
[CLASS] gi3.q
[CLASS] tb4.n0
[CLASS] p70.t
[CLASS] sn4.fi2
[CLASS] ma5.a$$t
[CLASS] e4.c1
[CLASS] df5.f0
[CLASS] er.a5
[CLASS] vl3.s1
[CLASS] i70.f2
[CLASS] e01.d3
[CLASS] [Lvx2.u;
[CLASS] com.tyun.yz.Verify$$ExternalSyntheticLambda26
[CLASS] io.flutter.embedding.engine.systemchannels.LocalizationChannel$LocalizationMessageHandler
[CLASS] f55.c
[CLASS] androidx.recyclerview.widget.c0
[CLASS] y23.q
[CLASS] ma5.a$$u
[CLASS] e4.c2
[CLASS] ze0.a
[CLASS] jk2.t0
[CLASS] [Lrr1.g;
[CLASS] er.a6
[CLASS] dr.b4
[CLASS] [Lbz3.f;
[CLASS] rz0.e
[CLASS] urgen.ur_2BA9.UR_5767
[CLASS] e23.n0
[CLASS] urgen.ur_0025.UR_8267
[CLASS] f55.d
[CLASS] mb3.a0
[CLASS] ze0.b
[CLASS] j75.h0
[CLASS] [Ls30.f;
[CLASS] ma5.a$$v
[CLASS] jm2.a
[CLASS] rz0.f
[CLASS] t3.n
[CLASS] d33.a
[CLASS] androidx.recyclerview.widget.c2
[CLASS] vf1.m0
[CLASS] ar.e0
[CLASS] qi2.c0
[CLASS] w01.o
[CLASS] ma5.a$$w
[CLASS] nj1.e0
[CLASS] qy0.d0
[CLASS] r32.wa
[CLASS] r25.q0
[CLASS] ym3.k0
[CLASS] pl.h0
[CLASS] androidx.recyclerview.widget.c3
[CLASS] y13.o0
[CLASS] ar.e1
[CLASS] w01.p
[CLASS] ma5.a$$x
[CLASS] [Ln90.c1;
[CLASS] ze0.d
[CLASS] p80.n1
[CLASS] ww0.p1
[CLASS] [Lsb3.h;
[CLASS] r32.wb
[CLASS] yv.f1
[CLASS] [Lga4.x;
[CLASS] f55.g
[CLASS] gi3.v
[CLASS] r5.w0
[CLASS] eh1.d0
[CLASS] p70.y
[CLASS] w01.q
[CLASS] br.d4
[CLASS] u80.a0
[CLASS] do4.r0
[CLASS] r32.wc
[CLASS] f55.h
[CLASS] d33.d
[CLASS] p70.z
[CLASS] w01.r
[CLASS] br.d5
[CLASS] ze0.f
[CLASS] xc5.i0
[CLASS] fh.b
[CLASS] [Lxj1.b;
[CLASS] mj0.b5
[CLASS] r32.wd
[CLASS] r40.l0
[CLASS] pr0.l0
[CLASS] f55.i
[CLASS] cu0.r0
[CLASS] rq4.f1
[CLASS] ze0.g
[CLASS] [Lqq0.k;
[CLASS] fh.c
[CLASS] jm2.f
[CLASS] sn4.f51
[CLASS] aa0.f
[CLASS] xr0.a
[CLASS] om4.q0
[CLASS] pr0.l1
[CLASS] r32.we
[CLASS] rg.c1
[CLASS] uj.a
[CLASS] f55.j
[CLASS] gi3.y
[CLASS] wg.h
[CLASS] pv1.a
[CLASS] ze0.h
[CLASS] fh.d
[CLASS] sn4.ds2
[CLASS] [Lw90.f3;
[CLASS] aa0.g
[CLASS] zq.b0
[CLASS] xr0.b
[CLASS] bx0.oa
[CLASS] lq1.r
[CLASS] r32.wf
[CLASS] [Lgy.h;
[CLASS] l50.a0
[CLASS] rg.c2
[CLASS] f55.k
[CLASS] wg.i
[CLASS] pv1.b
[CLASS] [Lky0.w;
[CLASS] xe0.d0
[CLASS] fh.e
[CLASS] hy2.m0
[CLASS] jm2.h
[CLASS] [Lw80.g2;
[CLASS] [Lp80.z0;
[CLASS] aa0.h
[CLASS] zq.b1
[CLASS] xr0.c
[CLASS] r32.wg
[CLASS] lq1.s
[CLASS] l50.a1
[CLASS] qz2.o0
[CLASS] a80.a5
[CLASS] f55.l
[CLASS] uj.c
[CLASS] wg.j
[CLASS] ct0.s1
[CLASS] sn4.kk5
[CLASS] pv1.c
[CLASS] q70.a
[CLASS] urgen.ur_0025.UR_4862
[CLASS] ng1.h1
[CLASS] y70.r3
[CLASS] du2.s
[CLASS] aa0.o0
[CLASS] xe0.d1
[CLASS] [Lw80.g3;
[CLASS] [Lfp1.a;
[CLASS] g30.p0
[CLASS] fh.f
[CLASS] r32.wh
[CLASS] rg.c3
[CLASS] lq1.t
[CLASS] l40.b0
[CLASS] [Llx4.t;
[CLASS] a80.a6
[CLASS] l50.a2
[CLASS] rg.c4
[CLASS] wg.k
[CLASS] pv1.d
[CLASS] y70.r4
[CLASS] fh.g
[CLASS] r32.wi
[CLASS] l50.a3
[CLASS] qk.za
[CLASS] com.tyun.yz.ActivityManager$1
[CLASS] wg.l
[CLASS] my.i0
[CLASS] pv1.e
[CLASS] [Lky0.z;
[CLASS] q70.c
[CLASS] [Lsn3.l0;
[CLASS] du2.u
[CLASS] cb2.t0
[CLASS] [Lzl3.l;
[CLASS] fh.h
[CLASS] r32.wj
[CLASS] urgen.ur_54A4.UR_6075
[CLASS] b11.g
[CLASS] wg.m
[CLASS] pt.c0
[CLASS] pv1.f
[CLASS] du2.v
[CLASS] vi4.b0
[CLASS] uj.g
[CLASS] pr0.l7
[CLASS] iw.a2
[CLASS] r32.wk
[CLASS] b11.h
[CLASS] io.flutter.plugin.common.BinaryMessenger$BinaryReply
[CLASS] ly.j0
[CLASS] pv1.g
[CLASS] sm.a
[CLASS] fh.j
[CLASS] od1.a
[CLASS] fx0.c
[CLASS] uj.h
[CLASS] gy1.e
[CLASS] r64.a
[CLASS] pt4.a
[CLASS] j40.h0
[CLASS] b11.i
[CLASS] w52.j0
[CLASS] [Lxy3.h;
[CLASS] pv1.h
[CLASS] v83.p0
[CLASS] [Ll50.m0;
[CLASS] io.flutter.plugin.common.MethodChannel$IncomingMethodCallHandler$1
[CLASS] fh.k
[CLASS] fa0.b3
[CLASS] z40.i
[CLASS] [Lz70.a0;
[CLASS] fx0.d
[CLASS] gy1.f
[CLASS] r64.b
[CLASS] uj.i
[CLASS] o15.a0
[CLASS] io.flutter.embedding.engine.plugins.shim.ShimPluginRegistry
[CLASS] [Lpr0.x3;
[CLASS] pv1.i
[CLASS] du2.y
[CLASS] fq.u0
[CLASS] jm2.o
[CLASS] fh.l
[CLASS] z40.j
[CLASS] [Lx7.c0;
[CLASS] uj.j
[CLASS] r64.c
[CLASS] du2.a0
[CLASS] fq.u1
[CLASS] fh.m
[CLASS] [Lg10.f;
[CLASS] com.catfish.newvip.preference.VipPreference
[CLASS] rg2.d0
[CLASS] z40.k
[CLASS] fx0.f
[CLASS] sn4.w10
[CLASS] r64.d
[CLASS] fh.n
[CLASS] lg.i0
[CLASS] z40.l
[CLASS] zs.n2
[CLASS] fx0.g
[CLASS] bn.a
[CLASS] bf4.e0
[CLASS] r64.e
[CLASS] nb1.m0
[CLASS] pt3.b0
[CLASS] wg.s
[CLASS] [Lwg3.f;
[CLASS] ef0.a
[CLASS] pv1.l
[CLASS] ss2.p0
[CLASS] zf4.u0
[CLASS] hj.d8
[CLASS] fh.o
[CLASS] d0.b
[CLASS] r32.y3
[CLASS] sn4.uo2
[CLASS] r64.f
[CLASS] io.flutter.plugins.connectivity.patched.PatchedConnectivityBroadcastReceiver
[CLASS] fh.p
[CLASS] d0.c
[CLASS] r32.y4
[CLASS] lc3.b0
[CLASS] mq1.a
[CLASS] cf5.h0
[CLASS] gh2.g
[CLASS] [Laj0.z;
[CLASS] [Lpr1.d0;
[CLASS] d0.d
[CLASS] uj.o
[CLASS] r32.y5
[CLASS] cf5.h1
[CLASS] r64.h
[CLASS] pv1.o
[CLASS] vn1.e
[CLASS] kg.j2
[CLASS] fh.r
[CLASS] ws.q0
[CLASS] r32.y6
[CLASS] bx0.q1
[CLASS] uj.p
[CLASS] mq1.c
[CLASS] nr2.e
[CLASS] na3.a
[CLASS] vn1.f
[CLASS] fh.s
[CLASS] r32.y7
[CLASS] io.flutter.embedding.engine.systemchannels.BackGestureChannel
[CLASS] aj0.g0
[CLASS] ia.b
[CLASS] na3.b
[CLASS] [Lpr1.d3;
[CLASS] fh.t
[CLASS] nc0.i
[CLASS] io.flutter.embedding.engine.dart.DartMessenger$BufferedMessageInfo
[CLASS] sn4.ah2
[CLASS] op2.c0
[CLASS] nr2.g
[CLASS] androidx.appcompat.widget.e0
[CLASS] mq1.e
[CLASS] tq3.u0
[CLASS] r64.k
[CLASS] com.tenpay.ndk.CertUtil$EventListener
[CLASS] ia.c
[CLASS] na3.c
[CLASS] r32.y8
[CLASS] bx0.q3
[CLASS] f32.e0
[CLASS] fh.u
[CLASS] [La90.x;
[CLASS] nc0.j
[CLASS] r32.y9
[CLASS] pr0.kb
[CLASS] r64.l
[CLASS] gh2.l
[CLASS] ia.d
[CLASS] pv1.s
[CLASS] vn1.i
[CLASS] fh.v
[CLASS] aq4.x0
[CLASS] nc0.k
[CLASS] pr0.kc
[CLASS] mq1.g
[CLASS] n20.e
[CLASS] r64.m
[CLASS] x45.z0
[CLASS] gh2.m
[CLASS] a95.d0
[CLASS] z23.n
[CLASS] nj0.z1
[CLASS] fh.w
[CLASS] androidx.fragment.app.p2
[CLASS] o14.a
[CLASS] os.a
[CLASS] [Lxy3.u;
[CLASS] bx0.q6
[CLASS] n20.f
[CLASS] [Ltd0.i;
[CLASS] gh2.n
[CLASS] pv1.u
[CLASS] vn1.k
[CLASS] fm2.c0
[CLASS] eu2.h
[CLASS] fh.x
[CLASS] [Lcz3.d;
[CLASS] [Li32.u;
[CLASS] o14.b
[CLASS] os.b
[CLASS] e01.e0
[CLASS] c05.r
[CLASS] ed3.d
[CLASS] dr.c0
[CLASS] r64.o
[CLASS] fe4.f
[CLASS] nc0.m
[CLASS] zq4.k0
[CLASS] hi3.q
[CLASS] ra2.j0
[CLASS] pv1.v
[CLASS] gh2.o
[CLASS] vn1.l
[CLASS] of5.d0
[CLASS] eu2.i
[CLASS] fh.y
[CLASS] [Lhu.d;
[CLASS] nc0.n
[CLASS] [Llh1.j;
[CLASS] c05.s
[CLASS] on2.e1
[CLASS] ed3.e
[CLASS] bx0.q8
[CLASS] cb1.a
[CLASS] mq1.j
[CLASS] r64.p
[CLASS] [Lk60.b;
[CLASS] hi3.r
[CLASS] gh2.p
[CLASS] pv1.w
[CLASS] z23.q
[CLASS] of5.d1
[CLASS] [Lsf5.d3;
[CLASS] cs0.f
[CLASS] er.b4
[CLASS] fh.z
[CLASS] [Ldo3.w4;
[CLASS] rg4.w
[CLASS] nc0.o
[CLASS] c05.t
[CLASS] i70.g1
[CLASS] ed3.f
[CLASS] cb1.b
[CLASS] oa5.e10
[CLASS] hi3.s
[CLASS] gh2.q
[CLASS] pv1.x
[CLASS] df5.g0
[CLASS] yq4.t
[CLASS] cs0.g
[CLASS] vl3.t1
[CLASS] rn_1.\u06e4\u06e3\u06df\u06e7
[CLASS] nc0.p
[CLASS] c05.u
[CLASS] ed3.g
[CLASS] [Lxy3.y;
[CLASS] fe4.i
[CLASS] [Lk60.d;
[CLASS] urgen.ur_96F1.UR_6F4F
[CLASS] cb1.c
[CLASS] hi3.t
[CLASS] pv1.y
[CLASS] e4.d2
[CLASS] er.b6
[CLASS] c05.v
[CLASS] e23.o0
[CLASS] p23.l2
[CLASS] wm1.f2
[CLASS] hi3.u
[CLASS] mb3.b0
[CLASS] pv1.z
[CLASS] j75.i0
[CLASS] z23.t
[CLASS] cs0.i
[CLASS] p23.l3
[CLASS] [Lk60.f;
[CLASS] androidx.recyclerview.widget.d2
[CLASS] dr4.e
[CLASS] hi3.v
[CLASS] vf1.n0
[CLASS] sn4.rd0
[CLASS] p80.o0
[CLASS] [Lbj0.j;
[CLASS] ar.f0
[CLASS] da5.a
[CLASS] nj1.f0
[CLASS] o14.h
[CLASS] qy0.e0
[CLASS] r32.xa
[CLASS] r25.r0
[CLASS] pl.i0
[CLASS] dr4.f
[CLASS] hi3.w
[CLASS] y13.p0
[CLASS] ar.f1
[CLASS] p80.o1
[CLASS] ww0.q1
[CLASS] r32.xb
[CLASS] yv.g1
[CLASS] [Lfx.d;
[CLASS] [Loa5.g30;
[CLASS] ao1.a
[CLASS] dr4.g
[CLASS] eh1.e0
[CLASS] hi3.x
[CLASS] br.e4
[CLASS] u80.b0
[CLASS] [Lb90.f;
[CLASS] o14.j
[CLASS] c05.z
[CLASS] r32.xc
[CLASS] hi3.y
[CLASS] rq4.g0
[CLASS] br.e5
[CLASS] xc5.j0
[CLASS] ga0.z0
[CLASS] cs0.m
[CLASS] o14.k
[CLASS] [Lqx1.v3;
[CLASS] mj0.c5
[CLASS] [Ljr.s;
[CLASS] r32.xd
[CLASS] r40.m0
[CLASS] pr0.m0
[CLASS] androidx.constraintlayout.widget.ConstraintHelper
[CLASS] [Lfx.f;
[CLASS] cu0.s0
[CLASS] hi3.z
[CLASS] rq4.g1
[CLASS] s81.b
[CLASS] ga0.z1
[CLASS] om4.r0
[CLASS] pr0.m1
[CLASS] cs0.o
[CLASS] zq.c0
[CLASS] r32.xf
[CLASS] bx0.pa
[CLASS] qg.e0
[CLASS] o31.t
[CLASS] rg.d2
[CLASS] e33.i
[CLASS] sn4.rd6
[CLASS] [Lbj0.p;
[CLASS] r70.b
[CLASS] ng1.i0
[CLASS] xe0.e0
[CLASS] cs0.p
[CLASS] hy2.n0
[CLASS] zq.c1
[CLASS] r32.xg
[CLASS] cb1.l
[CLASS] urgen.ur_0025.UR_EC11
[CLASS] rg.d3
[CLASS] o31.u
[CLASS] l50.b1
[CLASS] uk3.o
[CLASS] org.chromium.net.NetworkActiveNotifier
[CLASS] e33.j
[CLASS] ct0.t1
[CLASS] qz2.p0
[CLASS] [Lgg1.l1;
[CLASS] s81.e
[CLASS] ng1.i1
[CLASS] xe0.e1
[CLASS] y70.s3
[CLASS] zq4.a
[CLASS] aa0.p0
[CLASS] r70.c
[CLASS] [Lhu.p;
[CLASS] ol4.s1
[CLASS] cb1.m
[CLASS] l40.c0
[CLASS] a80.b6
[CLASS] uk3.p
[CLASS] t75.a
[CLASS] e33.k
[CLASS] [Lc70.i2;
[CLASS] rg.d4
[CLASS] s81.f
[CLASS] [Lw60.j0;
[CLASS] urgen.ur_0025.UR_2653
[CLASS] xe0.e2
[CLASS] cs0.r
[CLASS] sn4.dt5
[CLASS] r70.d
[CLASS] [Lae5.c;
[CLASS] am4.a
[CLASS] r32.xi
[CLASS] au2.i1
[CLASS] cb1.n
[CLASS] l50.b3
[CLASS] jw.a2
[CLASS] uk3.q
[CLASS] t75.b
[CLASS] e33.l
[CLASS] my.j0
[CLASS] s81.g
[CLASS] rb5.a0
[CLASS] cb2.u0
[CLASS] pd1.a
[CLASS] am4.b
[CLASS] r32.xj
[CLASS] t75.c
[CLASS] pt.d0
[CLASS] pd1.b
[CLASS] am4.c
[CLASS] r32.xk
[CLASS] iw.b2
[CLASS] t75.d
[CLASS] hy1.f
[CLASS] ly.k0
[CLASS] sr0.f1
[CLASS] cb1.p
[CLASS] io.flutter.embedding.engine.systemchannels.SkiaChannel
[CLASS] oc0.a
[CLASS] am4.d
[CLASS] cb1.q
[CLASS] [Lwu.c0;
[CLASS] j40.i0
[CLASS] w52.k0
[CLASS] e33.o
[CLASS] [Lur0.l0;
[CLASS] v83.q0
[CLASS] mv.m
[CLASS] rl.b
[CLASS] oc0.b
[CLASS] fa0.c3
[CLASS] pr0.m9
[CLASS] cb1.r
[CLASS] hy1.h
[CLASS] e33.p
[CLASS] o15.b0
[CLASS] r70.i
[CLASS] mv.n
[CLASS] fq.v0
[CLASS] oc0.c
[CLASS] androidx.window.embedding.EmbeddingInterfaceCompat$EmbeddingCallbackInterface
[CLASS] [Lvu.d0;
[CLASS] r32.z0
[CLASS] hy1.i
[CLASS] e33.q
[CLASS] du2.b0
[CLASS] [Lyh4.h;
[CLASS] r70.j
[CLASS] mv.o
[CLASS] fq.v1
[CLASS] wn1.b
[CLASS] oc0.d
[CLASS] pq2.z1
[CLASS] r32.z1
[CLASS] hy1.j
[CLASS] e33.r
[CLASS] [Ll50.n3;
[CLASS] [Lhu.x;
[CLASS] mv.p
[CLASS] lg.j0
[CLASS] [Lae5.j;
[CLASS] zs.o2
[CLASS] r32.z2
[CLASS] hy1.k
[CLASS] bf4.f0
[CLASS] nb1.n0
[CLASS] pt3.c0
[CLASS] e33.s
[CLASS] [Lxg3.h;
[CLASS] mv.q
[CLASS] zf4.v0
[CLASS] wc1.p0
[CLASS] zq4.j
[CLASS] cs0.z
[CLASS] ba0.t
[CLASS] r32.z3
[CLASS] [Lb73.n;
[CLASS] mv.r
[CLASS] io.flutter.embedding.engine.plugins.contentprovider.ContentProviderControlSurface
[CLASS] zq4.k
[CLASS] [Liq.b;
[CLASS] ba0.u
[CLASS] r32.z4
[CLASS] cf5.i0
[CLASS] zq4.l
[CLASS] kg.k1
[CLASS] [Lmh1.d;
[CLASS] ba0.v
[CLASS] r32.z5
[CLASS] urgen.ur_E2DE.UR_4A7C
[CLASS] kg.k2
[CLASS] ws.r0
[CLASS] com.tenpay.ndk.FitNativeEvent
[CLASS] ba0.w
[CLASS] r32.z6
[CLASS] [Lib3.w0;
[CLASS] ky.n
[CLASS] urgen.ur_2BA9.UR_F682
[CLASS] io.flutter.embedding.engine.dart.DartMessenger$HandlerInfo
[CLASS] q25.a
[CLASS] r32.z7
[CLASS] urgen.ur_0025.UR_4EFC
[CLASS] zq4.o
[CLASS] q25.b
[CLASS] r32.z8
[CLASS] pr0.la
[CLASS] androidx.appcompat.widget.f0
[CLASS] ti.r
[CLASS] f32.f0
[CLASS] o20.e
[CLASS] ky.p
[CLASS] tq3.v0
[CLASS] [Lxs.d;
[CLASS] wj4.a3
[CLASS] zq4.p
[CLASS] vs.s1
[CLASS] [Lu30.b;
[CLASS] fu2.g
[CLASS] r32.z9
[CLASS] bx0.r4
[CLASS] androidx.appcompat.widget.f1
[CLASS] fd3.c
[CLASS] pr0.lb
[CLASS] ti.s
[CLASS] ky.q
[CLASS] [Lo93.f;
[CLASS] zq4.q
[CLASS] androidx.fragment.app.q1
[CLASS] aq4.y0
[CLASS] pr0.lc
[CLASS] bx0.r5
[CLASS] fd3.d
[CLASS] b00.u
[CLASS] a95.e0
[CLASS] ip1.e$$a
[CLASS] o03.a
[CLASS] androidx.appcompat.widget.f3
[CLASS] fd3.e
[CLASS] wl4.f
[CLASS] androidx.work.impl.utils.ForceStopRunnable$BroadcastReceiver
[CLASS] b00.v
[CLASS] cz0.o0
[CLASS] ip1.e$$b
[CLASS] dr.d0
[CLASS] [Ldo3.x2;
[CLASS] o03.b
[CLASS] do2.h0
[CLASS] bx0.r7
[CLASS] fd3.f
[CLASS] [Llv2.g;
[CLASS] b00.w
[CLASS] of5.e0
[CLASS] hg5.w0
[CLASS] sf5.u0
[CLASS] d70.u2
[CLASS] o03.c
[CLASS] [Liq.k;
[CLASS] bx0.r8
[CLASS] fd3.g
[CLASS] [Ldi4.c;
[CLASS] [Ll60.d;
[CLASS] b00.x
[CLASS] of5.e1
[CLASS] er.c4
[CLASS] [Lcy2.f;
[CLASS] no4.f
[CLASS] i70.h1
[CLASS] rn_545.rn_546.rn_547.rn_5821
[CLASS] p23.m0
[CLASS] b00.y
[CLASS] df5.h0
[CLASS] oe5.f0
[CLASS] [Lgt.f;
[CLASS] f50.i
[CLASS] vl3.u1
[CLASS] [Liq.m;
[CLASS] am4.u
[CLASS] b00.z
[CLASS] [Lyh4.w;
[CLASS] oe5.f1
[CLASS] ip1.e$$f
[CLASS] er.c6
[CLASS] am4.v
[CLASS] e23.p0
[CLASS] p23.m2
[CLASS] wm1.g2
[CLASS] [Lxs.l;
[CLASS] androidx.recyclerview.widget.e1
[CLASS] h55.h
[CLASS] mb3.c0
[CLASS] ip1.e$$g
[CLASS] f50.k
[CLASS] am4.w
[CLASS] p23.m3
[CLASS] [Lew.b;
[CLASS] androidx.recyclerview.widget.e2
[CLASS] p80.p0
[CLASS] am4.x
[CLASS] r32.ya
[CLASS] r25.s0
[CLASS] ym3.m0
[CLASS] pl.j0
[CLASS] gg1.a1
[CLASS] androidx.recyclerview.widget.e3
[CLASS] y13.q0
[CLASS] p80.p1
[CLASS] ar.g1
[CLASS] [Lfm3.s;
[CLASS] ip1.e$$i
[CLASS] lu.b
[CLASS] rn_545.rn_546.rn_547.rn_4094
[CLASS] mj0.d3
[CLASS] [Lvv.h;
[CLASS] r32.yb
[CLASS] yv.h1
[CLASS] gg1.a2
[CLASS] [Lew.d;
[CLASS] h55.k
[CLASS] br.f4
[CLASS] u80.c0
[CLASS] [Lpw.v0;
[CLASS] [Ltr1.o;
[CLASS] r32.yc
[CLASS] sn3.b0
[CLASS] p31.s
[CLASS] [Li70.t1;
[CLASS] [Lxs.p;
[CLASS] c00.b
[CLASS] rq4.h0
[CLASS] br.f5
[CLASS] xc5.k0
[CLASS] ip1.e$$k
[CLASS] mj0.d5
[CLASS] r40.n0
[CLASS] pr0.n0
[CLASS] rg.e0
[CLASS] iy1.a
[CLASS] cu0.t0
[CLASS] c00.c
[CLASS] [Lcx2.m0;
[CLASS] rq4.h1
[CLASS] xc5.k1
[CLASS] ip1.e$$l
[CLASS] wb.n
[CLASS] om4.s0
[CLASS] r32.ye
[CLASS] pr0.n1
[CLASS] zr0.e
[CLASS] iy1.b
[CLASS] c00.d
[CLASS] rv1.e
[CLASS] ip1.e$$m
[CLASS] [Llj.c;
[CLASS] wb.o
[CLASS] r32.yf
[CLASS] bx0.qa
[CLASS] qg.f0
[CLASS] [Lxw1.b;
[CLASS] com.tyun.yz.Verify
[CLASS] u75.a
[CLASS] [Lku1.p;
[CLASS] l50.c0
[CLASS] rg.e2
[CLASS] j70.g0
[CLASS] [Lty.f;
[CLASS] t81.f
[CLASS] rv1.f
[CLASS] xe0.f0
[CLASS] hy2.o0
[CLASS] ds0.r
[CLASS] wb.p
[CLASS] [Lyi0.g;
[CLASS] [Lbe5.c;
[CLASS] r32.yg
[CLASS] qz2.q0
[CLASS] l50.c1
[CLASS] [Lxw1.c;
[CLASS] ct0.u1
[CLASS] a80.c5
[CLASS] u75.b
[CLASS] urgen.ur_0025.UR_29AB
[CLASS] rg.e3
[CLASS] androidx.appcompat.widget.ActionMenuView
[CLASS] ng1.j1
[CLASS] rv1.g
[CLASS] y70.t3
[CLASS] aa0.q0
[CLASS] s70.e
[CLASS] [Lkd2.m;
[CLASS] xe0.f1
[CLASS] mn3.o
[CLASS] ol4.t1
[CLASS] qd1.a
[CLASS] r32.yh
[CLASS] l40.d0
[CLASS] l50.c2
[CLASS] a80.c6
[CLASS] rg.e4
[CLASS] ds0.s
[CLASS] urgen.ur_E2DE.UR_B83C
[CLASS] s70.f
[CLASS] xe0.f2
[CLASS] ip1.e$$p
[CLASS] [Llj.f;
[CLASS] mn3.p
[CLASS] [Lcz.d;
[CLASS] qd1.b
[CLASS] r32.yi
[CLASS] au2.j1
[CLASS] l50.c3
[CLASS] u15.m0
[CLASS] tt1.h1
[CLASS] my.k0
[CLASS] rv1.i
[CLASS] rb5.b0
[CLASS] [Lu30.t;
[CLASS] [Ltr1.v;
[CLASS] mn3.q
[CLASS] [Law0.o;
[CLASS] pc0.a
[CLASS] qd1.c
[CLASS] r32.yj
[CLASS] [Lku1.t;
[CLASS] hg1.a
[CLASS] [Ll60.n0;
[CLASS] rv1.j
[CLASS] [Lp44.c3;
[CLASS] [Li10.f;
[CLASS] pc0.b
[CLASS] r32.yk
[CLASS] pr0.n7
[CLASS] [Lpj3.b;
[CLASS] iw.c2
[CLASS] [Lxw1.g;
[CLASS] qd1.d
[CLASS] sr0.g1
[CLASS] ly.l0
[CLASS] [Lxs.x;
[CLASS] ri2.d0
[CLASS] hg1.b
[CLASS] kj4.h
[CLASS] r93.a1
[CLASS] bi.c
[CLASS] xn1.a
[CLASS] [Lu30.v;
[CLASS] ds0.w
[CLASS] [Llj.i;
[CLASS] z01.a
[CLASS] pc0.c
[CLASS] lr2.j0
[CLASS] qd1.e
[CLASS] [Lbe5.h;
[CLASS] j40.j0
[CLASS] w52.l0
[CLASS] bo1.m
[CLASS] gf0.a
[CLASS] com.tyun.yz.\u06df\u06e5\u06df\u06e2\u06e5
[CLASS] xn1.b
[CLASS] z01.b
[CLASS] ds0.x
[CLASS] fa0.d3
[CLASS] [Lha0.j1;
[CLASS] pr0.n9
[CLASS] pc0.d
[CLASS] qd1.f
[CLASS] [Lz70.c0;
[CLASS] gf0.b
[CLASS] fq.w0
[CLASS] [Lu30.x;
[CLASS] pc0.e
[CLASS] qd1.g
[CLASS] sn4.iw4
[CLASS] gf0.c
[CLASS] rn_5292.rn_5293.rn_5294.\u06e3\u06df\u06e1\u06e8
[CLASS] io.flutter.plugin.common.PluginRegistry$ActivityResultListener
[CLASS] fq.w1
[CLASS] [Llj.l;
[CLASS] ds0.z
[CLASS] rg2.f0
[CLASS] qd1.h
[CLASS] [Lbx1.v;
[CLASS] bm4.i
[CLASS] [Ldi4.v;
[CLASS] sn4.r17
[CLASS] qk.e
[CLASS] zs.p2
[CLASS] bm4.j
[CLASS] p20.a
[CLASS] nb1.o0
[CLASS] pt3.d0
[CLASS] gf0.e
[CLASS] zf4.w0
[CLASS] wc1.q0
[CLASS] qk.f
[CLASS] [Lbx1.x;
[CLASS] [Ldi4.x;
[CLASS] p20.b
[CLASS] [Lsr0.s1;
[CLASS] yo2.i
[CLASS] qk.g
[CLASS] cf5.j0
[CLASS] lc3.d0
[CLASS] c00.q
[CLASS] [Lek1.c;
[CLASS] yo2.j
[CLASS] [Llj.p;
[CLASS] qk.h
[CLASS] urgen.ur_0025.UR_BADE
[CLASS] c00.r
[CLASS] f92.a9
[CLASS] ws.s0
[CLASS] qd1.m
[CLASS] if5.f
[CLASS] gd3.b
[CLASS] c00.s
[CLASS] q0.c
[CLASS] kj4.q
[CLASS] [Lcu.w1;
[CLASS] ft1.e
[CLASS] gd3.c
[CLASS] az1.z0
[CLASS] aj0.i0
[CLASS] c00.t
[CLASS] [Llj.s;
[CLASS] ft1.f
[CLASS] sf3.s
[CLASS] qd1.o
[CLASS] [Lvw.q0;
[CLASS] f32.g0
[CLASS] [Ly80.p;
[CLASS] tq3.w0
[CLASS] t64.o
[CLASS] wj4.b3
[CLASS] i55.b
[CLASS] vs.t1
[CLASS] androidx.fragment.app.r0
[CLASS] ft1.g
[CLASS] p03.a
[CLASS] sf3.t
[CLASS] qd1.p
[CLASS] bx0.s4
[CLASS] f32.g1
[CLASS] pr0.mb
[CLASS] gd3.e
[CLASS] t64.p
[CLASS] p.d0
[CLASS] gf0.l
[CLASS] sn4.zs2
[CLASS] qk.m
[CLASS] aq4.z0
[CLASS] [Lcx1.b;
[CLASS] sf3.u
[CLASS] qd1.q
[CLASS] bx0.s5
[CLASS] wj4.b5
[CLASS] io.flutter.plugin.common.BasicMessageChannel$MessageHandler
[CLASS] t64.q
[CLASS] [Lwr.f;
[CLASS] gf0.m
[CLASS] [Llj.v;
[CLASS] qd1.r
[CLASS] bx0.s6
[CLASS] o3.a
[CLASS] gf0.n
[CLASS] dr.e0
[CLASS] [Lh5.c;
[CLASS] g50.h
[CLASS] d70.v1
[CLASS] do2.i0
[CLASS] ht.m0
[CLASS] bx0.s7
[CLASS] gd3.h
[CLASS] t64.s
[CLASS] p20.k
[CLASS] gf0.o
[CLASS] [Lek1.k;
[CLASS] fm2.e1
[CLASS] dr.e1
[CLASS] [Lur1.j;
[CLASS] d70.v2
[CLASS] g50.i
[CLASS] ht.m1
[CLASS] on2.g1
[CLASS] qd1.t
[CLASS] bx0.s8
[CLASS] gd3.i
[CLASS] t64.t
[CLASS] p20.l
[CLASS] gf0.p
[CLASS] urgen.ur_2BA9.UR_EA24
[CLASS] e4.f0
[CLASS] of5.f1
[CLASS] er.d4
[CLASS] qk.q
[CLASS] androidx.constraintlayout.widget.ConstraintLayout$LayoutParams
[CLASS] qd1.u
[CLASS] i70.i1
[CLASS] [Luu.c;
[CLASS] gd3.j
[CLASS] p23.n0
[CLASS] t64.u
[CLASS] com.catfish.newvip.util.AsnycImageLoader
[CLASS] tb4.q0
[CLASS] on.k
[CLASS] i55.h
[CLASS] df5.i0
[CLASS] oe5.g0
[CLASS] e4.f1
[CLASS] androidx.fragment.app.FragmentActivity
[CLASS] tw2.a
[CLASS] er.d5
[CLASS] fa5.b
[CLASS] vl3.v1
[CLASS] qk.r
[CLASS] qd1.v
[CLASS] ht.m3
[CLASS] e01.g3
[CLASS] he4.m
[CLASS] wm1.h1
[CLASS] androidx.recyclerview.widget.f0
[CLASS] gf0.r
[CLASS] tw2.b
[CLASS] er.d6
[CLASS] fa5.c
[CLASS] qk.s
[CLASS] qd1.w
[CLASS] he4.n
[CLASS] e23.q0
[CLASS] mb3.d0
[CLASS] gf0.s
[CLASS] mt4.s4
[CLASS] j75.k0
[CLASS] ux3.e
[CLASS] sv1.a
[CLASS] org.chromium.net.DnsStatus
[CLASS] qk.t
[CLASS] [Luu.f;
[CLASS] he4.o
[CLASS] p23.n3
[CLASS] [Ly13.b1;
[CLASS] [Lm60.j;
[CLASS] p80.q0
[CLASS] gf0.t
[CLASS] [Ldj0.n;
[CLASS] androidx.appcompat.widget.a
[CLASS] qi2.f0
[CLASS] sv1.b
[CLASS] qk.u
[CLASS] androidx.appcompat.widget.AppCompatImageButton
[CLASS] qy0.g0
[CLASS] [Lj14.u0;
[CLASS] r32.za
[CLASS] ym3.n0
[CLASS] he4.p
[CLASS] pl.k0
[CLASS] gg1.b1
[CLASS] r25.t0
[CLASS] y13.r0
[CLASS] ar.h1
[CLASS] p80.q1
[CLASS] androidx.appcompat.widget.b
[CLASS] [Lme3.k;
[CLASS] sv1.c
[CLASS] ft1.q
[CLASS] xe0.l0$$a
[CLASS] lj.c1
[CLASS] qk.v
[CLASS] r32.zb
[CLASS] yv.i1
[CLASS] he4.q
[CLASS] sn4.m00
[CLASS] t64.z
[CLASS] bi.y
[CLASS] gf0.v
[CLASS] br.g4
[CLASS] androidx.window.R$styleable
[CLASS] u80.d0
[CLASS] androidx.appcompat.widget.c
[CLASS] xe0.l0$$b
[CLASS] qk.w
[CLASS] rn_1292.rn_1293.rn_1294.\u06df\u06e7\u06e0\u06e1\u06e6
[CLASS] [Luu.i;
[CLASS] zv.a
[CLASS] he4.r
[CLASS] sn3.c0
[CLASS] gf0.w
[CLASS] br.g5
[CLASS] oa5.j50
[CLASS] xc5.l0
[CLASS] io.flutter.embedding.engine.dart.PlatformMessageHandler
[CLASS] yo2.z
[CLASS] qk.x
[CLASS] [Lki.a;
[CLASS] mj0.e5
[CLASS] r32.zd
[CLASS] r40.o0
[CLASS] pr0.o0
[CLASS] zv.b
[CLASS] he4.s
[CLASS] mq.k
[CLASS] [Lm60.n;
[CLASS] rq4.i1
[CLASS] androidx.appcompat.widget.e
[CLASS] xc5.l1
[CLASS] io.flutter.embedding.engine.FlutterJNI$AsyncWaitForVsyncDelegate
[CLASS] qk.y
[CLASS] om4.t0
[CLASS] r32.ze
[CLASS] pr0.o1
[CLASS] r25.t4
[CLASS] he4.t
[CLASS] rg.f1
[CLASS] rg.a
[CLASS] androidx.appcompat.widget.f
[CLASS] kt.f
[CLASS] tw2.i
[CLASS] qk.z
[CLASS] [Lw90.i3;
[CLASS] s41.r0
[CLASS] r32.zf
[CLASS] bx0.ra
[CLASS] tf3.e
[CLASS] ur0.b0
[CLASS] rg.f2
[CLASS] [Ldv.h;
[CLASS] rg.b
[CLASS] l50.d0
[CLASS] j70.h0
[CLASS] qg.g0
[CLASS] gf0.z
[CLASS] jh2.a
[CLASS] androidx.appcompat.widget.g
[CLASS] xe0.g0
[CLASS] t70.f
[CLASS] hy2.p0
[CLASS] kt.g
[CLASS] urgen.ur_0025.UR_F1B4
[CLASS] tw2.j
[CLASS] zq.e1
[CLASS] urgen.ur_0025.UR_74D0
[CLASS] [Lj10.d;
[CLASS] rd1.b
[CLASS] tf3.f
[CLASS] a80.d5
[CLASS] ct0.v1
[CLASS] [Lka4.f;
[CLASS] iw.a
[CLASS] [Lgg1.n1;
[CLASS] ng1.k1
[CLASS] androidx.appcompat.widget.h
[CLASS] y70.u3
[CLASS] tw2.k
[CLASS] aa0.r0
[CLASS] c30.c0
[CLASS] [Lw80.j3;
[CLASS] kt.h
[CLASS] sn4.f84
[CLASS] qc0.a
[CLASS] r32.zh
[CLASS] l40.e0
[CLASS] rd1.c
[CLASS] l50.d2
[CLASS] a80.d6
[CLASS] tf3.g
[CLASS] iw.b
[CLASS] tt1.i0
[CLASS] urgen.ur_0025.UR_1BE6
[CLASS] d00.i
[CLASS] [Lc70.k2;
[CLASS] ig1.a
[CLASS] xe0.g2
[CLASS] [Lw60.l0;
[CLASS] kt.i
[CLASS] r32.zi
[CLASS] rd1.d
[CLASS] l50.d3
[CLASS] tf3.h
[CLASS] rg.e
[CLASS] [Ldv.k;
[CLASS] iw.c
[CLASS] my.l0
[CLASS] ig1.b
[CLASS] io.flutter.plugins.connectivity.patched.PatchedConnectivityPlugin$Companion
[CLASS] sn4.f86
[CLASS] kt.j
[CLASS] qc0.c
[CLASS] r32.zj
[CLASS] rd1.e
[CLASS] ak2.b
[CLASS] pr0.o6
[CLASS] iw.d
[CLASS] rg.f
[CLASS] d00.k
[CLASS] f22.o
[CLASS] pt.f0
[CLASS] ig1.c
[CLASS] ce.i
[CLASS] ri2.e0
[CLASS] io.flutter.plugins.connectivity.patched.PatchedConnectivityBroadcastReceiver$networkCallback$1
[CLASS] r32.zk
[CLASS] [Lj10.h;
[CLASS] iw.d2
[CLASS] ak2.c
[CLASS] rg.g
[CLASS] [Ldv.m;
[CLASS] iw.e
[CLASS] ly.m0
[CLASS] d00.l
[CLASS] sr0.h1
[CLASS] r93.b1
[CLASS] ig1.d
[CLASS] androidx.appcompat.widget.l
[CLASS] [Lin4.d;
[CLASS] tw2.o
[CLASS] androidx.recyclerview.widget.GridLayoutManager$LayoutParams
[CLASS] zo2.e
[CLASS] yn1.c
[CLASS] lr2.k0
[CLASS] sn4.ix2
[CLASS] j40.k0
[CLASS] iw.f
[CLASS] ig1.e
[CLASS] androidx.appcompat.widget.m
[CLASS] tw2.p
[CLASS] fa0.e3
[CLASS] hu2.a
[CLASS] r25.z
[CLASS] pr0.o9
[CLASS] zv.k
[CLASS] jf5.a
[CLASS] iw.g
[CLASS] ig1.f
[CLASS] [Loa5.up;
[CLASS] fq.x0
[CLASS] hu2.b
[CLASS] zv.l
[CLASS] [Loh1.c;
[CLASS] ak2.f
[CLASS] iw.h
[CLASS] ig1.g
[CLASS] androidx.appcompat.widget.o
[CLASS] fq.x1
[CLASS] tw2.r
[CLASS] [Lpz1.j;
[CLASS] [Loy0.h;
[CLASS] rg2.g0
[CLASS] [Ld90.v;
[CLASS] tf3.n
[CLASS] zv.m
[CLASS] rg.k
[CLASS] jf5.c
[CLASS] q20.b
[CLASS] iw.i
[CLASS] ig1.h
[CLASS] tw2.s
[CLASS] lg.l0
[CLASS] hu2.d
[CLASS] fr2.a0
[CLASS] zs.q2
[CLASS] [Lip1.o;
[CLASS] cm4.l
[CLASS] ak2.h
[CLASS] nb1.p0
[CLASS] pt3.e0
[CLASS] q20.c
[CLASS] iw.j
[CLASS] jf5.d
[CLASS] zf4.x0
[CLASS] hj.g8
[CLASS] wc1.r0
[CLASS] tw2.t
[CLASS] androidx.appcompat.widget.q
[CLASS] hu2.e
[CLASS] [Ld90.x;
[CLASS] ug4.r
[CLASS] cm4.m
[CLASS] jf5.e
[CLASS] rg.m
[CLASS] t53.j
[CLASS] q20.d
[CLASS] iw.k
[CLASS] urgen.ur_0025.UR_68E4
[CLASS] androidx.appcompat.widget.r
[CLASS] [Lhm3.h;
[CLASS] urgen.ur_0025.UR_35B4
[CLASS] ak2.j
[CLASS] rg.n
[CLASS] jf5.f
[CLASS] iw.l
[CLASS] r14.a
[CLASS] rg.o
[CLASS] urgen.ur_54A4.UR_2809
[CLASS] jf5.g
[CLASS] iw.m
[CLASS] kg.m2
[CLASS] sn4.nz3
[CLASS] eo1.a0
[CLASS] r14.b
[CLASS] rg.p
[CLASS] iw.n
[CLASS] f22.y
[CLASS] j55.b
[CLASS] androidx.appcompat.widget.u
[CLASS] [Loz.p0;
[CLASS] [Lx41.f;
[CLASS] r14.c
[CLASS] [Lt11.d1;
[CLASS] rg.q
[CLASS] aj0.j0
[CLASS] iw.o
[CLASS] [Lu02.y;
[CLASS] [Lpr1.g3;
[CLASS] j55.c
[CLASS] xy.m
[CLASS] gr4.a
[CLASS] sn4.zt0
[CLASS] [Lxn.j;
[CLASS] [Lac3.p;
[CLASS] r14.d
[CLASS] bx0.t3
[CLASS] androidx.appcompat.widget.h0
[CLASS] wj4.c3
[CLASS] tq3.x0
[CLASS] q20.i
[CLASS] te4.o0
[CLASS] j55.d
[CLASS] gr4.b
[CLASS] xy.n
[CLASS] org.chromium.net.httpflags.FlagsOrBuilder
[CLASS] vs.u1
[CLASS] androidx.fragment.app.s0
[CLASS] [Lx41.h;
[CLASS] q03.c
[CLASS] tf3.v
[CLASS] bx0.t4
[CLASS] pr0.nb
[CLASS] ea0.a
[CLASS] q20.j
[CLASS] p.e0
[CLASS] ox0.b2$$a
[CLASS] j55.e
[CLASS] gr4.c
[CLASS] sn4.zt2
[CLASS] r14.f
[CLASS] q03.d
[CLASS] pr0.nc
[CLASS] ea0.b
[CLASS] bx0.t5
[CLASS] rg.t
[CLASS] [Lfi4.d;
[CLASS] a95.g0
[CLASS] gr4.d
[CLASS] xy.p
[CLASS] r14.g
[CLASS] bx0.t6
[CLASS] s34.k1
[CLASS] androidx.appcompat.widget.h3
[CLASS] [Lva2.f;
[CLASS] gr4.e
[CLASS] g22.a
[CLASS] xy.q
[CLASS] fm2.f0
[CLASS] [Ldo3.z2;
[CLASS] d70.w1
[CLASS] ga5.a
[CLASS] q03.f
[CLASS] [Lp65.d;
[CLASS] rg.v
[CLASS] gr4.f
[CLASS] dg5.i0
[CLASS] of5.g0
[CLASS] hg5.y0
[CLASS] xy.r
[CLASS] fm2.f1
[CLASS] dr.f1
[CLASS] on2.h1
[CLASS] q03.g
[CLASS] bx0.t8
[CLASS] rg.w
[CLASS] do1.a
[CLASS] gr4.g
[CLASS] e4.g0
[CLASS] xy.s
[CLASS] er.e4
[CLASS] uw2.b
[CLASS] e01.h2
[CLASS] i70.j1
[CLASS] r14.j
[CLASS] [Lp65.f;
[CLASS] p23.o0
[CLASS] hd3.l
[CLASS] tb4.r0
[CLASS] df5.j0
[CLASS] do1.b
[CLASS] gr4.h
[CLASS] [Lhm3.s;
[CLASS] oe5.h0
[CLASS] er.e5
[CLASS] tv1.a
[CLASS] vl3.w1
[CLASS] v81.a
[CLASS] ht.n3
[CLASS] q03.i
[CLASS] hd3.m
[CLASS] wm1.i1
[CLASS] androidx.recyclerview.widget.g0
[CLASS] do1.c
[CLASS] gr4.i
[CLASS] er.e6
[CLASS] tv1.b
[CLASS] v81.b
[CLASS] io.flutter.plugin.platform.PlatformViewsAccessibilityDelegate
[CLASS] q03.j
[CLASS] rg.z
[CLASS] mb3.e0
[CLASS] gr4.j
[CLASS] tv1.c
[CLASS] mj0.f1
[CLASS] q03.k
[CLASS] p23.o3
[CLASS] [Lyd5.r;
[CLASS] androidx.recyclerview.widget.g2
[CLASS] p80.r0
[CLASS] do1.e
[CLASS] tv1.d
[CLASS] js.a
[CLASS] nj1.i0
[CLASS] [Lbn2.a2;
[CLASS] qy0.h0
[CLASS] ym3.o0
[CLASS] pl.l0
[CLASS] [La23.t;
[CLASS] gg1.c1
[CLASS] androidx.recyclerview.widget.g3
[CLASS] [Lon2.t0;
[CLASS] [Lt35.z0;
[CLASS] [Lcu.c;
[CLASS] [Lb54.n0;
[CLASS] sn4.rg1
[CLASS] do1.f
[CLASS] androidx.recyclerview.widget.GridLayoutManager
[CLASS] y13.s0
[CLASS] tv1.e
[CLASS] ww0.t1
[CLASS] js.b
[CLASS] lj.d1
[CLASS] ga5.h
[CLASS] q03.m
[CLASS] yv.j1
[CLASS] nm.p
[CLASS] br.h4
[CLASS] do1.g
[CLASS] js.c
[CLASS] [Lw90.j0;
[CLASS] sz2.m0
[CLASS] [Lde5.c;
[CLASS] yu.a
[CLASS] sn3.d0
[CLASS] br.h5
[CLASS] mt4.t8
[CLASS] e00.f
[CLASS] xc5.m0
[CLASS] u70.e
[CLASS] js.d
[CLASS] mj0.f5
[CLASS] gz.v
[CLASS] pr0.p0
[CLASS] sn4.ko2
[CLASS] yu.b
[CLASS] urgen.ur_0025.UR_1F2B
[CLASS] sd1.a
[CLASS] [Lcx2.o0;
[CLASS] rq4.j1
[CLASS] e00.g
[CLASS] [Loa5.vg;
[CLASS] tv1.h
[CLASS] u70.f
[CLASS] om4.u0
[CLASS] q03.p
[CLASS] gz.w
[CLASS] pr0.p1
[CLASS] [Lk10.d;
[CLASS] sd1.b
[CLASS] [Lfi4.p;
[CLASS] g92.z1
[CLASS] nm.s
[CLASS] e00.h
[CLASS] [Ldv4.j;
[CLASS] js.f
[CLASS] q03.q
[CLASS] gz.x
[CLASS] rc0.a
[CLASS] sd1.c
[CLASS] l50.e0
[CLASS] rg.g2
[CLASS] [Lcu.h;
[CLASS] j70.i0
[CLASS] nm.t
[CLASS] e00.i
[CLASS] jg1.a
[CLASS] xe0.h0
[CLASS] js.g
[CLASS] n30.a1
[CLASS] zq.f1
[CLASS] [Le90.p;
[CLASS] [Ljp1.h;
[CLASS] yu.e
[CLASS] [Lkq2.j;
[CLASS] l50.e1
[CLASS] a80.e5
[CLASS] rc0.b
[CLASS] sd1.d
[CLASS] q03.r
[CLASS] qz2.s0
[CLASS] e00.j
[CLASS] ng1.l1
[CLASS] jg1.b
[CLASS] y70.v3
[CLASS] xe0.h1
[CLASS] aa0.s0
[CLASS] c30.d0
[CLASS] [Lpy0.c;
[CLASS] ol4.v1
[CLASS] l40.f0
[CLASS] yu.f
[CLASS] sd1.e
[CLASS] a80.e6
[CLASS] rc0.c
[CLASS] l50.e2
[CLASS] [Lqi2.a;
[CLASS] tt1.j0
[CLASS] if0.a
[CLASS] l83.a
[CLASS] sn4.wi2
[CLASS] [Lk10.h;
[CLASS] yu.g
[CLASS] l50.e3
[CLASS] sd1.f
[CLASS] [Lrj3.d;
[CLASS] org.chromium.net.impl.CronetEngineBuilderImpl$HttpCacheMode
[CLASS] tt1.j1
[CLASS] my.m0
[CLASS] j8.c
[CLASS] [Ldv4.n;
[CLASS] if0.b
[CLASS] l83.b
[CLASS] sd1.g
[CLASS] yu.h
[CLASS] rc0.e
[CLASS] [Lvm4.n1;
[CLASS] j8.d
[CLASS] r93.c0
[CLASS] sn4.pq2
[CLASS] if0.c
[CLASS] kw4.e
[CLASS] ri2.f0
[CLASS] [Le90.t;
[CLASS] sd1.h
[CLASS] yu.i
[CLASS] iw.e2
[CLASS] rc0.f
[CLASS] kf5.a
[CLASS] ly.n0
[CLASS] sr0.i1
[CLASS] j8.e
[CLASS] r93.c1
[CLASS] g22.r
[CLASS] do1.p
[CLASS] iu2.b
[CLASS] kw4.f
[CLASS] lr2.l0
[CLASS] rc0.g
[CLASS] yu.j
[CLASS] [Lrj3.g;
[CLASS] j40.l0
[CLASS] w52.n0
[CLASS] [Lfi4.w;
[CLASS] kf5.b
[CLASS] [Lcu.n;
[CLASS] do1.q
[CLASS] [Lb40.i;
[CLASS] zn1.f
[CLASS] kw4.g
[CLASS] pr0.p9
[CLASS] sd1.j
[CLASS] yu.k
[CLASS] do1.r
[CLASS] hj.h5
[CLASS] fq.y0
[CLASS] wx.e
[CLASS] yu.l
[CLASS] sd1.k
[CLASS] g22.u
[CLASS] do1.s
[CLASS] fq.y1
[CLASS] sd1.l
[CLASS] [Lpz.h;
[CLASS] [Lcu.q;
[CLASS] rr2.h
[CLASS] hj.h7
[CLASS] if0.h
[CLASS] [Lwm.d;
[CLASS] oi.e
[CLASS] sd1.m
[CLASS] fr2.b0
[CLASS] pt3.f0
[CLASS] hj.h8
[CLASS] fr2.b1
[CLASS] sd1.n
[CLASS] sn4.us2
[CLASS] io.flutter.embedding.engine.FlutterEngineCache
[CLASS] kg.n0
[CLASS] sd1.o
[CLASS] lc3.f0
[CLASS] sn4.hd0
[CLASS] ml.a
[CLASS] urgen.ur_54A4.UR_C8FE
[CLASS] androidx.work.impl.WorkDatabase_Impl
[CLASS] bx0.u0
[CLASS] s.i
[CLASS] qo4.c
[CLASS] [Lpz.l;
[CLASS] g22.z
[CLASS] ml.b
[CLASS] hr4.a
[CLASS] kg.n2
[CLASS] eo1.b0
[CLASS] qo4.d
[CLASS] [Lib3.z0;
[CLASS] r03.b
[CLASS] id3.f
[CLASS] k55.d
[CLASS] [Lfj0.g;
[CLASS] qo4.e
[CLASS] id3.g
[CLASS] bx0.u3
[CLASS] sd1.s
[CLASS] pr0.oa
[CLASS] b74.a0
[CLASS] tq3.y0
[CLASS] id3.h
[CLASS] wj4.d3
[CLASS] sn4.hd4
[CLASS] qf5.b0
[CLASS] vh0.a
[CLASS] [Lbt2.w;
[CLASS] androidx.fragment.app.t0
[CLASS] bx0.u4
[CLASS] qo4.g
[CLASS] pr0.ob
[CLASS] id3.i
[CLASS] vh0.b
[CLASS] xj2.f
[CLASS] h22.a
[CLASS] [Lio.flutter.embedding.engine.FlutterJNI$AppForegroundState;
[CLASS] ha5.a
[CLASS] pr0.oc
[CLASS] s34.l0
[CLASS] qo4.h
[CLASS] wj4.d5
[CLASS] [Lfy2.h;
[CLASS] id3.j
[CLASS] sd1.u
[CLASS] bx0.u5
[CLASS] a95.h0
[CLASS] vh0.c
[CLASS] c9.m0
[CLASS] ha5.b
[CLASS] [Lx30.j;
[CLASS] bx0.u6
[CLASS] ht1.m
[CLASS] id3.k
[CLASS] vh0.d
[CLASS] fm2.g0
[CLASS] oj0.a0
[CLASS] ha5.c
[CLASS] bx0.u7
[CLASS] fy.m
[CLASS] sd1.w
[CLASS] id3.l
[CLASS] ra2.n0
[CLASS] zl4.m
[CLASS] vh0.e
[CLASS] dg5.j0
[CLASS] h22.d
[CLASS] fm2.g1
[CLASS] dr.g1
[CLASS] of5.h0
[CLASS] uv1.a
[CLASS] sn4.mf2
[CLASS] ha5.d
[CLASS] ht.o1
[CLASS] on2.i1
[CLASS] [Lx30.l;
[CLASS] androidx.appcompat.widget.AppCompatCheckBox
[CLASS] org.chromium.net.httpflags.Flags$Builder
[CLASS] fy.n
[CLASS] id3.m
[CLASS] bx0.u8
[CLASS] vh0.f
[CLASS] zq.a
[CLASS] eo1.c
[CLASS] fp2.e
[CLASS] er.f4
[CLASS] e4.h0
[CLASS] uv1.b
[CLASS] ga4.a0
[CLASS] e01.i2
[CLASS] i70.k1
[CLASS] com.tyun.yz.Dialog.\u06e2\u06e3\u06e2\u06e5
[CLASS] fy.o
[CLASS] wg4.b
[CLASS] sd1.y
[CLASS] [Lwa2.k;
[CLASS] tb4.s0
[CLASS] xj2.k
[CLASS] zq.b
[CLASS] ml.k
[CLASS] eo1.d
[CLASS] e4.h1
[CLASS] er.f5
[CLASS] fp2.f
[CLASS] vl3.x1
[CLASS] h22.f
[CLASS] se5.y0
[CLASS] ht.o3
[CLASS] fy.p
[CLASS] df5.k0
[CLASS] oe5.i0
[CLASS] vh0.g
[CLASS] androidx.recyclerview.widget.h0
[CLASS] zl4.p
[CLASS] zq.c
[CLASS] yc4.e1
[CLASS] eo1.e
[CLASS] fp2.g
[CLASS] er.f6
[CLASS] vh0.h
[CLASS] [Ltm1.d;
[CLASS] m24.c0
[CLASS] x14.a0
[CLASS] fy.q
[CLASS] [Lb23.t;
[CLASS] androidx.recyclerview.widget.h1
[CLASS] mb3.f0
[CLASS] zl4.q
[CLASS] zq.d
[CLASS] xj2.m
[CLASS] a5.k$$a
[CLASS] vw2.g
[CLASS] mj0.g1
[CLASS] ht1.s
[CLASS] fy.r
[CLASS] ko.g
[CLASS] io.flutter.view.FlutterCallbackInformation
[CLASS] p23.p3
[CLASS] p80.s0
[CLASS] zl4.r
[CLASS] zq.e
[CLASS] f00.e
[CLASS] xj2.n
[CLASS] vh0.j
[CLASS] nj1.j0
[CLASS] qy0.i0
[CLASS] ym3.p0
[CLASS] pl.m0
[CLASS] ko.h
[CLASS] gg1.d1
[CLASS] androidx.recyclerview.widget.h3
[CLASS] y13.t0
[CLASS] [Lo60.o;
[CLASS] vh0.k
[CLASS] xj2.o
[CLASS] h22.j
[CLASS] v70.e
[CLASS] mj0.g3
[CLASS] lj.e1
[CLASS] rf5.a0
[CLASS] c70.a2
[CLASS] td1.a
[CLASS] xj2.p
[CLASS] br.i4
[CLASS] [Ltm1.h;
[CLASS] nj4.e
[CLASS] v70.f
[CLASS] [Llb0.j;
[CLASS] sz2.n0
[CLASS] ac.a
[CLASS] td1.b
[CLASS] [Ll10.d;
[CLASS] sn3.e0
[CLASS] [Li70.w1;
[CLASS] [Lgi4.p;
[CLASS] [Lo60.q;
[CLASS] zl4.u
[CLASS] br.i5
[CLASS] mt4.u8
[CLASS] xj2.q
[CLASS] xc5.n0
[CLASS] nj4.f
[CLASS] ac.b
[CLASS] r40.q0
[CLASS] pr0.q0
[CLASS] xt.b
[CLASS] td1.c
[CLASS] rq4.k1
[CLASS] xj2.r
[CLASS] uh2.y2
[CLASS] om4.v0
[CLASS] ac.c
[CLASS] xt.c
[CLASS] sn4.rh5
[CLASS] v53.b
[CLASS] vh0.o
[CLASS] y70.w1
[CLASS] [Lw90.k3;
[CLASS] ac.d
[CLASS] sn4.kp4
[CLASS] ur0.d0
[CLASS] urgen.ur_54A4.UR_F537
[CLASS] [Lss.l;
[CLASS] td1.e
[CLASS] rg.h2
[CLASS] [Lgi4.s;
[CLASS] j70.j0
[CLASS] v53.c
[CLASS] vh0.p
[CLASS] oa5.m1
[CLASS] [Lx13.p;
[CLASS] xe0.i0
[CLASS] ha0.a1
[CLASS] [Lw80.l2;
[CLASS] urgen.ur_2BA9.UR_27D0
[CLASS] vm4.c4
[CLASS] zq.g1
[CLASS] l50.f1
[CLASS] xt.e
[CLASS] a80.f5
[CLASS] td1.f
[CLASS] v53.d
[CLASS] [Lo60.u;
[CLASS] [Lgg1.p1;
[CLASS] vh0.q
[CLASS] ng1.m1
[CLASS] xe0.i1
[CLASS] y70.w3
[CLASS] [Llh1.b1;
[CLASS] ha0.a2
[CLASS] [Lw80.l3;
[CLASS] kg1.d
[CLASS] gu.a
[CLASS] ol4.w1
[CLASS] l40.g0
[CLASS] sc0.e
[CLASS] a80.f6
[CLASS] xt.f
[CLASS] jw.e1
[CLASS] td1.g
[CLASS] kx0.i
[CLASS] vh0.r
[CLASS] g11.o
[CLASS] xe0.i2
[CLASS] [Lw60.n0;
[CLASS] [La05.a0;
[CLASS] [Lq80.b0;
[CLASS] l50.f3
[CLASS] [Liu.t1;
[CLASS] xt.g
[CLASS] ai0.a
[CLASS] u15.p0
[CLASS] kx0.j
[CLASS] lf5.a
[CLASS] my.n0
[CLASS] vh0.s
[CLASS] ir.j
[CLASS] urgen.ur_0025.UR_E0C7
[CLASS] urgen.ur_0025.UR_DB44
[CLASS] [Lss.p;
[CLASS] xt.h
[CLASS] kx0.k
[CLASS] lf5.b
[CLASS] vh0.t
[CLASS] r93.d0
[CLASS] urgen.ur_0025.UR_B2B1
[CLASS] pt.h0
[CLASS] [Lm04.g;
[CLASS] ir.k
[CLASS] ri2.g0
[CLASS] pr0.q7
[CLASS] iw.f2
[CLASS] xt.i
[CLASS] lf5.c
[CLASS] ly.o0
[CLASS] kx0.l
[CLASS] r93.d1
[CLASS] vh0.u
[CLASS] ir.l
[CLASS] j40.m0
[CLASS] vh0.v
[CLASS] sn4.pr4
[CLASS] v83.u0
[CLASS] ax2.b
[CLASS] fa0.g3
[CLASS] [Lha0.m1;
[CLASS] urgen.ur_2BA9.UR_5405
[CLASS] jd3.a
[CLASS] vh0.w
[CLASS] hj.i5
[CLASS] fq.z0
[CLASS] x60.a1
[CLASS] tb4.f
[CLASS] ju2.f
[CLASS] ex.a
[CLASS] td1.m
[CLASS] jd3.b
[CLASS] [Lau2.y0;
[CLASS] sr2.i
[CLASS] s20.e
[CLASS] b91.b
[CLASS] hj.i6
[CLASS] fq.z1
[CLASS] sa3.e
[CLASS] ju2.g
[CLASS] ro4.a
[CLASS] jd3.c
[CLASS] s20.f
[CLASS] a80.a
[CLASS] eo1.v
[CLASS] l55.a
[CLASS] b91.c
[CLASS] hj.i7
[CLASS] sa3.f
[CLASS] rg2.i1
[CLASS] zs.s2
[CLASS] [Lcc3.n;
[CLASS] ju2.h
[CLASS] jd3.d
[CLASS] a80.b
[CLASS] eo1.w
[CLASS] hj.i8
[CLASS] sa3.g
[CLASS] j50.e
[CLASS] ju2.i
[CLASS] org.chromium.base.ContextUtils
[CLASS] jd3.e
[CLASS] sr2.l
[CLASS] a80.c
[CLASS] eo1.x
[CLASS] [Lr5.b0;
[CLASS] kg.o0
[CLASS] sa3.h
[CLASS] cb3.e0
[CLASS] j50.f
[CLASS] ju2.j
[CLASS] [Lb9.m;
[CLASS] c85.a
[CLASS] jd3.f
[CLASS] sn4.he0
[CLASS] sr2.m
[CLASS] a80.d
[CLASS] eo1.y
[CLASS] sa3.i
[CLASS] fh.v$$a
[CLASS] bx0.v0
[CLASS] c85.b
[CLASS] sr2.n
[CLASS] a80.e
[CLASS] eo1.z
[CLASS] kg.o2
[CLASS] c85.c
[CLASS] [Lhi4.d;
[CLASS] a80.f
[CLASS] wh0.a
[CLASS] bx0.v2
[CLASS] qn3.e
[CLASS] xt.s
[CLASS] c85.d
[CLASS] ol1.a
[CLASS] lf5.m
[CLASS] a80.g
[CLASS] wh0.b
[CLASS] ir.v
[CLASS] [Lcc3.t;
[CLASS] io.flutter.plugin.report.FlutterSlowRunnerReport
[CLASS] androidx.appcompat.widget.j0
[CLASS] pr0.pa
[CLASS] wj4.e3
[CLASS] c85.e
[CLASS] b74.b0
[CLASS] lf5.n
[CLASS] a80.h
[CLASS] wh0.c
[CLASS] te4.q0
[CLASS] gp2.b
[CLASS] ir4.f
[CLASS] androidx.fragment.app.u0
[CLASS] ir.w
[CLASS] bx0.v4
[CLASS] c85.f
[CLASS] a63.b
[CLASS] lf5.o
[CLASS] p.g0
[CLASS] a80.i
[CLASS] wh0.d
[CLASS] fo1.a
[CLASS] [Lnt0.h;
[CLASS] gp2.c
[CLASS] ir.x
[CLASS] [Lvl.l;
[CLASS] pr0.pc
[CLASS] bx0.v5
[CLASS] c85.g
[CLASS] a95.i0
[CLASS] androidx.appcompat.widget.LinearLayoutCompat
[CLASS] a80.j
[CLASS] wh0.e
[CLASS] fo1.b
[CLASS] gp2.d
[CLASS] [Lx74.h0;
[CLASS] ir4.h
[CLASS] io.flutter.embedding.engine.systemchannels.SettingsChannel$ConfigurationQueue
[CLASS] [Lhi4.h;
[CLASS] bx0.v6
[CLASS] [Lgy2.k;
[CLASS] by1.a0
[CLASS] l0.a
[CLASS] jn.a
[CLASS] tz.j
[CLASS] urgen.ur_C563.URS_4700
[CLASS] a80.k
[CLASS] gp2.e
[CLASS] ir4.i
[CLASS] d70.y1
[CLASS] vv1.b
[CLASS] ht.p0
[CLASS] bx0.v7
[CLASS] by1.a1
[CLASS] a63.e
[CLASS] l0.b
[CLASS] lf5.r
[CLASS] wg.d1
[CLASS] gu.t
[CLASS] a80.l
[CLASS] wh0.g
[CLASS] zk3.m
[CLASS] fm2.h1
[CLASS] of5.i0
[CLASS] sn4.fo0
[CLASS] on2.j1
[CLASS] bx1.b0
[CLASS] a63.f
[CLASS] c85.j
[CLASS] l0.c
[CLASS] urgen.ur_0025.UR_8FC9
[CLASS] [Lt4.b;
[CLASS] lf5.s
[CLASS] tz.l
[CLASS] a80.m
[CLASS] wh0.h
[CLASS] e4.i0
[CLASS] er.g4
[CLASS] [Ly13.h;
[CLASS] d24.a0
[CLASS] ga4.b0
[CLASS] i70.l1
[CLASS] on2.j2
[CLASS] vp4.a0
[CLASS] bx0.v9
[CLASS] l0.d
[CLASS] lf5.t
[CLASS] df5.l0
[CLASS] a80.n
[CLASS] zk3.o
[CLASS] oe5.j0
[CLASS] org.chromium.net.impl.ImplVersion
[CLASS] er.g5
[CLASS] dr.h3
[CLASS] vl3.y1
[CLASS] sf5.y2
[CLASS] ht.p3
[CLASS] l0.e
[CLASS] i05.b
[CLASS] urgen.ur_0025.UR_2801
[CLASS] yc4.f1
[CLASS] e4.i2
[CLASS] g00.e
[CLASS] zk3.p
[CLASS] qa.a
[CLASS] mj0.h0
[CLASS] x14.b0
[CLASS] p23.q2
[CLASS] l0.f
[CLASS] i05.c
[CLASS] androidx.recyclerview.widget.i1
[CLASS] mb3.g0
[CLASS] [Lq71.q;
[CLASS] g00.f
[CLASS] qa.b
[CLASS] mj0.h1
[CLASS] k61.u
[CLASS] wf3.e
[CLASS] p23.q3
[CLASS] i05.d
[CLASS] androidx.recyclerview.widget.i2
[CLASS] my1.e
[CLASS] org.chromium.net.impl.CronetLibraryLoader$Natives
[CLASS] p80.t0
[CLASS] f92.cd
[CLASS] lf5.w
[CLASS] qa.c
[CLASS] qy0.j0
[CLASS] [Lg90.n;
[CLASS] gg1.e1
[CLASS] jn.h
[CLASS] androidx.recyclerview.widget.i3
[CLASS] el3.a
[CLASS] y13.u0
[CLASS] w80.a3
[CLASS] [Lhi4.p;
[CLASS] zk3.s
[CLASS] qa.d
[CLASS] rf5.b0
[CLASS] c70.b2
[CLASS] jn.i
[CLASS] i05.f
[CLASS] el3.b
[CLASS] sn4.ri2
[CLASS] w80.a4
[CLASS] br.j4
[CLASS] [Lna4.g;
[CLASS] org.chromium.base.ObserverList
[CLASS] [Lg90.p;
[CLASS] sn3.f0
[CLASS] jn.j
[CLASS] y5.a
[CLASS] ws.a
[CLASS] br.j5
[CLASS] mt4.v8
[CLASS] xc5.o0
[CLASS] io.flutter.embedding.engine.mutatorsstack.FlutterMutatorsStack
[CLASS] r40.r0
[CLASS] ws.b
[CLASS] y5.b
[CLASS] el3.d
[CLASS] cu0.x0
[CLASS] [Lcx2.q0;
[CLASS] rq4.l1
[CLASS] xc5.o1
[CLASS] oj4.i
[CLASS] vc5.a
[CLASS] bh4.w
[CLASS] w70.j
[CLASS] om4.w0
[CLASS] pr0.r1
[CLASS] n83.a
[CLASS] [Lti0.b0;
[CLASS] [Lg90.r;
[CLASS] y5.c
[CLASS] ws.c
[CLASS] el3.e
[CLASS] y70.x1
[CLASS] [Ld40.f;
[CLASS] vc5.b
[CLASS] bh4.x
[CLASS] [Lhz3.y;
[CLASS] y5.d
[CLASS] jn.m
[CLASS] el3.f
[CLASS] oa5.n1
[CLASS] [Llt0.l0;
[CLASS] j70.k0
[CLASS] lx0.i
[CLASS] od.b
[CLASS] sn4.ri6
[CLASS] sq1.a
[CLASS] yj2.v
[CLASS] xe0.j0
[CLASS] ha0.b1
[CLASS] u31.a
[CLASS] ub4.a
[CLASS] bh4.y
[CLASS] ku2.a
[CLASS] l50.g1
[CLASS] b74.s
[CLASS] ct0.y1
[CLASS] a80.g5
[CLASS] bi0.a
[CLASS] el3.g
[CLASS] rg.i3
[CLASS] lx0.j
[CLASS] sq1.b
[CLASS] yj2.w
[CLASS] ng1.n1
[CLASS] y70.x3
[CLASS] aa0.u0
[CLASS] c30.f0
[CLASS] ha0.b2
[CLASS] xe0.j1
[CLASS] kf0.d
[CLASS] u31.b
[CLASS] l40.h0
[CLASS] ku2.b
[CLASS] l50.g2
[CLASS] jw.f1
[CLASS] a80.g6
[CLASS] jn.o
[CLASS] bi0.b
[CLASS] y5.f
[CLASS] [Lc70.n2;
[CLASS] lx0.k
[CLASS] sq1.c
[CLASS] ft.b
[CLASS] u31.c
[CLASS] xe0.j2
[CLASS] kf0.e
[CLASS] l50.g3
[CLASS] b74.u
[CLASS] y5.g
[CLASS] jn.p
[CLASS] u15.q0
[CLASS] my.o0
[CLASS] lx0.l
[CLASS] ft.c
[CLASS] uv.a
[CLASS] b74.v
[CLASS] y5.h
[CLASS] jn.q
[CLASS] bi0.d
[CLASS] tc0.i
[CLASS] lx0.m
[CLASS] r93.e0
[CLASS] ft.d
[CLASS] hj.j2
[CLASS] [Lq45.j1;
[CLASS] pr0.r7
[CLASS] is0.a
[CLASS] [Lz90.e2;
[CLASS] tc0.j
[CLASS] y5.i
[CLASS] bi0.e
[CLASS] ly.p0
[CLASS] kd3.a
[CLASS] r93.e1
[CLASS] a63.v
[CLASS] j40.n0
[CLASS] jn.s
[CLASS] bi0.f
[CLASS] y5.j
[CLASS] ew3.h0
[CLASS] t20.e
[CLASS] v83.v0
[CLASS] ft.f
[CLASS] fa0.h3
[CLASS] di5.d
[CLASS] is0.c
[CLASS] pr0.r9
[CLASS] b74.y
[CLASS] mg.b
[CLASS] jn.t
[CLASS] bi0.g
[CLASS] kd3.c
[CLASS] mf5.g
[CLASS] [Lc5.o;
[CLASS] ft.g
[CLASS] aw1.c
[CLASS] hj.j5
[CLASS] x60.b1
[CLASS] oj4.r
[CLASS] [Lhy2.b;
[CLASS] b74.z
[CLASS] jn.u
[CLASS] bi0.h
[CLASS] ft.h
[CLASS] aw1.d
[CLASS] hj.j6
[CLASS] oj4.s
[CLASS] x70.a4
[CLASS] mg.d
[CLASS] k50.e
[CLASS] rn3.a
[CLASS] ws.m
[CLASS] aw1.e
[CLASS] hj.j7
[CLASS] c91.e
[CLASS] x70.a5
[CLASS] zs.t2
[CLASS] [Lhy2.d;
[CLASS] d85.a
[CLASS] androidx.activity.result.ActivityResult
[CLASS] ws.n
[CLASS] pt3.h0
[CLASS] [Lrh1.k;
[CLASS] aw1.f
[CLASS] hj.j8
[CLASS] zj2.c
[CLASS] ub4.k
[CLASS] hq.q
[CLASS] mg.f
[CLASS] ws.o
[CLASS] d85.b
[CLASS] ha0.a
[CLASS] od.m
[CLASS] aw1.g
[CLASS] [Lsr0.w1;
[CLASS] m55.e
[CLASS] zj2.d
[CLASS] ub4.l
[CLASS] [Lj00.b0;
[CLASS] hq.r
[CLASS] mg.g
[CLASS] dw.e
[CLASS] ft2.b6
[CLASS] jn.y
[CLASS] ha0.b
[CLASS] od.n
[CLASS] aw1.h
[CLASS] [Lqv2.i;
[CLASS] tw4.a0
[CLASS] [Lhj0.i;
[CLASS] hq.s
[CLASS] bx0.w0
[CLASS] mg.h
[CLASS] jn.z
[CLASS] ha0.c
[CLASS] aw1.i
[CLASS] kg.p2
[CLASS] bb2.c4
[CLASS] hq.t
[CLASS] [Lry0.s;
[CLASS] d85.e
[CLASS] [Ldl.d;
[CLASS] od.p
[CLASS] [Loz.s0;
[CLASS] hq.u
[CLASS] bx0.w2
[CLASS] ja5.b
[CLASS] is0.k
[CLASS] wj4.f2
[CLASS] b63.b
[CLASS] od.q
[CLASS] io.flutter.embedding.engine.dart.PlatformTaskQueue
[CLASS] hq.v
[CLASS] pr0.qa
[CLASS] ja5.c
[CLASS] is0.l
[CLASS] mg.k
[CLASS] [Lz30.k;
[CLASS] f9.i
[CLASS] b74.c0
[CLASS] m64.a0
[CLASS] b63.c
[CLASS] d85.g
[CLASS] wj4.f3
[CLASS] qf5.d0
[CLASS] ad5.a
[CLASS] b80.j
[CLASS] androidx.fragment.app.v0
[CLASS] sn4.an3
[CLASS] bx0.w4
[CLASS] pr0.qb
[CLASS] mg.l
[CLASS] ok0.c
[CLASS] f9.j
[CLASS] ws.u
[CLASS] d85.h
[CLASS] p.h0
[CLASS] fh.d$$a
[CLASS] xh0.f
[CLASS] ad5.b
[CLASS] b80.k
[CLASS] [Lvm1.b;
[CLASS] androidx.fragment.app.v1
[CLASS] hq.x
[CLASS] pr0.qc
[CLASS] bx0.w5
[CLASS] ja5.e
[CLASS] [Lz30.m;
[CLASS] ws.v
[CLASS] d85.i
[CLASS] f9.k
[CLASS] b63.e
[CLASS] a95.j0
[CLASS] sn4.c04
[CLASS] b80.l
[CLASS] x70.a
[CLASS] hq.y
[CLASS] is0.o
[CLASS] by1.b0
[CLASS] ws.w
[CLASS] d85.j
[CLASS] el3.y
[CLASS] [Lps4.g;
[CLASS] sy.j
[CLASS] sn4.zw4
[CLASS] b80.m
[CLASS] fm2.i0
[CLASS] go1.e
[CLASS] d70.z1
[CLASS] x70.b
[CLASS] hq.z
[CLASS] is0.p
[CLASS] ht.q0
[CLASS] mg.o
[CLASS] by1.b1
[CLASS] [Luk.n;
[CLASS] xf3.b
[CLASS] el3.z
[CLASS] d85.k
[CLASS] wg.e1
[CLASS] sy.k
[CLASS] b80.n
[CLASS] dr.i1
[CLASS] kj.i
[CLASS] of5.j0
[CLASS] sf5.z0
[CLASS] x70.c
[CLASS] on2.k1
[CLASS] mg.p
[CLASS] ht.q1
[CLASS] bx1.c0
[CLASS] xf3.c
[CLASS] d85.l
[CLASS] [Lii4.m;
[CLASS] sy.l
[CLASS] e4.j0
[CLASS] [Lq60.n;
[CLASS] kj.j
[CLASS] er.h4
[CLASS] b80.o
[CLASS] [Lj95.i;
[CLASS] x70.d
[CLASS] i70.m1
[CLASS] e01.k2
[CLASS] on2.k2
[CLASS] ga4.c0
[CLASS] [Lan1.a0;
[CLASS] [Ln10.b;
[CLASS] vp4.b0
[CLASS] d85.m
[CLASS] d24.b0
[CLASS] of5.j1
[CLASS] df5.m0
[CLASS] oe5.k0
[CLASS] b80.p
[CLASS] kj.k
[CLASS] er.h5
[CLASS] dr.i3
[CLASS] [Lr.q;
[CLASS] sf5.z2
[CLASS] [Lfq.a0;
[CLASS] x70.e
[CLASS] ht.q3
[CLASS] wv1.g
[CLASS] is0.s
[CLASS] d85.n
[CLASS] f92.db
[CLASS] yc4.g1
[CLASS] b80.q
[CLASS] e4.j2
[CLASS] kj.l
[CLASS] com.tyun.yz.yz_52tyun_com$34
[CLASS] x70.f
[CLASS] [Lfq.a1;
[CLASS] x14.c0
[CLASS] is0.t
[CLASS] gz.a1
[CLASS] p23.r2
[CLASS] androidx.recyclerview.widget.j1
[CLASS] xb.a0
[CLASS] w90.a3
[CLASS] mb3.h0
[CLASS] [Lee0.h;
[CLASS] sn4.fp4
[CLASS] [Lq60.q;
[CLASS] com.tyun.yz.yz_52tyun_com$35
[CLASS] [Lfq.a2;
[CLASS] x70.g
[CLASS] wv1.i
[CLASS] p23.r3
[CLASS] androidx.recyclerview.widget.j2
[CLASS] f92.dd
[CLASS] mt4.w5
[CLASS] b80.s
[CLASS] sa3.e$$a
[CLASS] kj.n
[CLASS] x70.h
[CLASS] wv1.j
[CLASS] qy0.k0
[CLASS] r25.x0
[CLASS] ym3.r0
[CLASS] [Lh90.p;
[CLASS] gg1.f1
[CLASS] f9.s
[CLASS] org.chromium.net.httpflags.BaseFeature
[CLASS] [Lon2.w0;
[CLASS] androidx.recyclerview.widget.j3
[CLASS] vd1.d
[CLASS] b80.t
[CLASS] kj.o
[CLASS] h00.j
[CLASS] bz.m
[CLASS] com.tyun.yz.yz_52tyun_com$37
[CLASS] rf5.c0
[CLASS] x70.i
[CLASS] c70.c2
[CLASS] f9.t
[CLASS] [Li70.y0;
[CLASS] w80.b4
[CLASS] ny1.i
[CLASS] br.k4
[CLASS] [Lqv2.x;
[CLASS] kj.p
[CLASS] lf0.a
[CLASS] bz.n
[CLASS] x70.j
[CLASS] wc5.a
[CLASS] [Lsy0.d;
[CLASS] urgen.ur_C563.UR_3275
[CLASS] sn3.g0
[CLASS] dj1.a
[CLASS] ny1.j
[CLASS] br.k5
[CLASS] xc5.p0
[CLASS] kj.q
[CLASS] h00.l
[CLASS] bz.o
[CLASS] wc5.b
[CLASS] [Lqe3.u;
[CLASS] pr0.s0
[CLASS] uc0.e
[CLASS] vd1.g
[CLASS] dj1.b
[CLASS] fh.a0
[CLASS] ny1.k
[CLASS] rq4.m1
[CLASS] v31.a
[CLASS] y70.y0
[CLASS] xc5.p1
[CLASS] h00.m
[CLASS] [Lw90.m2;
[CLASS] wc5.c
[CLASS] x70.l
[CLASS] om4.x0
[CLASS] wy1.a0
[CLASS] pr0.s1
[CLASS] xj2.r0
[CLASS] [Lfd4.i;
[CLASS] vd1.h
[CLASS] rg.j1
[CLASS] [Lot.d;
[CLASS] dj1.c
[CLASS] fh.a1
[CLASS] ny1.l
[CLASS] sy.u
[CLASS] nf5.a
[CLASS] ur2.d
[CLASS] y70.y1
[CLASS] h00.n
[CLASS] x70.m
[CLASS] [Lqe3.w;
[CLASS] urgen.ur_0025.UR_C8FE
[CLASS] bx0.va
[CLASS] ct0.z0
[CLASS] yg4.o
[CLASS] j70.l0
[CLASS] xe0.k0
[CLASS] ha0.c1
[CLASS] n30.d1
[CLASS] vm4.e4
[CLASS] x70.n
[CLASS] zq.i1
[CLASS] e24.a0
[CLASS] ct0.z1
[CLASS] a80.h5
[CLASS] [Lgg1.r1;
[CLASS] sy.w
[CLASS] ng1.o1
[CLASS] g5.a
[CLASS] y70.y3
[CLASS] aa0.v0
[CLASS] c30.g0
[CLASS] cx2.a
[CLASS] ha0.c2
[CLASS] xe0.k1
[CLASS] wc5.f
[CLASS] x70.o
[CLASS] io.flutter.embedding.engine.FlutterJNI$AppForegroundState
[CLASS] l50.h2
[CLASS] e24.a1
[CLASS] a80.h6
[CLASS] io.flutter.plugin.report.FlutterSlowRunnerReport$ReportCallback
[CLASS] jw.g1
[CLASS] l40.i0
[CLASS] io.flutter.plugin.platform.PlatformViewsController
[CLASS] sy.x
[CLASS] v31.e
[CLASS] g5.b
[CLASS] [Lw60.p0;
[CLASS] cx2.b
[CLASS] xe0.k2
[CLASS] [Lw80.n4;
[CLASS] sn4.wl2
[CLASS] wc5.g
[CLASS] ei5.b
[CLASS] lu2.e
[CLASS] u15.r0
[CLASS] my.p0
[CLASS] sy.y
[CLASS] g5.c
[CLASS] sn4.r61
[CLASS] cx2.c
[CLASS] bw1.a
[CLASS] az.g0
[CLASS] wc5.h
[CLASS] vb4.f
[CLASS] lu2.f
[CLASS] js0.b
[CLASS] l50.b
[CLASS] yg4.s
[CLASS] vd1.m
[CLASS] ld3.b
[CLASS] sy.z
[CLASS] g5.d
[CLASS] hj.k2
[CLASS] cx2.d
[CLASS] bw1.b
[CLASS] wc5.i
[CLASS] vb4.g
[CLASS] lu2.g
[CLASS] js0.c
[CLASS] ly.q0
[CLASS] sr0.l1
[CLASS] io.flutter.plugin.common.EventChannel$IncomingStreamRequestHandler
[CLASS] ld3.c
[CLASS] [Lan1.c;
[CLASS] r93.f1
[CLASS] g5.e
[CLASS] wq.l0
[CLASS] l50.d
[CLASS] org.chromium.net.NetworkChangeNotifier$Natives
[CLASS] j40.o0
[CLASS] ft2.c0
[CLASS] ew3.i0
[CLASS] ld3.d
[CLASS] g5.f
[CLASS] av0.b
[CLASS] [Lp44.h5;
[CLASS] fa0.i3
[CLASS] v7.d
[CLASS] l50.e
[CLASS] pr0.s9
[CLASS] ld3.e
[CLASS] v31.j
[CLASS] g5.g
[CLASS] av0.c
[CLASS] x60.c1
[CLASS] c42.r0
[CLASS] wc5.l
[CLASS] io.flutter.util.ViewUtils
[CLASS] l50.f
[CLASS] u03.b
[CLASS] vd1.q
[CLASS] e85.a
[CLASS] ld3.f
[CLASS] u20.i
[CLASS] g5.h
[CLASS] hj.k6
[CLASS] x70.b4
[CLASS] wc5.m
[CLASS] sn4.uv0
[CLASS] l50.g
[CLASS] vd1.r
[CLASS] ld3.g
[CLASS] g5.i
[CLASS] wc5.n
[CLASS] org.chromium.net.httpflags.FlagValueOrBuilder
[CLASS] zs.u2
[CLASS] sn4.w81
[CLASS] kt1.j
[CLASS] ld3.h
[CLASS] [Le23.l;
[CLASS] hj.k8
[CLASS] rx.a
[CLASS] wc5.o
[CLASS] l50.i
[CLASS] urgen.ur_0025.UR_F530
[CLASS] rx.b
[CLASS] ae1.c
[CLASS] cf5.o0
[CLASS] ka5.a
[CLASS] l50.j
[CLASS] [Lkz.d;
[CLASS] sn3.f
[CLASS] cv.e
[CLASS] ft2.c6
[CLASS] c63.a
[CLASS] mt2.l0
[CLASS] n55.h
[CLASS] ae1.d
[CLASS] [Lal4.d;
[CLASS] l50.k
[CLASS] sn3.g
[CLASS] urgen.ur_0025.UR_6F99
[CLASS] c63.b
[CLASS] ia0.e
[CLASS] c80.i
[CLASS] ho1.a
[CLASS] bb2.d4
[CLASS] n55.i
[CLASS] sn3.h
[CLASS] bd5.a
[CLASS] c80.j
[CLASS] kg.q3
[CLASS] ho1.b
[CLASS] ji.c
[CLASS] xv1.a
[CLASS] bx0.x2
[CLASS] ae1.f
[CLASS] l50.m
[CLASS] wj4.g2
[CLASS] ac.c0
[CLASS] vd1.x
[CLASS] androidx.appcompat.app.e0
[CLASS] bd5.b
[CLASS] ho1.c
[CLASS] xv1.b
[CLASS] ae1.g
[CLASS] yk.b
[CLASS] pr0.ra
[CLASS] l50.n
[CLASS] wj4.g3
[CLASS] m64.b0
[CLASS] qf5.e0
[CLASS] ji.e
[CLASS] wc5.u
[CLASS] xv1.c
[CLASS] bx0.x4
[CLASS] pr0.rb
[CLASS] yk.c
[CLASS] org.chromium.net.impl.CronetLibraryLoaderJni$1
[CLASS] l50.o
[CLASS] rm2.i
[CLASS] p.i0
[CLASS] te4.s1
[CLASS] bd5.d
[CLASS] androidx.fragment.app.w1
[CLASS] xv1.d
[CLASS] pr0.rc
[CLASS] s34.o0
[CLASS] yk.d
[CLASS] f22.m0
[CLASS] rm2.j
[CLASS] k05.a
[CLASS] a95.k0
[CLASS] [Lnj0.q3;
[CLASS] bd5.e
[CLASS] androidx.appcompat.widget.AppCompatImageView
[CLASS] qj4.b
[CLASS] ay.e
[CLASS] ae1.j
[CLASS] s34.o1
[CLASS] urgen.ur_C563.UR_FD5D
[CLASS] l50.q
[CLASS] by1.c0
[CLASS] zg4.e
[CLASS] k05.b
[CLASS] nx0.a
[CLASS] qw.a1
[CLASS] bd5.f
[CLASS] i00.e
[CLASS] [Lhv4.g;
[CLASS] ay.f
[CLASS] on2.l0
[CLASS] xv1.f
[CLASS] ae1.k
[CLASS] yk.f
[CLASS] l50.r
[CLASS] pi3.a
[CLASS] qj4.c
[CLASS] k05.c
[CLASS] sn4.h30
[CLASS] urgen.ur_C563.UR_379F
[CLASS] bd5.g
[CLASS] dr.j1
[CLASS] [Lj84.h;
[CLASS] qj4.d
[CLASS] on2.l1
[CLASS] xv1.g
[CLASS] yk.g
[CLASS] [Lal4.l;
[CLASS] bx1.d0
[CLASS] com.catfish.newvip.core.UserControll$1
[CLASS] l50.s
[CLASS] ae1.l
[CLASS] [Lqs4.k;
[CLASS] b35.a
[CLASS] wg.f2
[CLASS] e4.k0
[CLASS] bd5.h
[CLASS] er.i4
[CLASS] mt4.x1
[CLASS] i70.n1
[CLASS] xv1.h
[CLASS] on2.l2
[CLASS] yk.h
[CLASS] vp4.c0
[CLASS] ae1.m
[CLASS] bx0.x9
[CLASS] df5.n0
[CLASS] oe5.l0
[CLASS] bd5.i
[CLASS] dr.j3
[CLASS] er.i5
[CLASS] qj4.f
[CLASS] [Lfq.b0;
[CLASS] ht.r3
[CLASS] b35.c
[CLASS] xv1.i
[CLASS] l50.u
[CLASS] urgen.ur_C563.URS_5EB7
[CLASS] [Lar3.j1;
[CLASS] yc4.h1
[CLASS] e4.k2
[CLASS] bd5.j
[CLASS] np.protect.\u2063\u2063\u2063\u2063\u2063\u2060\u2064\u2064\u2060\u2064\u2060\u2064\u2060\u2064\u2060
[CLASS] ji.l
[CLASS] [Lfq.b1;
[CLASS] [Lbn2.e0;
[CLASS] xv1.j
[CLASS] x14.d0
[CLASS] kt1.x
[CLASS] l50.v
[CLASS] gz.b1
[CLASS] [Li90.p;
[CLASS] p23.s2
[CLASS] xb.b0
[CLASS] mb3.i0
[CLASS] f92.ec
[CLASS] bd5.k
[CLASS] ji.m
[CLASS] ip2.n
[CLASS] ng1.b
[CLASS] [Lfq.b2;
[CLASS] xv1.k
[CLASS] ae1.p
[CLASS] l50.w
[CLASS] p23.s3
[CLASS] kt1.y
[CLASS] [Lp21.i;
[CLASS] androidx.recyclerview.widget.k2
[CLASS] [Lby1.o0;
[CLASS] bd5.l
[CLASS] ji.n
[CLASS] ip2.o
[CLASS] [Lbn2.e2;
[CLASS] qy0.l0
[CLASS] xv1.l
[CLASS] kt1.z
[CLASS] gg1.g1
[CLASS] [Li90.r;
[CLASS] sn3.t
[CLASS] androidx.recyclerview.widget.k3
[CLASS] [Leq4.a;
[CLASS] bd5.m
[CLASS] ip2.p
[CLASS] ji.o
[CLASS] ng1.d
[CLASS] xc5.b
[CLASS] c70.d2
[CLASS] xv1.m
[CLASS] fo.b
[CLASS] sn3.u
[CLASS] l50.y
[CLASS] urgen.ur_C563.URS_7BBB
[CLASS] br.l4
[CLASS] [Lfe0.m;
[CLASS] xt4.g
[CLASS] y53.e
[CLASS] bd5.n
[CLASS] ji.p
[CLASS] ng1.e
[CLASS] [Lmm3.c;
[CLASS] fo.c
[CLASS] l50.z
[CLASS] sn3.h0
[CLASS] [Lo10.j;
[CLASS] [Li70.z1;
[CLASS] rq4.n0
[CLASS] br.l5
[CLASS] mt4.x8
[CLASS] of5.a
[CLASS] xt4.h
[CLASS] xc5.q0
[CLASS] ji.q
[CLASS] [Lf40.h;
[CLASS] xc5.d
[CLASS] r40.t0
[CLASS] fo.d
[CLASS] [Ldu1.m0;
[CLASS] i.g
[CLASS] cu0.z0
[CLASS] [Lcx2.s0;
[CLASS] fh.b0
[CLASS] rq4.n1
[CLASS] of5.b
[CLASS] xt4.i
[CLASS] y70.z0
[CLASS] xc5.q1
[CLASS] om4.y0
[CLASS] a24.h
[CLASS] pr0.t1
[CLASS] wy1.b0
[CLASS] [Lty0.h;
[CLASS] xc5.e
[CLASS] [Lgd4.k;
[CLASS] [Lyj1.v0;
[CLASS] [Li90.v;
[CLASS] xj2.s0
[CLASS] [Lo10.l;
[CLASS] e34.a0
[CLASS] ae1.u
[CLASS] i.h
[CLASS] rg.k1
[CLASS] mb.a
[CLASS] [Lq23.b0;
[CLASS] fh.b1
[CLASS] ji.s
[CLASS] [Lw90.n3;
[CLASS] ng1.h
[CLASS] a24.i
[CLASS] ae1.v
[CLASS] bx0.wa
[CLASS] fi5.a
[CLASS] i.i
[CLASS] ur0.g0
[CLASS] rg.k2
[CLASS] fw2.a0
[CLASS] [Llt0.n0;
[CLASS] j70.m0
[CLASS] mb.b
[CLASS] ng1.p0
[CLASS] xe0.l0
[CLASS] ha0.d1
[CLASS] ji.t
[CLASS] ng1.i
[CLASS] vm4.f4
[CLASS] of5.d
[CLASS] a24.j
[CLASS] zq.j1
[CLASS] ae1.w
[CLASS] l50.i1
[CLASS] mu2.e
[CLASS] e24.b0
[CLASS] uq.e
[CLASS] mb.c
[CLASS] of5.e
[CLASS] xe0.l1
[CLASS] y70.z3
[CLASS] dr.a
[CLASS] aa0.w0
[CLASS] [Lw80.o3;
[CLASS] c30.h0
[CLASS] ha0.d2
[CLASS] [Lf40.l;
[CLASS] ng1.j
[CLASS] ji.u
[CLASS] xc5.h
[CLASS] i.k
[CLASS] l40.j0
[CLASS] [Lty0.k;
[CLASS] [Lgd4.n;
[CLASS] mu2.f
[CLASS] jw.h1
[CLASS] [Lc70.p2;
[CLASS] l50.i2
[CLASS] [Leq4.h;
[CLASS] v20.e
[CLASS] dr.b
[CLASS] urgen.ur_0025.UR_785B
[CLASS] cw1.b
[CLASS] ng1.k
[CLASS] eu.a0
[CLASS] ae1.y
[CLASS] i.l
[CLASS] fo.i
[CLASS] mu2.g
[CLASS] u15.s0
[CLASS] [Leq4.i;
[CLASS] of5.g
[CLASS] v20.f
[CLASS] f4.c
[CLASS] cw1.c
[CLASS] az.h0
[CLASS] ng1.l
[CLASS] sn4.wm3
[CLASS] m50.d
[CLASS] pt.k0
[CLASS] [Lbn1.d;
[CLASS] of5.h
[CLASS] hj.l2
[CLASS] v20.g
[CLASS] f4.d
[CLASS] ji.x
[CLASS] ip2.y
[CLASS] [Lp44.i3;
[CLASS] ng1.m
[CLASS] [Lsv2.e;
[CLASS] m50.e
[CLASS] ly.r0
[CLASS] fv.a$$a
[CLASS] r93.g1
[CLASS] md3.e
[CLASS] [Leq4.k;
[CLASS] of5.i
[CLASS] [Lki4.a;
[CLASS] dr.e
[CLASS] f4.e
[CLASS] wq.m0
[CLASS] ng1.n
[CLASS] xc5.l
[CLASS] [Lty0.o;
[CLASS] j40.p0
[CLASS] m50.f
[CLASS] ew3.j0
[CLASS] md3.f
[CLASS] [Leq4.l;
[CLASS] of5.j
[CLASS] dr.f
[CLASS] cw1.f
[CLASS] androidx.recyclerview.widget.LinearLayoutManager
[CLASS] b35.r
[CLASS] [Lha0.p1;
[CLASS] m50.g
[CLASS] pr0.t9
[CLASS] w14.e
[CLASS] md3.g
[CLASS] of5.k
[CLASS] hj.l5
[CLASS] dr.g
[CLASS] cw1.g
[CLASS] d80.e
[CLASS] x60.d1
[CLASS] c42.s0
[CLASS] b35.s
[CLASS] w14.f
[CLASS] [Lwc1.g0;
[CLASS] of5.l
[CLASS] [Lbn1.h;
[CLASS] hj.l6
[CLASS] d80.f
[CLASS] x70.c4
[CLASS] rl1.a
[CLASS] w14.g
[CLASS] io.flutter.embedding.engine.plugins.activity.ActivityAware
[CLASS] zg.b
[CLASS] of5.m
[CLASS] [Leq4.o;
[CLASS] v03.e
[CLASS] xc5.p
[CLASS] zs.v2
[CLASS] ad0.a
[CLASS] [Lty0.s;
[CLASS] [Lfa0.v0;
[CLASS] pt3.j0
[CLASS] zg.c
[CLASS] kb1.f
[CLASS] of5.n
[CLASS] hj.l8
[CLASS] dr.j
[CLASS] [Lf40.u;
[CLASS] xc5.q
[CLASS] fi5.l
[CLASS] ad0.b
[CLASS] ft2.d5
[CLASS] f85.f
[CLASS] zg.d
[CLASS] ja0.e
[CLASS] of5.o
[CLASS] dr.k
[CLASS] io1.a
[CLASS] [Lj00.d0;
[CLASS] xc5.r
[CLASS] fo.r
[CLASS] ad0.c
[CLASS] ft2.d6
[CLASS] b35.w
[CLASS] p31.g0
[CLASS] cf5.p0
[CLASS] sn4.hh0
[CLASS] f85.g
[CLASS] zg.e
[CLASS] mt2.m0
[CLASS] androidx.window.embedding.SplitRule
[CLASS] cd5.a
[CLASS] of5.p
[CLASS] xc5.s
[CLASS] fo.s
[CLASS] ad0.d
[CLASS] yv1.a
[CLASS] b35.x
[CLASS] bx0.y0
[CLASS] zg.f
[CLASS] of5.q
[CLASS] dr.m
[CLASS] [Ls60.j;
[CLASS] ad0.e
[CLASS] yv1.b
[CLASS] [Lty0.w;
[CLASS] v03.j
[CLASS] com.tenpay.ndk.WxSmCertUtil
[CLASS] [Lrs4.f;
[CLASS] zg.g
[CLASS] of5.r
[CLASS] [Lkd2.r0;
[CLASS] dr.n
[CLASS] a24.x
[CLASS] bx0.y2
[CLASS] v03.k
[CLASS] [Lt54.g;
[CLASS] f85.j
[CLASS] zg.h
[CLASS] of5.s
[CLASS] dr.o
[CLASS] com.tyun.yz.Rc4Util$$ExternalSyntheticLambda0
[CLASS] xc5.v
[CLASS] bx0.y3
[CLASS] pr0.sa
[CLASS] as2.e
[CLASS] qf5.f0
[CLASS] of5.t
[CLASS] te4.t0
[CLASS] urgen.ur_0025.UR_7861
[CLASS] [Lqa4.b;
[CLASS] vs.z1
[CLASS] androidx.fragment.app.x0
[CLASS] pr0.sb
[CLASS] bx0.y4
[CLASS] xj.c
[CLASS] sn4.c23
[CLASS] sn4.tb0
[CLASS] oz.a
[CLASS] p.j0
[CLASS] of5.u
[CLASS] dr.q
[CLASS] cd5.f
[CLASS] androidx.fragment.app.x1
[CLASS] [La44.u0;
[CLASS] xc5.x
[CLASS] pr0.sc
[CLASS] [Ljy.j;
[CLASS] oz.b
[CLASS] [Lj90.l;
[CLASS] of5.v
[CLASS] py1.d
[CLASS] dr.r
[CLASS] ih.g
[CLASS] jp2.j
[CLASS] xc5.y
[CLASS] [Lbl4.l;
[CLASS] of5.w
[CLASS] dr.s
[CLASS] fm2.k0
[CLASS] oj0.e0
[CLASS] ih.h
[CLASS] ht.s0
[CLASS] xc5.z
[CLASS] ip2.a0
[CLASS] [Ljy.l;
[CLASS] sn4.fr0
[CLASS] dr.k1
[CLASS] py1.f
[CLASS] of5.x
[CLASS] ht.s1
[CLASS] lv0.a0
[CLASS] a30.f
[CLASS] of5.y
[CLASS] mt4.y1
[CLASS] e4.l0
[CLASS] [Lbn1.u;
[CLASS] sn4.zy6
[CLASS] er.j4
[CLASS] d24.d0
[CLASS] og1.a
[CLASS] i70.o1
[CLASS] rn_5292.rn_5293.rn_5294.rn_5387
[CLASS] vp4.d0
[CLASS] bx0.y9
[CLASS] pw4.a
[CLASS] tb4.w0
[CLASS] im4.e
[CLASS] gk2.a
[CLASS] dr.k3
[CLASS] er.j5
[CLASS] df5.o0
[CLASS] oe5.m0
[CLASS] og1.b
[CLASS] [Lfq.c0;
[CLASS] e01.m3
[CLASS] lt1.y
[CLASS] pw4.b
[CLASS] [Le90.i0;
[CLASS] f92.fb
[CLASS] im4.f
[CLASS] yc4.i1
[CLASS] e4.l2
[CLASS] gk2.b
[CLASS] mj0.k0
[CLASS] sn4.yd0
[CLASS] [Lfq.c1;
[CLASS] og1.c
[CLASS] nf0.a
[CLASS] m24.g0
[CLASS] p23.t2
[CLASS] lt1.z
[CLASS] pw4.c
[CLASS] wc0.d
[CLASS] w90.c3
[CLASS] fj1.a
[CLASS] wr2.b
[CLASS] [Lp10.h;
[CLASS] ih.m
[CLASS] [Lfq.c2;
[CLASS] rj4.j
[CLASS] yc5.b
[CLASS] p23.t3
[CLASS] pw4.d
[CLASS] androidx.recyclerview.widget.l2
[CLASS] wc0.e
[CLASS] p80.w0
[CLASS] fj1.b
[CLASS] [Lby1.p0;
[CLASS] qi2.l0
[CLASS] ih.n
[CLASS] yc5.c
[CLASS] en.a
[CLASS] g0.a
[CLASS] ym3.t0
[CLASS] gg1.h1
[CLASS] pw4.e
[CLASS] tn3.v
[CLASS] androidx.recyclerview.widget.l3
[CLASS] wc0.f
[CLASS] w80.d3
[CLASS] fj1.c
[CLASS] y13.x0
[CLASS] pf5.a
[CLASS] ih.o
[CLASS] mj0.k3
[CLASS] rj4.l
[CLASS] c70.e2
[CLASS] yc5.d
[CLASS] w80.d4
[CLASS] fj1.d
[CLASS] br.m4
[CLASS] np.protect.\u2063\u2063\u2063\u2063\u2063\u2060\u2063\u2063\u2063\u2063\u2064\u2064\u2060\u2064\u2063\u2060\u2064\u2064
[CLASS] [Llv0.m0;
[CLASS] c.t.m.sapp.c.a
[CLASS] qz2.o
[CLASS] np.protect.\u06e8\u06e3\u06e7\u06e5
[CLASS] ih.p
[CLASS] mj0.k4
[CLASS] yc5.e
[CLASS] sn3.i0
[CLASS] pw4.g
[CLASS] en.c
[CLASS] rq4.o0
[CLASS] br.m5
[CLASS] fj1.e
[CLASS] c.t.m.sapp.c.b
[CLASS] xc5.r0
[CLASS] ih.q
[CLASS] pr0.u0
[CLASS] en.d
[CLASS] tn3.y
[CLASS] fh.c0
[CLASS] fj1.f
[CLASS] rq4.o1
[CLASS] qz2.q
[CLASS] c.t.m.sapp.c.c
[CLASS] pf5.d
[CLASS] ex2.b
[CLASS] rc0.a$$a
[CLASS] om4.z0
[CLASS] pr0.u1
[CLASS] [Lq04.i;
[CLASS] q35.b0
[CLASS] wc0.j
[CLASS] fh.c1
[CLASS] fj1.g
[CLASS] la.a
[CLASS] c.t.m.sapp.c.d
[CLASS] pf5.e
[CLASS] qz2.r
[CLASS] dw1.a
[CLASS] ex2.c
[CLASS] rg.l2
[CLASS] nu2.f
[CLASS] wc0.k
[CLASS] j70.n0
[CLASS] ng1.q0
[CLASS] xe0.m0
[CLASS] zt0.u2$$a
[CLASS] ha0.e1
[CLASS] yt4.m
[CLASS] c.t.m.sapp.c.e
[CLASS] pf5.f
[CLASS] dw1.b
[CLASS] ex2.d
[CLASS] x90.b0
[CLASS] [Lcn1.b;
[CLASS] [Lnm3.i;
[CLASS] qw.v
[CLASS] l50.j1
[CLASS] qz2.s
[CLASS] e24.c0
[CLASS] a80.j5
[CLASS] rg.l3
[CLASS] wc0.l
[CLASS] fj1.i
[CLASS] [Lgg1.t1;
[CLASS] ng1.q1
[CLASS] qz2.t
[CLASS] c.t.m.sapp.c.f
[CLASS] ha0.e2
[CLASS] yt4.n
[CLASS] c30.i0
[CLASS] qw.w
[CLASS] og1.l
[CLASS] l50.j2
[CLASS] androidx.appcompat.widget.AppCompatEditText
[CLASS] a80.j6
[CLASS] oa5.q3
[CLASS] wc0.m
[CLASS] fj1.j
[CLASS] o70.a0
[CLASS] [Lw60.r0;
[CLASS] qz2.u
[CLASS] [Lfy2.l0;
[CLASS] c.t.m.sapp.c.g
[CLASS] qw.x
[CLASS] yc5.k
[CLASS] en.i
[CLASS] androidx.lifecycle.FullLifecycleObserverAdapter
[CLASS] x14.c
[CLASS] u15.t0
[CLASS] ei0.i
[CLASS] fj1.k
[CLASS] o70.a1
[CLASS] nd3.e
[CLASS] c.t.m.sapp.c.h
[CLASS] w20.h
[CLASS] az.i0
[CLASS] [Lnm3.l;
[CLASS] t5.a
[CLASS] [Lte3.b;
[CLASS] pw4.n
[CLASS] oz.s
[CLASS] x14.d
[CLASS] w03.b
[CLASS] g85.a
[CLASS] fj1.l
[CLASS] nd3.f
[CLASS] c.t.m.sapp.c.i
[CLASS] t5.b
[CLASS] pw4.o
[CLASS] oz.t
[CLASS] ly.s0
[CLASS] w03.c
[CLASS] ei0.k
[CLASS] r93.h1
[CLASS] nd3.g
[CLASS] c.t.m.sapp.c.j
[CLASS] qz2.x
[CLASS] wq.n0
[CLASS] t5.c
[CLASS] pr1.a0
[CLASS] ft2.e0
[CLASS] pw4.p
[CLASS] ew3.k0
[CLASS] ei0.l
[CLASS] v83.y0
[CLASS] mc2.f
[CLASS] qz2.y
[CLASS] c.t.m.sapp.c.k
[CLASS] rb5.i3
[CLASS] fa0.k3
[CLASS] j00.y
[CLASS] p55.f
[CLASS] pr0.u9
[CLASS] pw4.q
[CLASS] oz.v
[CLASS] ei0.m
[CLASS] [Luh1.n;
[CLASS] mc2.g
[CLASS] c.t.m.sapp.c.l
[CLASS] hj.m5
[CLASS] [Lt60.f;
[CLASS] j00.z
[CLASS] kp2.a
[CLASS] p55.g
[CLASS] z70.y
[CLASS] rs.e
[CLASS] bd0.a
[CLASS] n50.j
[CLASS] oz.w
[CLASS] at.a
[CLASS] e63.a
[CLASS] tu3.z0
[CLASS] hj.m6
[CLASS] org.chromium.net.NetworkChangeNotifierAutoDetect$NetworkConnectivityIntentFilter
[CLASS] c.t.m.sapp.c.m
[CLASS] x70.d4
[CLASS] p55.h
[CLASS] z70.z
[CLASS] pr1.a3
[CLASS] bd0.b
[CLASS] [Lcl4.d;
[CLASS] n50.k
[CLASS] pw4.s
[CLASS] oz.x
[CLASS] at.b
[CLASS] e63.b
[CLASS] c6.b
[CLASS] ib0.c1
[CLASS] hj.m7
[CLASS] c.t.m.sapp.c.n
[CLASS] a05.u5
[CLASS] jo1.a
[CLASS] ir.g0
[CLASS] bd0.c
[CLASS] pw4.t
[CLASS] pt3.k0
[CLASS] n50.l
[CLASS] x14.j
[CLASS] at.c
[CLASS] hj.m8
[CLASS] c.t.m.sapp.c.o
[CLASS] io.flutter.embedding.engine.systemchannels.ProcessTextChannel$1
[CLASS] pv.a
[CLASS] dd5.a
[CLASS] e80.j
[CLASS] d43.w1
[CLASS] jo1.b
[CLASS] p55.j
[CLASS] zv1.a
[CLASS] ft2.e5
[CLASS] bd0.d
[CLASS] [Lbk3.d;
[CLASS] n50.m
[CLASS] pw4.u
[CLASS] sl1.e
[CLASS] x14.k
[CLASS] at.d
[CLASS] c.t.m.sapp.c.p
[CLASS] pv.b
[CLASS] e80.k
[CLASS] m22.e
[CLASS] jo1.c
[CLASS] p55.k
[CLASS] [Lkj0.n;
[CLASS] bd0.e
[CLASS] ce1.g
[CLASS] p31.h0
[CLASS] n50.n
[CLASS] pw4.v
[CLASS] cf5.q0
[CLASS] sl1.f
[CLASS] x14.l
[CLASS] mt2.n0
[CLASS] c.t.m.sapp.c.q
[CLASS] rz2.b
[CLASS] dd5.c
[CLASS] m22.f
[CLASS] e80.l
[CLASS] p55.l
[CLASS] bx0.z0
[CLASS] zv1.c
[CLASS] bd0.f
[CLASS] ce1.h
[CLASS] ls0.o
[CLASS] n50.o
[CLASS] c6.f
[CLASS] c.t.m.sapp.c.r
[CLASS] rz2.c
[CLASS] dd5.d
[CLASS] p55.m
[CLASS] ls0.p
[CLASS] pw4.x
[CLASS] at.g
[CLASS] c6.g
[CLASS] org.chromium.net.httpflags.FlagValue
[CLASS] kg.s3
[CLASS] [Loz.v0;
[CLASS] rt2.a0
[CLASS] dd5.e
[CLASS] rz2.d
[CLASS] p55.n
[CLASS] bx0.z2
[CLASS] ls0.q
[CLASS] pw4.y
[CLASS] un3.m
[CLASS] [Lk90.k;
[CLASS] androidx.appcompat.app.g0
[CLASS] [Lss4.i;
[CLASS] rz2.e
[CLASS] dd5.f
[CLASS] p55.o
[CLASS] bx0.z3
[CLASS] pr0.ta
[CLASS] wi.b
[CLASS] ls0.r
[CLASS] pw4.z
[CLASS] un3.n
[CLASS] qf5.g0
[CLASS] te4.u0
[CLASS] rz2.f
[CLASS] pr0.tb
[CLASS] bx0.z4
[CLASS] urgen.ur_0025.UR_DB8A
[CLASS] wi.c
[CLASS] ls0.s
[CLASS] [Lje5.d;
[CLASS] un3.o
[CLASS] c6.j
[CLASS] px0.p0
[CLASS] qy1.e
[CLASS] px0.c
[CLASS] e80.q
[CLASS] dd5.h
[CLASS] sn4.aq4
[CLASS] pr0.tc
[CLASS] sj4.e
[CLASS] androidx.appcompat.widget.n2
[CLASS] ls0.t
[CLASS] wi.d
[CLASS] un3.p
[CLASS] c6.k
[CLASS] a95.m0
[CLASS] qy1.f
[CLASS] px0.d
[CLASS] e80.r
[CLASS] dd5.i
[CLASS] sj4.f
[CLASS] ap4.a
[CLASS] wi.e
[CLASS] by1.e0
[CLASS] un3.q
[CLASS] yd1.c
[CLASS] org.jni_zero.GEN_JNI
[CLASS] qw.c1
[CLASS] px0.e
[CLASS] c12.w6
[CLASS] fm2.l0
[CLASS] oj0.f0
[CLASS] [Ltv2.v;
[CLASS] ht.t0
[CLASS] c24.b
[CLASS] ap4.b
[CLASS] n90.a1
[CLASS] qw4.a
[CLASS] r3.u1
[CLASS] un3.r
[CLASS] c6.m
[CLASS] sn4.h50
[CLASS] sn4.fs0
[CLASS] px0.f
[CLASS] er.k3
[CLASS] rn_545.rn_546.rn_547.rn_3290$rn_3394_r
[CLASS] e80.t
[CLASS] [Ldv.i1;
[CLASS] ht.t1
[CLASS] c24.c
[CLASS] ap4.c
[CLASS] [Lvy0.c;
[CLASS] ny.e
[CLASS] ka0.q
[CLASS] mt4.z1
[CLASS] er.k4
[CLASS] io.flutter.embedding.engine.plugins.FlutterPlugin$FlutterPluginBinding
[CLASS] dd5.l
[CLASS] e80.u
[CLASS] i70.p1
[CLASS] [Lan1.d0;
[CLASS] zc5.a
[CLASS] c24.d
[CLASS] vp4.e0
[CLASS] bx0.z9
[CLASS] tb4.x0
[CLASS] ny.f
[CLASS] df5.p0
[CLASS] oe5.n0
[CLASS] urgen.ur_54A4.UR_76CA
[CLASS] ka0.r
[CLASS] dr.l3
[CLASS] e80.v
[CLASS] [Lfq.d0;
[CLASS] e01.n3
[CLASS] [Ljs.l0;
[CLASS] io.flutter.plugin.common.BinaryMessenger$TaskQueue
[CLASS] e4.m2
[CLASS] oe5.n1
[CLASS] e80.w
[CLASS] nk.o00
[CLASS] sn4.mk5
[CLASS] [Lfq.d1;
[CLASS] mj0.l0
[CLASS] p23.u2
[CLASS] w90.d3
[CLASS] gj1.c
[CLASS] ka0.t
[CLASS] qf5.a
[CLASS] e80.x
[CLASS] mj0.l1
[CLASS] [Lfq.d2;
[CLASS] p23.u3
[CLASS] androidx.recyclerview.widget.m2
[CLASS] org.chromium.build.BuildConfig
[CLASS] x14.y
[CLASS] p80.x0
[CLASS] qi2.m0
[CLASS] [Loa5.n40;
[CLASS] te5.a1
[CLASS] io.flutter.embedding.engine.dart.DartExecutor$DefaultBinaryMessenger
[CLASS] xa3.a
[CLASS] gg1.i1
[CLASS] androidx.recyclerview.widget.m3
[CLASS] y13.y0
[CLASS] w80.e3
[CLASS] [Lbe5.g0;
[CLASS] ka0.v
[CLASS] ws4.a0
[CLASS] fx2.a
[CLASS] [Lua.c;
[CLASS] c70.f2
[CLASS] c24.i
[CLASS] w60.g0
[CLASS] [Lon2.z1;
[CLASS] at.t
[CLASS] w80.e4
[CLASS] sn4.rm2
[CLASS] br.n4
[CLASS] ka0.w
[CLASS] [Lfa1.f;
[CLASS] qf5.d
[CLASS] fx2.b
[CLASS] [Lom3.g;
[CLASS] xa3.c
[CLASS] sn3.j0
[CLASS] c24.j
[CLASS] ou2.e
[CLASS] rq4.p0
[CLASS] br.n5
[CLASS] ka0.x
[CLASS] pe4.c
[CLASS] qf5.e
[CLASS] so.a
[CLASS] vm4.h1
[CLASS] c24.k
[CLASS] [Llq.c;
[CLASS] pr0.v0
[CLASS] ce1.x
[CLASS] ms0.b
[CLASS] ou2.f
[CLASS] urgen.ur_E2DE.UR_3301
[CLASS] rq4.p1
[CLASS] fh.d0
[CLASS] so.b
[CLASS] ka0.y
[CLASS] pe4.d
[CLASS] cz1.c2
[CLASS] fx2.d
[CLASS] [Lh40.m;
[CLASS] h25.a0
[CLASS] [Lct0.m1;
[CLASS] [Ln3.d;
[CLASS] xa3.e
[CLASS] e34.c0
[CLASS] fh.d1
[CLASS] so.c
[CLASS] gj1.i
[CLASS] ka0.z
[CLASS] pe4.e
[CLASS] qf5.g
[CLASS] [Lh.g;
[CLASS] fx2.e
[CLASS] h25.a1
[CLASS] c24.m
[CLASS] [Ln3.e;
[CLASS] xa3.f
[CLASS] rg.m2
[CLASS] l50.k0
[CLASS] ms0.d
[CLASS] qv2.a0
[CLASS] j70.o0
[CLASS] [Llt0.p0;
[CLASS] wo4.b
[CLASS] gj1.j
[CLASS] ng1.r0
[CLASS] ha0.f1
[CLASS] pe4.f
[CLASS] qf5.h
[CLASS] n30.g1
[CLASS] x90.c0
[CLASS] h25.a2
[CLASS] pr0.v3
[CLASS] c24.n
[CLASS] [Ln3.f;
[CLASS] a80.k5
[CLASS] xa3.g
[CLASS] p61.g
[CLASS] l50.k1
[CLASS] zq.l1
[CLASS] gj1.k
[CLASS] urgen.ur_0025.UR_D33E
[CLASS] xe0.n1
[CLASS] ng1.r1
[CLASS] pe4.g
[CLASS] qf5.i
[CLASS] c30.j0
[CLASS] [Lw80.q3;
[CLASS] fx2.g
[CLASS] p44.a
[CLASS] h25.a3
[CLASS] nr4.a
[CLASS] l50.k2
[CLASS] [Ln3.g;
[CLASS] a80.k6
[CLASS] oa5.r3
[CLASS] [Lc70.r2;
[CLASS] at.z
[CLASS] so.f
[CLASS] o70.b0
[CLASS] mv0.a2
[CLASS] pe4.h
[CLASS] qf5.j
[CLASS] fx2.h
[CLASS] ew1.f
[CLASS] h25.a4
[CLASS] au2.r1
[CLASS] nr4.b
[CLASS] l50.k3
[CLASS] [Ln3.h;
[CLASS] np1.b$$a
[CLASS] u15.u0
[CLASS] ms0.g
[CLASS] so.g
[CLASS] o70.b1
[CLASS] [Lh23.k;
[CLASS] pe4.i
[CLASS] az.j0
[CLASS] ip1.h$$a
[CLASS] fx2.i
[CLASS] ew1.g
[CLASS] f80.e
[CLASS] p44.c
[CLASS] h25.a5
[CLASS] nr4.c
[CLASS] c24.q
[CLASS] [Ln3.i;
[CLASS] xa3.j
[CLASS] [Ll90.b;
[CLASS] y14.f
[CLASS] com.catfish.newvip.core.ActivityControll
[CLASS] so.h
[CLASS] hj.n2
[CLASS] pe4.j
[CLASS] f80.f
[CLASS] ew1.h
[CLASS] h25.a6
[CLASS] nr4.d
[CLASS] ds0.a1
[CLASS] c24.r
[CLASS] sr0.o1
[CLASS] ly.t0
[CLASS] y14.g
[CLASS] y14.e2
[CLASS] r93.i1
[CLASS] so.i
[CLASS] urgen.ur_54A4.UR_EE31
[CLASS] f80.g
[CLASS] ew1.i
[CLASS] h25.a7
[CLASS] nr4.e
[CLASS] pr1.b0
[CLASS] ds0.a2
[CLASS] cd0.a
[CLASS] ft2.f0
[CLASS] tl1.b
[CLASS] y14.h
[CLASS] so.j
[CLASS] hj.n4
[CLASS] pe4.l
[CLASS] [Lhi3.b0;
[CLASS] fa0.l3
[CLASS] h25.a8
[CLASS] nr4.f
[CLASS] cd0.b
[CLASS] de1.d
[CLASS] so.k
[CLASS] v83.z1
[CLASS] hj.n5
[CLASS] qf5.o
[CLASS] px0.x
[CLASS] cu.e1
[CLASS] ew1.k
[CLASS] nr4.g
[CLASS] ib0.d0
[CLASS] xa3.n
[CLASS] b5.a
[CLASS] so.l
[CLASS] cs2.a
[CLASS] hj.n6
[CLASS] qf5.p
[CLASS] px0.y
[CLASS] [La05.f6;
[CLASS] x70.e4
[CLASS] ed5.a
[CLASS] ew1.l
[CLASS] nr4.h
[CLASS] ko1.b
[CLASS] [Lyv.e;
[CLASS] dm.o
[CLASS] pr1.b3
[CLASS] xa3.o
[CLASS] ft2.f3
[CLASS] ib0.d1
[CLASS] de1.f
[CLASS] so.m
[CLASS] hj.n7
[CLASS] la0.g
[CLASS] px0.z
[CLASS] sz2.a
[CLASS] ed5.b
[CLASS] ew1.m
[CLASS] nr4.i
[CLASS] zs.x2
[CLASS] ko1.c
[CLASS] xa3.p
[CLASS] [Ldl4.g;
[CLASS] pt3.l0
[CLASS] so.n
[CLASS] gj1.t
[CLASS] hj.n8
[CLASS] sz2.b
[CLASS] d43.x1
[CLASS] ed5.c
[CLASS] nr4.j
[CLASS] ko1.d
[CLASS] ou.a
[CLASS] xa3.q
[CLASS] [Lfa0.x1;
[CLASS] [Lhw.c;
[CLASS] so.o
[CLASS] cs2.d
[CLASS] gj1.u
[CLASS] qf5.s
[CLASS] sz2.c
[CLASS] ou.b
[CLASS] ew1.o
[CLASS] [Lj00.f0;
[CLASS] [Lu60.l;
[CLASS] [Laz0.g;
[CLASS] ko1.e
[CLASS] zb.k
[CLASS] [Lyv.h;
[CLASS] nr4.k
[CLASS] xa3.r
[CLASS] io.flutter.plugin.common.EventChannel$StreamHandler
[CLASS] p31.i0
[CLASS] cf5.r0
[CLASS] kg4.q2
[CLASS] urgen.ur_0025.UR_284E
[CLASS] gj1.v
[CLASS] pe4.r
[CLASS] n05.a
[CLASS] kg.t1
[CLASS] qf5.t
[CLASS] so.p
[CLASS] ew1.p
[CLASS] androidx.appcompat.widget.ActionBarContextView
[CLASS] rd.v0
[CLASS] zb.l
[CLASS] nr4.l
[CLASS] p44.l
[CLASS] ko1.f
[CLASS] so.q
[CLASS] gj1.w
[CLASS] pe4.s
[CLASS] qf5.u
[CLASS] io.flutter.Log$Delegate
[CLASS] sz2.e
[CLASS] ou.d
[CLASS] cb3.b
[CLASS] ew1.q
[CLASS] androidx.activity.a
[CLASS] zb.m
[CLASS] e41.k2
[CLASS] [Lke5.c;
[CLASS] so.r
[CLASS] gj1.x
[CLASS] pe4.t
[CLASS] kg.t3
[CLASS] qf5.v
[CLASS] sz2.f
[CLASS] ou.e
[CLASS] cb3.c
[CLASS] androidx.activity.b
[CLASS] nr4.n
[CLASS] [Lyv.k;
[CLASS] so.s
[CLASS] pe4.u
[CLASS] qf5.w
[CLASS] sz2.g
[CLASS] ou.f
[CLASS] cb3.d
[CLASS] [Lu60.p;
[CLASS] zb.o
[CLASS] nr4.o
[CLASS] pr0.ua
[CLASS] wj4.j3
[CLASS] vh.b
[CLASS] qf5.h0
[CLASS] te4.v0
[CLASS] so.t
[CLASS] pe4.v
[CLASS] qf5.x
[CLASS] androidx.constraintlayout.widget.Guideline
[CLASS] androidx.fragment.app.z0
[CLASS] ou.g
[CLASS] cb3.e
[CLASS] nr4.p
[CLASS] pr0.ub
[CLASS] bp4.a
[CLASS] d24.a
[CLASS] [Lt15.b;
[CLASS] vh.c
[CLASS] sn4.td0
[CLASS] yc0.a
[CLASS] qf5.y
[CLASS] dc4.h
[CLASS] androidx.activity.e
[CLASS] nr4.q
[CLASS] pr0.uc
[CLASS] s34.r0
[CLASS] androidx.appcompat.widget.o2
[CLASS] d24.b
[CLASS] urgen.ur_2BA9.UR_A847
[CLASS] rw4.a
[CLASS] a95.n0
[CLASS] qw.d0
[CLASS] sz2.j
[CLASS] qf5.z
[CLASS] androidx.activity.f
[CLASS] nr4.r
[CLASS] s34.r1
[CLASS] [Li40.d;
[CLASS] ao3.a
[CLASS] by1.f0
[CLASS] d24.c
[CLASS] [Lea0.a3;
[CLASS] so.w
[CLASS] pe4.y
[CLASS] c12.x6
[CLASS] fm2.m0
[CLASS] sz2.k
[CLASS] androidx.activity.g
[CLASS] nr4.s
[CLASS] [Ldv.j0;
[CLASS] ip2.c0
[CLASS] n90.b1
[CLASS] [Lwy0.d;
[CLASS] [Lea0.a4;
[CLASS] [Ljd4.g;
[CLASS] pe4.z
[CLASS] er.l3
[CLASS] androidx.activity.h
[CLASS] nr4.t
[CLASS] sn4.td4
[CLASS] so.y
[CLASS] er.l4
[CLASS] sz2.m
[CLASS] d24.f0
[CLASS] sn4.ml3
[CLASS] tk.a
[CLASS] androidx.activity.i
[CLASS] i70.q1
[CLASS] nr4.u
[CLASS] [Le23.i0;
[CLASS] vp4.f0
[CLASS] e01.o2
[CLASS] tb4.y0
[CLASS] [Lu43.p;
[CLASS] e4.n1
[CLASS] oe5.o0
[CLASS] dr.m3
[CLASS] rf5.a
[CLASS] [Lfq.e0;
[CLASS] androidx.activity.j
[CLASS] nr4.v
[CLASS] e01.o3
[CLASS] d24.g
[CLASS] tk.b
[CLASS] tj4.l
[CLASS] e4.n2
[CLASS] [Lww0.k0;
[CLASS] rf5.b
[CLASS] sz2.o
[CLASS] [Lfq.e1;
[CLASS] nr4.w
[CLASS] x14.g0
[CLASS] tj4.m
[CLASS] ao3.f
[CLASS] com.tyun.yz.\u06df\u06e6\u06e7\u06e7\u06e2
[CLASS] [Lwy0.h;
[CLASS] p23.v2
[CLASS] rf5.c
[CLASS] sz2.p
[CLASS] mj0.m1
[CLASS] gx2.a
[CLASS] nr4.x
[CLASS] tk.d
[CLASS] [Lfz.j;
[CLASS] ao3.g
[CLASS] p23.v3
[CLASS] urgen.ur_54A4.UR_176E
[CLASS] androidx.recyclerview.widget.n2
[CLASS] w80.f2
[CLASS] p80.y0
[CLASS] [Lmm.f;
[CLASS] qi2.n0
[CLASS] hj1.f
[CLASS] tj4.n
[CLASS] rf5.d
[CLASS] [Ls04.h;
[CLASS] xq1.e
[CLASS] com.tenpay.ndk.CertUtil
[CLASS] wp0.c
[CLASS] gx2.b
[CLASS] nr4.y
[CLASS] tk.e
[CLASS] ym3.v0
[CLASS] [Li40.k;
[CLASS] gg1.j1
[CLASS] [Lpm3.g;
[CLASS] tj4.o
[CLASS] w80.f3
[CLASS] y13.z0
[CLASS] gi0.e
[CLASS] rf5.e
[CLASS] ws4.b0
[CLASS] sz2.r
[CLASS] wp0.d
[CLASS] xq1.f
[CLASS] tk.f
[CLASS] fw1.a
[CLASS] nr4.z
[CLASS] c70.g2
[CLASS] [Lfz.l;
[CLASS] d24.k
[CLASS] w60.h0
[CLASS] ns0.b
[CLASS] w80.f4
[CLASS] br.o4
[CLASS] gi0.f
[CLASS] [Lfx0.c0;
[CLASS] rf5.f
[CLASS] sz2.s
[CLASS] fw1.b
[CLASS] gx2.d
[CLASS] sn3.k0
[CLASS] tk.g
[CLASS] ri0.a0
[CLASS] ns0.c
[CLASS] s83.i
[CLASS] sn4.t03
[CLASS] rq4.q0
[CLASS] br.o5
[CLASS] [Lax3.q;
[CLASS] [Lp32.a2;
[CLASS] rf5.g
[CLASS] gi0.g
[CLASS] [Lw90.q1;
[CLASS] cb3.q
[CLASS] tk.h
[CLASS] [Lve5.h2;
[CLASS] q45.c1
[CLASS] ns0.d
[CLASS] s83.j
[CLASS] [Lhy2.h0;
[CLASS] o90.a0
[CLASS] rf5.h
[CLASS] tk.i
[CLASS] h25.b0
[CLASS] pr0.w1
[CLASS] rg.n1
[CLASS] s83.k
[CLASS] sn4.rn5
[CLASS] fh.e1
[CLASS] [Lmm.k;
[CLASS] rf5.i
[CLASS] [Lw80.r1;
[CLASS] tk.j
[CLASS] h25.b1
[CLASS] ur0.j0
[CLASS] l50.l0
[CLASS] q35.d1
[CLASS] qv2.b0
[CLASS] j70.p0
[CLASS] p50.f
[CLASS] io.flutter.embedding.engine.plugins.contentprovider.ContentProviderAware
[CLASS] [Lp12.c1;
[CLASS] ha0.g1
[CLASS] [Len1.f;
[CLASS] nb1.b
[CLASS] rf5.j
[CLASS] y20.i
[CLASS] [Lvs.b1;
[CLASS] zq.m1
[CLASS] h25.b2
[CLASS] rg.n3
[CLASS] pr0.w3
[CLASS] oa5.s2
[CLASS] p50.g
[CLASS] [Lgg1.v1;
[CLASS] xe0.o1
[CLASS] nb1.c
[CLASS] sz2.x
[CLASS] rf5.k
[CLASS] [Lni4.c;
[CLASS] y20.j
[CLASS] h25.b3
[CLASS] [Lvs.b2;
[CLASS] ya.a
[CLASS] l50.l2
[CLASS] jw.k1
[CLASS] a80.l6
[CLASS] xt0.a0
[CLASS] [Lw60.t0;
[CLASS] rf5.l
[CLASS] sz2.y
[CLASS] [Lfy2.n0;
[CLASS] y20.k
[CLASS] eu.d0
[CLASS] [Lvv2.i;
[CLASS] h25.b4
[CLASS] au2.s1
[CLASS] [Liu.z1;
[CLASS] u15.v0
[CLASS] l50.l3
[CLASS] androidx.appcompat.widget.AppCompatTextView
[CLASS] ul1.a
[CLASS] o70.c1
[CLASS] fu4.b
[CLASS] pd3.i
[CLASS] az.k0
[CLASS] sz2.z
[CLASS] y20.l
[CLASS] rf5.m
[CLASS] h25.b5
[CLASS] pq.a
[CLASS] ee1.c
[CLASS] ul1.b
[CLASS] fu4.c
[CLASS] hj.o2
[CLASS] g63.a
[CLASS] rf5.n
[CLASS] y20.m
[CLASS] h25.b6
[CLASS] pr0.w7
[CLASS] ds0.b1
[CLASS] pq.b
[CLASS] ee1.d
[CLASS] ly.u0
[CLASS] y14.f2
[CLASS] r93.j1
[CLASS] fu4.d
[CLASS] [Lax3.y;
[CLASS] [Lq35.p0;
[CLASS] rf5.o
[CLASS] g63.b
[CLASS] y20.n
[CLASS] sn4.ci0
[CLASS] h25.b7
[CLASS] pr0.w8
[CLASS] pq.c
[CLASS] pr1.c0
[CLASS] d24.u
[CLASS] ft2.g0
[CLASS] fu4.e
[CLASS] hj.o4
[CLASS] pd3.l
[CLASS] rf5.p
[CLASS] fa0.m3
[CLASS] y20.o
[CLASS] h25.b8
[CLASS] [Lha0.s1;
[CLASS] pq.d
[CLASS] o22.d
[CLASS] lo1.b
[CLASS] [Lz70.l0;
[CLASS] cu.f1
[CLASS] rf5.q
[CLASS] io.flutter.plugin.report.FlutterAnrReport$ReportCallback
[CLASS] fd5.b
[CLASS] lo1.c
[CLASS] pq.e
[CLASS] ib0.e0
[CLASS] d24.w
[CLASS] a4.a
[CLASS] [Lus4.f;
[CLASS] hj.o6
[CLASS] rf5.r
[CLASS] x70.f4
[CLASS] rg2.o0
[CLASS] zs.y1
[CLASS] lo1.d
[CLASS] [Lu91.c0;
[CLASS] pq.f
[CLASS] r3.f
[CLASS] pr1.c3
[CLASS] cl.o
[CLASS] oa5.f
[CLASS] a4.b
[CLASS] hj.o7
[CLASS] fu4.h
[CLASS] ma0.i
[CLASS] nb1.k
[CLASS] rf5.s
[CLASS] tz2.c
[CLASS] ir.i0
[CLASS] [Lo95.g;
[CLASS] pq.g
[CLASS] r3.g
[CLASS] cl.p
[CLASS] pt3.m0
[CLASS] oa5.g
[CLASS] fu4.i
[CLASS] o05.a
[CLASS] [Lg01.p;
[CLASS] ma0.j
[CLASS] g80.n
[CLASS] pq.h
[CLASS] oa5.h
[CLASS] ds2.f
[CLASS] fu4.j
[CLASS] o05.b
[CLASS] ma0.k
[CLASS] nb1.m
[CLASS] rf5.u
[CLASS] g63.h
[CLASS] g80.o
[CLASS] m00.e
[CLASS] [Lzl0.d;
[CLASS] cf5.s0
[CLASS] pq.i
[CLASS] p31.j0
[CLASS] oa5.i
[CLASS] fu4.k
[CLASS] kg.u1
[CLASS] nb1.n
[CLASS] rf5.v
[CLASS] g80.p
[CLASS] m00.f
[CLASS] pq.j
[CLASS] ul1.k
[CLASS] fu4.l
[CLASS] ln2.w0
[CLASS] rf5.w
[CLASS] g80.q
[CLASS] sn4.as0
[CLASS] es3.q0
[CLASS] wj4.k1
[CLASS] pq.k
[CLASS] ul1.l
[CLASS] a4.g
[CLASS] d30.e
[CLASS] fu4.m
[CLASS] [Lis0.a2;
[CLASS] nb1.p
[CLASS] rf5.x
[CLASS] [Llg2.l;
[CLASS] g80.r
[CLASS] androidx.appcompat.app.AppCompatActivity
[CLASS] pq.l
[CLASS] oa5.l
[CLASS] a4.h
[CLASS] fu4.n
[CLASS] rf5.y
[CLASS] g80.s
[CLASS] [Lzl0.h;
[CLASS] pr0.va
[CLASS] wj4.k3
[CLASS] pq.m
[CLASS] cp4.b
[CLASS] qf5.i0
[CLASS] sw4.a
[CLASS] te4.w0
[CLASS] fu4.o
[CLASS] rf5.z
[CLASS] [Lvx.f;
[CLASS] [Lvv2.w;
[CLASS] pr0.vb
[CLASS] androidx.appcompat.widget.p1
[CLASS] [Liq.c0;
[CLASS] pq.n
[CLASS] cp4.c
[CLASS] e24.c
[CLASS] r3.n
[CLASS] sn4.hk5
[CLASS] sw4.b
[CLASS] f22.q0
[CLASS] pr0.vc
[CLASS] androidx.appcompat.widget.p2
[CLASS] [Liq.c1;
[CLASS] pq.o
[CLASS] cp4.d
[CLASS] ro1.a$$a
[CLASS] e24.d
[CLASS] d13.b
[CLASS] a95.o0
[CLASS] a4.k
[CLASS] qw.e0
[CLASS] ij1.a
[CLASS] urgen.ur_E2DE.UR_C62C
[CLASS] [Llg2.p;
[CLASS] pq.p
[CLASS] cp4.e
[CLASS] by1.g0
[CLASS] sw4.d
[CLASS] io.flutter.embedding.engine.MMFlutterEngineGroup
[CLASS] qw.e1
[CLASS] dh.a
[CLASS] nb1.u
[CLASS] c12.y6
[CLASS] ht.v0
[CLASS] sn4.c56
[CLASS] [Lb00.c0;
[CLASS] ip2.d0
[CLASS] [Ley.e;
[CLASS] pq.q
[CLASS] cp4.f
[CLASS] n90.c1
[CLASS] an2.b
[CLASS] ee1.s
[CLASS] [Ldf5.b0;
[CLASS] ug.f
[CLASS] sw4.e
[CLASS] sn4.h70
[CLASS] fu4.s
[CLASS] ij1.c
[CLASS] er.m3
[CLASS] a4.m
[CLASS] on2.p1
[CLASS] lv0.d0
[CLASS] cp4.g
[CLASS] pq.r
[CLASS] an2.c
[CLASS] ug.g
[CLASS] lw.e
[CLASS] a4.n
[CLASS] [La70.f;
[CLASS] er.m4
[CLASS] io.flutter.embedding.engine.FlutterOverlaySurface
[CLASS] sf5.b
[CLASS] e01.p2
[CLASS] i70.r1
[CLASS] pq.s
[CLASS] an2.d
[CLASS] ug.h
[CLASS] lw.f
[CLASS] a4.o
[CLASS] e4.o1
[CLASS] oe5.p0
[CLASS] dr.n3
[CLASS] ij1.e
[CLASS] er.m5
[CLASS] nb1.x
[CLASS] hi0.c
[CLASS] [Lfq.f0;
[CLASS] e01.p3
[CLASS] hx2.a
[CLASS] [Lz93.b;
[CLASS] pq.t
[CLASS] cp4.i
[CLASS] [Ljs.n0;
[CLASS] an2.e
[CLASS] androidx.recyclerview.widget.o0
[CLASS] w90.f2
[CLASS] e4.o2
[CLASS] a4.p
[CLASS] f92.ib
[CLASS] nb1.y
[CLASS] ug.i
[CLASS] [Lfq.f1;
[CLASS] [Lbn2.i0;
[CLASS] hx2.b
[CLASS] pq.u
[CLASS] [Lt04.i;
[CLASS] cp4.j
[CLASS] p23.w2
[CLASS] androidx.recyclerview.widget.o1
[CLASS] w90.f3
[CLASS] hi0.e
[CLASS] hx2.c
[CLASS] pq.v
[CLASS] p23.w3
[CLASS] androidx.recyclerview.widget.o2
[CLASS] w80.g2
[CLASS] p80.z0
[CLASS] qi2.o0
[CLASS] androidx.recyclerview.widget.RecyclerView$LayoutManager
[CLASS] [Lbn2.i2;
[CLASS] sj.e
[CLASS] hx2.d
[CLASS] [Laf3.j;
[CLASS] gg1.k1
[CLASS] pq.w
[CLASS] bk.a
[CLASS] androidx.recyclerview.widget.o3
[CLASS] nr4.a0
[CLASS] w80.g3
[CLASS] hi0.g
[CLASS] ws4.c0
[CLASS] re4.e
[CLASS] mj0.n3
[CLASS] sj.f
[CLASS] hx2.e
[CLASS] c70.h2
[CLASS] pq.x
[CLASS] bk.b
[CLASS] w60.i0
[CLASS] sn4.ro2
[CLASS] br.p4
[CLASS] a4.t
[CLASS] re4.f
[CLASS] [Lve5.i1;
[CLASS] sf5.h
[CLASS] pq.y
[CLASS] cp4.n
[CLASS] sn3.l0
[CLASS] bk.c
[CLASS] sw4.m
[CLASS] br.p5
[CLASS] rq4.r0
[CLASS] z03.a
[CLASS] xc5.u0
[CLASS] hi0.i
[CLASS] sf5.i
[CLASS] hx2.g
[CLASS] pr0.x0
[CLASS] r44.a
[CLASS] pq.z
[CLASS] cp4.o
[CLASS] l60.l0
[CLASS] [Lcx2.w0;
[CLASS] fh.f0
[CLASS] q50.f
[CLASS] a4.v
[CLASS] z03.b
[CLASS] ij1.l
[CLASS] o90.b0
[CLASS] sf5.j
[CLASS] yq1.k
[CLASS] z20.i
[CLASS] h25.c0
[CLASS] pr0.x1
[CLASS] r44.b
[CLASS] rg.o1
[CLASS] q35.e0
[CLASS] bk.e
[CLASS] t83.m
[CLASS] q50.g
[CLASS] fh.f1
[CLASS] z03.c
[CLASS] sf5.k
[CLASS] [Lw90.r3;
[CLASS] [Loi4.c;
[CLASS] z20.j
[CLASS] androidx.appcompat.widget.ActionBarOverlayLayout$LayoutParams
[CLASS] h25.c1
[CLASS] sn4.kw4
[CLASS] rg.o2
[CLASS] ur0.k0
[CLASS] r44.c
[CLASS] l50.m0
[CLASS] bk.f
[CLASS] q35.e1
[CLASS] io.flutter.plugin.common.MethodCodec
[CLASS] j70.q0
[CLASS] t83.n
[CLASS] [Ln90.b;
[CLASS] urgen.ur_E2DE.URS_88DA
[CLASS] ng1.t0
[CLASS] z70.a0
[CLASS] ij1.n
[CLASS] i74.a
[CLASS] ha0.h1
[CLASS] q50.h
[CLASS] sf5.l
[CLASS] z03.d
[CLASS] x90.e0
[CLASS] h25.c2
[CLASS] hx2.j
[CLASS] [Landroidx.appcompat.app.e0;
[CLASS] sj.k
[CLASS] cp4.r
[CLASS] a80.m5
[CLASS] bk.g
[CLASS] rg1.q
[CLASS] r44.d
[CLASS] rg.o3
[CLASS] pr0.x3
[CLASS] q50.i
[CLASS] t83.o
[CLASS] z03.e
[CLASS] ng1.t1
[CLASS] xe0.p1
[CLASS] i74.b
[CLASS] [Lw80.s3;
[CLASS] sf5.m
[CLASS] h25.c3
[CLASS] l50.m2
[CLASS] jw.l1
[CLASS] a80.m6
[CLASS] bk.h
[CLASS] r44.e
[CLASS] [Lc70.t2;
[CLASS] ae1.c0
[CLASS] ed0.a
[CLASS] q50.j
[CLASS] t83.p
[CLASS] [Ln90.d;
[CLASS] yo4.h
[CLASS] i74.c
[CLASS] h63.a
[CLASS] z03.f
[CLASS] sf5.n
[CLASS] h25.c4
[CLASS] [Lu15.u;
[CLASS] rg1.s
[CLASS] u15.w0
[CLASS] r44.f
[CLASS] t83.q
[CLASS] q50.k
[CLASS] l50.m3
[CLASS] o70.d1
[CLASS] z03.g
[CLASS] h63.b
[CLASS] az.l0
[CLASS] [Loi4.g;
[CLASS] [Lhr.b;
[CLASS] h25.c5
[CLASS] [Lj40.d0;
[CLASS] rg1.t
[CLASS] mo1.a
[CLASS] gf2.g
[CLASS] t83.r
[CLASS] vl1.d
[CLASS] hj.p2
[CLASS] h63.c
[CLASS] eu.e2
[CLASS] yq1.q
[CLASS] h25.c6
[CLASS] pr0.x7
[CLASS] mo1.b
[CLASS] rg1.u
[CLASS] gf2.h
[CLASS] ly.v0
[CLASS] y14.g2
[CLASS] vl1.e
[CLASS] hj.p3
[CLASS] sf5.q
[CLASS] fa0.n2
[CLASS] yq1.r
[CLASS] h25.c7
[CLASS] [Lhr.d;
[CLASS] pr0.x8
[CLASS] ds0.c2
[CLASS] pr1.d0
[CLASS] [Lok1.p;
[CLASS] rg1.v
[CLASS] op.c
[CLASS] io.flutter.plugin.common.JSONMessageCodec
[CLASS] qm.j
[CLASS] hj.p4
[CLASS] sf5.r
[CLASS] uz2.b
[CLASS] h25.c8
[CLASS] rg1.w
[CLASS] [Lnj0.o;
[CLASS] op.d
[CLASS] hj.p5
[CLASS] na0.i
[CLASS] [Lhr.f;
[CLASS] sf5.s
[CLASS] uz2.c
[CLASS] rg1.x
[CLASS] io.flutter.FlutterInjector$Builder
[CLASS] op.e
[CLASS] hj.p6
[CLASS] es2.e
[CLASS] na0.j
[CLASS] x70.g4
[CLASS] sf5.t
[CLASS] zs.z1
[CLASS] [Lcz0.h;
[CLASS] jz.q
[CLASS] rg1.y
[CLASS] pr1.d3
[CLASS] hj.p7
[CLASS] es2.f
[CLASS] [Lhr.h;
[CLASS] ir.j0
[CLASS] jz.r
[CLASS] rg1.z
[CLASS] pt3.n0
[CLASS] qm.n
[CLASS] hj.p8
[CLASS] sn4.od0
[CLASS] sn4.cj5
[CLASS] d43.z1
[CLASS] sf5.v
[CLASS] uz2.f
[CLASS] jz.s
[CLASS] urgen.ur_54A4.URS_6D9B
[CLASS] ft2.h5
[CLASS] [Lwt.g;
[CLASS] op.h
[CLASS] hj.p9
[CLASS] [Lj00.h0;
[CLASS] uz2.g
[CLASS] cf5.t0
[CLASS] jz.t
[CLASS] op.i
[CLASS] [Lkc3.a;
[CLASS] [Lmx1.p;
[CLASS] e30.e
[CLASS] kg.v1
[CLASS] com.tyun.yz.Rc4Util
[CLASS] sf5.x
[CLASS] com.catfish.newvip.core.VerifyHandler$OnVerifiedListener
[CLASS] uz2.h
[CLASS] h80.r
[CLASS] jz.u
[CLASS] op.j
[CLASS] e30.f
[CLASS] c12.z0
[CLASS] uz2.i
[CLASS] oa5.g30
[CLASS] eb3.f
[CLASS] h80.s
[CLASS] n00.i
[CLASS] jz.v
[CLASS] wj4.l1
[CLASS] e30.g
[CLASS] io.flutter.util.HandlerCompat
[CLASS] mm4.e
[CLASS] uz2.j
[CLASS] ms.e
[CLASS] eb3.g
[CLASS] h80.t
[CLASS] sn4.c61
[CLASS] n00.j
[CLASS] jz.w
[CLASS] wj4.l2
[CLASS] e13.a
[CLASS] mm4.f
[CLASS] uz2.k
[CLASS] ms.f
[CLASS] eb3.h
[CLASS] pr0.wa
[CLASS] sn4.at2
[CLASS] vj4.i
[CLASS] jz.x
[CLASS] r44.s
[CLASS] wj4.l3
[CLASS] qf5.j0
[CLASS] te4.x0
[CLASS] i74.q
[CLASS] mm4.g
[CLASS] eb3.i
[CLASS] sn4.at3
[CLASS] pr0.wb
[CLASS] androidx.appcompat.widget.q1
[CLASS] wj4.l4
[CLASS] e13.c
[CLASS] [Lc73.l1;
[CLASS] [Le01.a0;
[CLASS] eb3.j
[CLASS] pr0.wc
[CLASS] androidx.appcompat.widget.q2
[CLASS] e13.d
[CLASS] [Lyx.d0;
[CLASS] a95.p0
[CLASS] qw.f0
[CLASS] n23.b1
[CLASS] h80.x
[CLASS] vj4.l
[CLASS] [Lk40.h;
[CLASS] fi0.g0
[CLASS] [Lea0.c3;
[CLASS] [Lbh0.l;
[CLASS] i74.t
[CLASS] [Lwk.h0;
[CLASS] dr.o0
[CLASS] zx.a
[CLASS] ll3.h
[CLASS] na2.f0
[CLASS] [Lea0.c4;
[CLASS] oa5.l50
[CLASS] i74.u
[CLASS] fm2.o1
[CLASS] er.n3
[CLASS] zx.b
[CLASS] eb3.m
[CLASS] ix2.a
[CLASS] io.flutter.plugin.report.FlutterAnrReport
[CLASS] u83.f
[CLASS] i74.v
[CLASS] er.n4
[CLASS] d24.h0
[CLASS] e01.q2
[CLASS] i70.s1
[CLASS] ix2.b
[CLASS] u83.g
[CLASS] oe5.q0
[CLASS] dr.o3
[CLASS] i74.w
[CLASS] er.n5
[CLASS] [Lfq.g0;
[CLASS] e01.q3
[CLASS] ri.b
[CLASS] androidx.recyclerview.widget.p0
[CLASS] jh4.a
[CLASS] u83.h
[CLASS] e4.p2
[CLASS] tf5.f
[CLASS] [Lfq.g1;
[CLASS] iy.a
[CLASS] p23.x2
[CLASS] androidx.recyclerview.widget.p1
[CLASS] jh4.b
[CLASS] w90.g3
[CLASS] tw4.k
[CLASS] zo4.a
[CLASS] [Lzi2.j;
[CLASS] tf5.g
[CLASS] [Lzm.c;
[CLASS] p23.x3
[CLASS] androidx.recyclerview.widget.p2
[CLASS] [Lc64.g;
[CLASS] [Lsz.h;
[CLASS] kv.i
[CLASS] tw4.l
[CLASS] i74.z
[CLASS] tf5.h
[CLASS] yv.s0
[CLASS] gg1.l1
[CLASS] nr4.b0
[CLASS] r50.e
[CLASS] ps0.e
[CLASS] kv.j
[CLASS] tw4.m
[CLASS] ws4.d0
[CLASS] mj0.o3
[CLASS] pb1.a
[CLASS] c70.i2
[CLASS] iu.b1
[CLASS] qr4.a
[CLASS] w60.j0
[CLASS] fy2.d0
[CLASS] [Lbe5.j1;
[CLASS] br.q4
[CLASS] r50.f
[CLASS] tw4.n
[CLASS] [Lfx0.e0;
[CLASS] urgen.ur_0025.UR_65C4
[CLASS] ri0.c0
[CLASS] pb1.b
[CLASS] tf5.j
[CLASS] [Ly71.e;
[CLASS] [Lcg4.p;
[CLASS] qr4.b
[CLASS] rq4.s0
[CLASS] br.q5
[CLASS] ps0.g
[CLASS] tw4.o
[CLASS] xc5.v0
[CLASS] [Lw90.s1;
[CLASS] pb1.c
[CLASS] tf5.k
[CLASS] pr0.y0
[CLASS] l60.m0
[CLASS] pv1.a0
[CLASS] p44.b3
[CLASS] fh.g0
[CLASS] [Lfu.u;
[CLASS] [Lhy2.j0;
[CLASS] tf5.l
[CLASS] zx.k
[CLASS] [Lhm3.a0;
[CLASS] h25.d0
[CLASS] pr0.y1
[CLASS] rg.p1
[CLASS] q35.f0
[CLASS] p44.b4
[CLASS] fh.g1
[CLASS] zx.l
[CLASS] tf5.m
[CLASS] h25.d1
[CLASS] vm4.k3
[CLASS] a80.n4
[CLASS] rg.p2
[CLASS] aj.f
[CLASS] ur0.l0
[CLASS] j70.r0
[CLASS] qa5.a
[CLASS] ng1.u0
[CLASS] fd0.a
[CLASS] z70.b0
[CLASS] ha0.i1
[CLASS] am1.m
[CLASS] n30.j1
[CLASS] x90.f0
[CLASS] h25.d2
[CLASS] zq.o1
[CLASS] qr4.f
[CLASS] [Ldx.q;
[CLASS] a80.n5
[CLASS] [Ldz0.b;
[CLASS] bn2.p
[CLASS] aj.g
[CLASS] fd0.b
[CLASS] [Lgg1.x1;
[CLASS] xe0.q1
[CLASS] i63.b
[CLASS] h25.d3
[CLASS] i80.i
[CLASS] l50.n2
[CLASS] qr4.g
[CLASS] jw.m1
[CLASS] gv0.i
[CLASS] a80.n6
[CLASS] no1.a
[CLASS] ae1.d0
[CLASS] ue1.d0
[CLASS] [Lw60.v0;
[CLASS] fs2.a
[CLASS] i63.c
[CLASS] eu.f0
[CLASS] h25.d4
[CLASS] hd5.a
[CLASS] i80.j
[CLASS] l50.n3
[CLASS] qr4.h
[CLASS] no1.b
[CLASS] [Ldx.s;
[CLASS] u15.x0
[CLASS] tw4.u
[CLASS] rb5.m0
[CLASS] fs2.b
[CLASS] i63.d
[CLASS] androidx.fragment.app.Fragment
[CLASS] vz2.a
[CLASS] h25.d5
[CLASS] gv0.k
[CLASS] i80.k
[CLASS] no1.c
[CLASS] y14.h1
[CLASS] r93.l0
[CLASS] j74.g
[CLASS] fs2.c
[CLASS] [Lk23.r;
[CLASS] eu.f2
[CLASS] i63.e
[CLASS] h25.d6
[CLASS] pr0.y7
[CLASS] [Lbf3.v;
[CLASS] i80.l
[CLASS] gv0.l
[CLASS] [Lz90.l2;
[CLASS] ly.w0
[CLASS] y14.h2
[CLASS] tw4.w
[CLASS] hj.q3
[CLASS] j74.h
[CLASS] oa0.i
[CLASS] sn4.y45
[CLASS] h25.d7
[CLASS] pr0.y8
[CLASS] i80.m
[CLASS] gv0.m
[CLASS] ft2.i0
[CLASS] [Lvc1.h;
[CLASS] j74.i
[CLASS] [Lzt0.i2;
[CLASS] oa0.j
[CLASS] tf5.t
[CLASS] [Lz70.n0;
[CLASS] io.flutter.view.TextureRegistry
[CLASS] qr4.l
[CLASS] [Lvs.c;
[CLASS] wj4.b
[CLASS] hj.q5
[CLASS] rn_5292.rn_5293.rn_5294.rn_5531
[CLASS] oa0.k
[CLASS] tf5.u
[CLASS] [Lbf3.y;
[CLASS] qr4.m
[CLASS] [Lx5.d;
[CLASS] wj4.c
[CLASS] [Lvc1.j;
[CLASS] hp4.j$$a
[CLASS] hj.q6
[CLASS] [Lo90.l;
[CLASS] [Lp44.n7;
[CLASS] x70.h4
[CLASS] oa0.l
[CLASS] tf5.v
[CLASS] vw.b0
[CLASS] androidx.recyclerview.widget.a
[CLASS] [Ly71.q;
[CLASS] o00.f
[CLASS] [Lu91.e0;
[CLASS] pr1.e3
[CLASS] ft2.i3
[CLASS] no.f
[CLASS] ub.b
[CLASS] [Lk23.w;
[CLASS] oa0.m
[CLASS] nm4.b
[CLASS] ir.k0
[CLASS] androidx.recyclerview.widget.b
[CLASS] qr4.o
[CLASS] o00.g
[CLASS] pt3.o0
[CLASS] [Let.b;
[CLASS] hj.q8
[CLASS] f30.e
[CLASS] bb2.j1
[CLASS] ub.c
[CLASS] urgen.ur_0025.UR_B9B9
[CLASS] n4.a
[CLASS] androidx.recyclerview.widget.c
[CLASS] nm4.c
[CLASS] sn4.ck5
[CLASS] o00.h
[CLASS] no.h
[CLASS] g24.a
[CLASS] kg.w0
[CLASS] [Lk60.b1;
[CLASS] ub.d
[CLASS] cf5.u0
[CLASS] qr4.q
[CLASS] no.i
[CLASS] g24.b
[CLASS] urgen.ur_0025.UR_87ED
[CLASS] ub.e
[CLASS] org.chromium.net.impl.CronetEngineBuilderImpl
[CLASS] qr4.r
[CLASS] no.j
[CLASS] g24.c
[CLASS] ru2.d1
[CLASS] [Lc70.b;
[CLASS] bb2.j4
[CLASS] wj4.m1
[CLASS] qr4.s
[CLASS] cu3.w0
[CLASS] kj1.a
[CLASS] ub.g
[CLASS] lr.e
[CLASS] sn4.c71
[CLASS] fb3.i
[CLASS] wj4.m2
[CLASS] qr4.t
[CLASS] [Ljq.d0;
[CLASS] do3.c
[CLASS] se.a
[CLASS] v83.b
[CLASS] pl.s
[CLASS] [Lc70.d;
[CLASS] kj1.b
[CLASS] ub.h
[CLASS] [Ltv.e;
[CLASS] lr.f
[CLASS] pr0.xa
[CLASS] qr4.u
[CLASS] wj4.m3
[CLASS] do3.d
[CLASS] qf5.k0
[CLASS] v83.c
[CLASS] [Lo90.t;
[CLASS] pl.t
[CLASS] io.flutter.plugin.common.MethodChannel
[CLASS] kj1.c
[CLASS] ub.i
[CLASS] uf5.a
[CLASS] qr4.v
[CLASS] do3.e
[CLASS] bm1.a
[CLASS] v83.d
[CLASS] ju.a
[CLASS] pl.u
[CLASS] kj1.d
[CLASS] ub.j
[CLASS] uf5.b
[CLASS] pr0.xc
[CLASS] androidx.appcompat.widget.r2
[CLASS] [Liq.e1;
[CLASS] qr4.w
[CLASS] do3.f
[CLASS] a95.q0
[CLASS] [Lc73.m2;
[CLASS] t61.a
[CLASS] io.flutter.embedding.engine.renderer.FlutterRenderer$1
[CLASS] ju.b
[CLASS] kj1.e
[CLASS] n23.c1
[CLASS] org.chromium.net.NetworkChangeNotifierAutoDetect
[CLASS] jx2.a
[CLASS] fi0.h0
[CLASS] dr.p0
[CLASS] kj1.f
[CLASS] on2.r0
[CLASS] sn4.c76
[CLASS] sn4.au6
[CLASS] [Lb00.e0;
[CLASS] androidx.recyclerview.widget.l
[CLASS] [Lcw.e;
[CLASS] na2.g0
[CLASS] wg.l1
[CLASS] er.o3
[CLASS] kj1.g
[CLASS] uf5.e
[CLASS] ht.x1
[CLASS] lr.k
[CLASS] androidx.recyclerview.widget.m
[CLASS] jx2.c
[CLASS] op2.v
[CLASS] iw1.a
[CLASS] qr4.z
[CLASS] kh4.a
[CLASS] w90.h0
[CLASS] e4.q0
[CLASS] er.o4
[CLASS] kj1.h
[CLASS] uf5.f
[CLASS] i70.t1
[CLASS] lr.l
[CLASS] androidx.recyclerview.widget.n
[CLASS] iw1.b
[CLASS] qh.a
[CLASS] cn2.h
[CLASS] org.chromium.net.httpflags.ResolvedFlags$Value
[CLASS] qs0.c
[CLASS] e4.q1
[CLASS] t61.e
[CLASS] er.o5
[CLASS] [Lfq.h0;
[CLASS] androidx.recyclerview.widget.o
[CLASS] uf5.g
[CLASS] jx2.e
[CLASS] iw1.c
[CLASS] [Ljs.p0;
[CLASS] qh.b
[CLASS] [Lzs.a0;
[CLASS] cn2.i
[CLASS] e4.q2
[CLASS] t61.f
[CLASS] [Lfq.h1;
[CLASS] uf5.h
[CLASS] jx2.f
[CLASS] j80.b
[CLASS] p23.y2
[CLASS] qh.c
[CLASS] androidx.recyclerview.widget.q1
[CLASS] cn2.j
[CLASS] [Lzy0.n;
[CLASS] w90.h3
[CLASS] t61.g
[CLASS] qs0.e
[CLASS] uf5.i
[CLASS] jx2.g
[CLASS] op2.z
[CLASS] iw1.e
[CLASS] p23.y3
[CLASS] j80.c
[CLASS] rr4.a
[CLASS] [Lzs.a2;
[CLASS] f92.kd
[CLASS] cn2.k
[CLASS] [Ln90.q0;
[CLASS] t61.h
[CLASS] qh.d
[CLASS] l85.a
[CLASS] [Lau0.n;
[CLASS] [Laz.d;
[CLASS] uf5.j
[CLASS] yv.t0
[CLASS] jx2.h
[CLASS] iw1.f
[CLASS] gg1.m1
[CLASS] j80.d
[CLASS] rr4.b
[CLASS] qh.e
[CLASS] nr4.c0
[CLASS] w80.i3
[CLASS] [Lzy0.p;
[CLASS] sn4.h96
[CLASS] t61.i
[CLASS] iu.c0
[CLASS] eq4.a0
[CLASS] ws4.e0
[CLASS] [Lve5.k0;
[CLASS] uf5.k
[CLASS] tx0.t
[CLASS] lr.q
[CLASS] c70.j2
[CLASS] com.tyun.yz.yz_52tyun_com
[CLASS] [Lbn2.k3;
[CLASS] eq4.a1
[CLASS] jx2.i
[CLASS] iw1.g
[CLASS] j80.e
[CLASS] [Lba3.c1;
[CLASS] w60.k0
[CLASS] qh.f
[CLASS] br.r4
[CLASS] t61.j
[CLASS] qs0.h
[CLASS] cn2.m
[CLASS] cz1.g0
[CLASS] io.flutter.plugins.connectivity.ConnectivityPlugin
[CLASS] mj0.p4
[CLASS] ri0.d0
[CLASS] lr.r
[CLASS] [Ltv.q;
[CLASS] qh.g
[CLASS] hv0.f
[CLASS] uf5.l
[CLASS] [Lzy0.r;
[CLASS] br.r5
[CLASS] t61.k
[CLASS] xc5.w0
[CLASS] ok.a
[CLASS] sn4.yi5
[CLASS] nm4.u
[CLASS] te4.k
[CLASS] uf5.m
[CLASS] pr0.z0
[CLASS] jx2.k
[CLASS] [Ly60.f;
[CLASS] ja4.c1
[CLASS] rr4.e
[CLASS] pp2.a
[CLASS] l60.n0
[CLASS] do3.q
[CLASS] pv1.b0
[CLASS] [Lcx2.y0;
[CLASS] fh.h0
[CLASS] p44.c3
[CLASS] gd0.a
[CLASS] qh.h
[CLASS] hv0.g
[CLASS] ok.b
[CLASS] te4.l
[CLASS] h25.e0
[CLASS] pr0.z1
[CLASS] qh.i
[CLASS] [Lez0.b;
[CLASS] q35.g0
[CLASS] do3.r
[CLASS] pp2.b
[CLASS] bm1.n
[CLASS] fh.h1
[CLASS] t61.m
[CLASS] ym2.e
[CLASS] ok.c
[CLASS] j63.b
[CLASS] te4.m
[CLASS] h25.e1
[CLASS] zq.p0
[CLASS] [Lqi4.g;
[CLASS] jx2.m
[CLASS] ur0.m0
[CLASS] a80.o4
[CLASS] oo1.a
[CLASS] q35.g1
[CLASS] zn4.j$$a
[CLASS] [Llt0.t0;
[CLASS] j70.s0
[CLASS] bm1.o
[CLASS] gd0.c
[CLASS] pp2.c
[CLASS] ng1.v0
[CLASS] t61.n
[CLASS] qs0.l
[CLASS] ha0.j1
[CLASS] ym2.f
[CLASS] ok.d
[CLASS] j63.c
[CLASS] v83.r
[CLASS] z70.c0
[CLASS] x90.g0
[CLASS] h25.e2
[CLASS] zq.p1
[CLASS] id5.a
[CLASS] a80.o5
[CLASS] oo1.b
[CLASS] rr4.h
[CLASS] pp2.d
[CLASS] [Lc70.v1;
[CLASS] do3.t
[CLASS] qh.k
[CLASS] [Lhl4.f;
[CLASS] s50.m
[CLASS] xe0.r1
[CLASS] [Let.x;
[CLASS] ym2.g
[CLASS] v83.s
[CLASS] ok.e
[CLASS] k74.f
[CLASS] j63.d
[CLASS] te4.o
[CLASS] h25.e3
[CLASS] [Lvs.e2;
[CLASS] au2.v0
[CLASS] id5.b
[CLASS] jx2.o
[CLASS] a80.o6
[CLASS] rr4.i
[CLASS] [Lc70.v2;
[CLASS] do3.u
[CLASS] uh2.x
[CLASS] bm1.q
[CLASS] qh.l
[CLASS] wz2.a
[CLASS] s50.n
[CLASS] qs0.n
[CLASS] v83.t
[CLASS] ok.f
[CLASS] eu.g0
[CLASS] te4.p
[CLASS] h25.e4
[CLASS] androidx.recyclerview.widget.z
[CLASS] jx2.p
[CLASS] x41.p1
[CLASS] p00.b
[CLASS] rr4.j
[CLASS] u15.y0
[CLASS] pp2.f
[CLASS] cn2.t
[CLASS] uh2.y
[CLASS] bm1.r
[CLASS] s50.o
[CLASS] [Let.z;
[CLASS] ym2.i
[CLASS] ok.g
[CLASS] fr1.b
[CLASS] az.n0
[CLASS] h30.a0
[CLASS] te4.q
[CLASS] [Ltv.x;
[CLASS] h25.e5
[CLASS] hp.a0
[CLASS] wz2.c
[CLASS] jx2.q
[CLASS] [Lj40.f0;
[CLASS] p00.c
[CLASS] s33.i
[CLASS] rr4.k
[CLASS] oo1.e
[CLASS] cn2.u
[CLASS] pp2.g
[CLASS] r93.m0
[CLASS] [Lry.r;
[CLASS] w94.x
[CLASS] qs0.p
[CLASS] ok.h
[CLASS] fr1.c
[CLASS] eu.g2
[CLASS] r05.a
[CLASS] h25.e6
[CLASS] wz2.d
[CLASS] pr0.z7
[CLASS] jx2.r
[CLASS] p00.d
[CLASS] s33.j
[CLASS] sr0.s1
[CLASS] rr4.l
[CLASS] mn.b
[CLASS] oo1.f
[CLASS] pp2.h
[CLASS] y14.i2
[CLASS] w94.y
[CLASS] hj.r3
[CLASS] ok.i
[CLASS] wq.s0
[CLASS] fr1.d
[CLASS] fa0.p2
[CLASS] gs2.f
[CLASS] r05.b
[CLASS] h25.e7
[CLASS] com.catfish.newvip.util.\u06e3\u06e0\u06e2\u06e5
[CLASS] sn4.ws5
[CLASS] jx2.s
[CLASS] s33.k
[CLASS] rr4.m
[CLASS] oo1.g
[CLASS] bm1.u
[CLASS] qh.p
[CLASS] [Lgk3.i;
[CLASS] [Lry.t;
[CLASS] ok.j
[CLASS] rb5.n3
[CLASS] hj.r4
[CLASS] r05.c
[CLASS] rx2.b0
[CLASS] [Laz.p;
[CLASS] om4.a
[CLASS] [Lha0.v1;
[CLASS] [Llg.y;
[CLASS] jx2.t
[CLASS] oo1.h
[CLASS] bm1.v
[CLASS] s33.l
[CLASS] rr4.n
[CLASS] [Le9.w;
[CLASS] wz2.f
[CLASS] qs0.s
[CLASS] hj.r5
[CLASS] oz.a0
[CLASS] ok.k
[CLASS] r05.d
[CLASS] jx2.u
[CLASS] oo1.i
[CLASS] hc4.f
[CLASS] du2.o0
[CLASS] bm1.w
[CLASS] mn.e
[CLASS] rn_545.rn_546.rn_547.rn_5532
[CLASS] [Lry.v;
[CLASS] qs0.t
[CLASS] [Lp90.n;
[CLASS] ok.l
[CLASS] fr1.g
[CLASS] x70.i4
[CLASS] sn4.cl3
[CLASS] ta.a
[CLASS] vw.c0
[CLASS] r05.e
[CLASS] om4.c
[CLASS] jx2.v
[CLASS] pr1.f3
[CLASS] oo1.j
[CLASS] vh2.b
[CLASS] hj.r7
[CLASS] qs0.u
[CLASS] ok.m
[CLASS] fr1.h
[CLASS] bb2.k0
[CLASS] om4.d
[CLASS] r05.f
[CLASS] ir.l0
[CLASS] gb3.f
[CLASS] ft2.j4
[CLASS] qh.t
[CLASS] oo1.k
[CLASS] vh2.c
[CLASS] [Lbu2.e0;
[CLASS] [Lry.x;
[CLASS] qs0.v
[CLASS] [Lp90.p;
[CLASS] ok.n
[CLASS] fr1.i
[CLASS] om4.e
[CLASS] [Laz.t;
[CLASS] fr2.l1
[CLASS] m3.a
[CLASS] jx2.x
[CLASS] hc4.i
[CLASS] gb3.g
[CLASS] oo1.l
[CLASS] pp2.n
[CLASS] ft2.j5
[CLASS] [Lmt2.h;
[CLASS] [Lzf4.u;
[CLASS] io.flutter.plugins.pathprovider.PathProviderPlugin
[CLASS] [Lr5.k0;
[CLASS] ok.o
[CLASS] io.flutter.plugin.common.StandardMethodCodec
[CLASS] om4.f
[CLASS] [Lj00.j0;
[CLASS] m3.b
[CLASS] cf5.v0
[CLASS] gb3.h
[CLASS] oo1.m
[CLASS] pp2.o
[CLASS] [Lbt2.f0;
[CLASS] o0.i
[CLASS] vh2.e
[CLASS] kg.x1
[CLASS] [Lp90.r;
[CLASS] ok.p
[CLASS] m3.c
[CLASS] jx2.z
[CLASS] oo1.n
[CLASS] gb3.i
[CLASS] pp2.p
[CLASS] mn.j
[CLASS] o0.j
[CLASS] fp4.e
[CLASS] ok.q
[CLASS] bb2.k4
[CLASS] ux0.i
[CLASS] m3.d
[CLASS] gb3.j
[CLASS] wj4.n1
[CLASS] oo1.o
[CLASS] o0.k
[CLASS] rt2.f0
[CLASS] ok.r
[CLASS] kq.e
[CLASS] id5.o
[CLASS] m3.e
[CLASS] wj4.n2
[CLASS] pp2.r
[CLASS] [Lb30.c1;
[CLASS] oo1.p
[CLASS] mn.l
[CLASS] dn2.c
[CLASS] ok.s
[CLASS] [Lbu0.f;
[CLASS] ux0.k
[CLASS] kq.f
[CLASS] m3.f
[CLASS] id5.p
[CLASS] androidx.appcompat.widget.s0
[CLASS] pr0.ya
[CLASS] oo1.q
[CLASS] pp2.s
[CLASS] io.flutter.embedding.engine.FlutterEngine$1
[CLASS] [Lm40.i;
[CLASS] sn4.j04
[CLASS] mn.m
[CLASS] qf5.l0
[CLASS] te4.z0
[CLASS] wj4.n3
[CLASS] ok.t
[CLASS] [Lm23.c;
[CLASS] m3.g
[CLASS] id5.q
[CLASS] [La14.s;
[CLASS] [Ldf3.g;
[CLASS] oo1.r
[CLASS] kx2.a
[CLASS] [Lbv.b;
[CLASS] pp2.t
[CLASS] ok.u
[CLASS] om4.l
[CLASS] m3.h
[CLASS] id5.r
[CLASS] androidx.appcompat.widget.s2
[CLASS] kx2.b
[CLASS] pp2.u
[CLASS] a95.r0
[CLASS] ok.v
[CLASS] om4.m
[CLASS] vf5.e
[CLASS] m3.i
[CLASS] wz2.r
[CLASS] id5.s
[CLASS] kx2.c
[CLASS] pp2.v
[CLASS] [Lea0.e3;
[CLASS] dr.q0
[CLASS] ok.w
[CLASS] om4.n
[CLASS] on2.s0
[CLASS] wz2.s
[CLASS] m3.j
[CLASS] id5.t
[CLASS] b54.m0
[CLASS] kx2.d
[CLASS] pp2.w
[CLASS] na2.h0
[CLASS] [Lea0.e4;
[CLASS] wg.m1
[CLASS] [Lf75.h;
[CLASS] [Lt64.b0;
[CLASS] fm2.q1
[CLASS] er.p3
[CLASS] ok.x
[CLASS] om4.o
[CLASS] sn4.mp2
[CLASS] io.flutter.embedding.engine.systemchannels.AccessibilityChannel$1
[CLASS] vf5.g
[CLASS] lv0.g0
[CLASS] kx2.e
[CLASS] pp2.x
[CLASS] [Lqj0.d;
[CLASS] w90.i0
[CLASS] er.p4
[CLASS] d24.j0
[CLASS] om4.p
[CLASS] lj1.j
[CLASS] i70.u1
[CLASS] [Lan1.i0;
[CLASS] [Le23.m0;
[CLASS] vf5.h
[CLASS] id5.v
[CLASS] lv0.g1
[CLASS] pp2.y
[CLASS] pg.a
[CLASS] vd5.a0
[CLASS] dr.q3
[CLASS] t50.e
[CLASS] g30.s
[CLASS] om4.q
[CLASS] [Lfq.i0;
[CLASS] vf5.i
[CLASS] wz2.v
[CLASS] pg.b
[CLASS] jw1.e
[CLASS] pp2.z
[CLASS] p00.v
[CLASS] kx2.g
[CLASS] androidx.recyclerview.widget.r0
[CLASS] vd5.a1
[CLASS] w90.i2
[CLASS] t50.f
[CLASS] az1.c
[CLASS] g30.t
[CLASS] m85.a
[CLASS] om4.r
[CLASS] [Lfq.i1;
[CLASS] xv.e
[CLASS] vf5.j
[CLASS] androidx.activity.ComponentActivity
[CLASS] pg.c
[CLASS] p23.z2
[CLASS] p00.w
[CLASS] kx2.h
[CLASS] androidx.recyclerview.widget.r1
[CLASS] w90.i3
[CLASS] g30.u
[CLASS] zm2.a
[CLASS] mj0.q1
[CLASS] om4.s
[CLASS] vf5.k
[CLASS] [Lxk.c;
[CLASS] jw1.g
[CLASS] k80.e
[CLASS] [Lzv2.h;
[CLASS] p00.x
[CLASS] p23.z3
[CLASS] kx2.i
[CLASS] vd5.a3
[CLASS] sn4.rr0
[CLASS] androidx.recyclerview.widget.r2
[CLASS] ie1.a
[CLASS] zm2.b
[CLASS] g30.v
[CLASS] om4.t
[CLASS] wz2.y
[CLASS] yv.u0
[CLASS] gg1.n1
[CLASS] pg.e
[CLASS] p00.y
[CLASS] kx2.j
[CLASS] nr4.d0
[CLASS] w80.j3
[CLASS] bl0.j
[CLASS] br.s3
[CLASS] eq4.b0
[CLASS] ws4.f0
[CLASS] zm2.c
[CLASS] mj0.q3
[CLASS] om4.u
[CLASS] [Lve5.l0;
[CLASS] c70.k2
[CLASS] iu.d1
[CLASS] pg.f
[CLASS] jw1.i
[CLASS] p00.z
[CLASS] w60.l0
[CLASS] sr4.e
[CLASS] qp2.a
[CLASS] vf5.m
[CLASS] br.s4
[CLASS] hd0.a
[CLASS] wz2.z
[CLASS] [Lfx0.g0;
[CLASS] [Lq90.d;
[CLASS] fr1.z
[CLASS] om4.v
[CLASS] urgen.ur_54A4.UR_2D5C
[CLASS] jw1.j
[CLASS] pg.g
[CLASS] kx2.l
[CLASS] sr4.f
[CLASS] qp2.b
[CLASS] vf5.n
[CLASS] br.s5
[CLASS] hd0.b
[CLASS] xc5.x0
[CLASS] [Lmj0.a7;
[CLASS] zm2.e
[CLASS] [Lw90.u1;
[CLASS] om4.w
[CLASS] vm4.m1
[CLASS] pg.h
[CLASS] jw1.k
[CLASS] l60.o0
[CLASS] po1.a
[CLASS] qp2.c
[CLASS] q45.g1
[CLASS] fh.i0
[CLASS] hd0.c
[CLASS] [Lhy2.l0;
[CLASS] zm2.f
[CLASS] z90.b2
[CLASS] mj0.q6
[CLASS] om4.x
[CLASS] [Lqz2.n0;
[CLASS] h25.f0
[CLASS] vx0.g0
[CLASS] [Lct0.r1;
[CLASS] pg.i
[CLASS] rg.r1
[CLASS] urgen.ur_0025.UR_D6D4
[CLASS] q35.h0
[CLASS] po1.b
[CLASS] gw.g
[CLASS] bl0.n
[CLASS] hd0.d
[CLASS] zm2.g
[CLASS] [Lw80.v1;
[CLASS] nj.c
[CLASS] [Lw90.u3;
[CLASS] om4.y
[CLASS] lj1.s
[CLASS] h25.f1
[CLASS] zq.q0
[CLASS] pg.j
[CLASS] a80.p4
[CLASS] po1.c
[CLASS] ha0.k1
[CLASS] zm2.h
[CLASS] [Lq90.h;
[CLASS] nj.d
[CLASS] [Laa3.i;
[CLASS] om4.z
[CLASS] lj1.t
[CLASS] h25.f2
[CLASS] zq.q1
[CLASS] pg.k
[CLASS] rg.r3
[CLASS] a80.p5
[CLASS] oa5.up
[CLASS] qp2.f
[CLASS] xe0.s1
[CLASS] [Lfi1.b;
[CLASS] zm2.i
[CLASS] nj.e
[CLASS] lj1.u
[CLASS] ag5.a
[CLASS] h25.f3
[CLASS] qa0.i
[CLASS] l50.p2
[CLASS] p44.d7
[CLASS] o70.g0
[CLASS] rs0.p
[CLASS] k63.g
[CLASS] eu.h0
[CLASS] [Lm23.t;
[CLASS] h25.f4
[CLASS] qa0.j
[CLASS] x41.q1
[CLASS] pg.m
[CLASS] u15.z0
[CLASS] r11.f
[CLASS] ie1.j
[CLASS] vy.i
[CLASS] rs0.q
[CLASS] az.o0
[CLASS] h30.b0
[CLASS] k63.h
[CLASS] wc5.a0
[CLASS] h25.f5
[CLASS] io.flutter.embedding.engine.systemchannels.PlatformChannel
[CLASS] vx0.a
[CLASS] iw.p1
[CLASS] hb3.b
[CLASS] pg.n
[CLASS] bl0.s
[CLASS] lm.a
[CLASS] pt.r0
[CLASS] r93.n0
[CLASS] vy.j
[CLASS] rs0.r
[CLASS] [Lp44.p3;
[CLASS] k63.i
[CLASS] h25.f6
[CLASS] ez.f
[CLASS] [Lz90.n2;
[CLASS] q00.f
[CLASS] bl0.t
[CLASS] lm.b
[CLASS] y14.j2
[CLASS] hb3.c
[CLASS] pg.o
[CLASS] vy.k
[CLASS] pz.a0
[CLASS] wq.t0
[CLASS] fa0.q2
[CLASS] h25.f7
[CLASS] vx0.c
[CLASS] hb3.d
[CLASS] zs.y
[CLASS] [Ltq.b;
[CLASS] bl0.u
[CLASS] xr0.g0
[CLASS] rb5.o3
[CLASS] vy.l
[CLASS] hj.s4
[CLASS] k63.k
[CLASS] vx0.d
[CLASS] zs.z
[CLASS] [Ly15.b;
[CLASS] vy.m
[CLASS] oz.b0
[CLASS] k63.l
[CLASS] vx0.e
[CLASS] pg.r
[CLASS] qp2.m
[CLASS] [Lq73.i;
[CLASS] vy.n
[CLASS] y94.a
[CLASS] x70.j4
[CLASS] vw.d0
[CLASS] vx0.f
[CLASS] pr1.g3
[CLASS] a65.b
[CLASS] r11.l
[CLASS] pg.s
[CLASS] [Lnt2.h;
[CLASS] f92.n5
[CLASS] rd.z
[CLASS] h13.a
[CLASS] [Lhk3.n;
[CLASS] hj.s7
[CLASS] y94.b
[CLASS] ir.m0
[CLASS] [Let.b0;
[CLASS] wy1.i
[CLASS] vx0.g
[CLASS] pg.t
[CLASS] r11.m
[CLASS] pt3.q0
[CLASS] a65.c
[CLASS] ft2.k4
[CLASS] ie1.q
[CLASS] hj.s8
[CLASS] ww4.c
[CLASS] [Lcr.b;
[CLASS] wy1.j
[CLASS] vx0.h
[CLASS] a65.d
[CLASS] ft2.k5
[CLASS] pg.u
[CLASS] jp.a
[CLASS] [Lvn4.d;
[CLASS] [La20.t;
[CLASS] en2.a
[CLASS] ww4.d
[CLASS] urgen.ur_0025.UR_A060
[CLASS] a65.e
[CLASS] wy1.k
[CLASS] [Lbt2.g0;
[CLASS] cf5.w0
[CLASS] jp.b
[CLASS] ie1.s
[CLASS] ww4.e
[CLASS] [Lcr.d;
[CLASS] x83.c
[CLASS] [Lcu0.e;
[CLASS] a65.f
[CLASS] jp.c
[CLASS] hb3.k
[CLASS] h13.e
[CLASS] k63.r
[CLASS] [Le70.f;
[CLASS] ol3.h
[CLASS] a65.g
[CLASS] jp.d
[CLASS] qp2.s
[CLASS] sn4.ho2
[CLASS] [Lpr1.s2;
[CLASS] ie1.u
[CLASS] [Lcr.f;
[CLASS] a65.h
[CLASS] jp.e
[CLASS] wj4.o2
[CLASS] [Lxt0.y;
[CLASS] lx2.a
[CLASS] [Ln40.j;
[CLASS] en2.e
[CLASS] [La20.x;
[CLASS] ni5.a
[CLASS] qc.a
[CLASS] k63.t
[CLASS] ol3.j
[CLASS] a65.i
[CLASS] androidx.appcompat.widget.t0
[CLASS] pr0.za
[CLASS] jp.f
[CLASS] wj4.o3
[CLASS] qf5.m0
[CLASS] en2.f
[CLASS] [Lcr.h;
[CLASS] ol3.k
[CLASS] pr0.zb
[CLASS] a65.j
[CLASS] jp.g
[CLASS] hb3.o
[CLASS] io.flutter.embedding.engine.dart.DartMessenger$$a
[CLASS] lx2.c
[CLASS] kw1.a
[CLASS] [Ln40.l;
[CLASS] [Lrj0.b;
[CLASS] dm1.e
[CLASS] qc.c
[CLASS] en2.g
[CLASS] li0.f
[CLASS] ol3.l
[CLASS] hb3.p
[CLASS] jp.h
[CLASS] kw1.b
[CLASS] a95.s0
[CLASS] dm1.f
[CLASS] fo3.j
[CLASS] qc.d
[CLASS] h13.j
[CLASS] en2.h
[CLASS] [Lcr.j;
[CLASS] sn4.o30
[CLASS] n23.e1
[CLASS] a65.l
[CLASS] jp.i
[CLASS] hb3.q
[CLASS] by1.k0
[CLASS] sn4.ti2
[CLASS] dm1.g
[CLASS] cl0.e
[CLASS] bn2.a2
[CLASS] fo3.k
[CLASS] qw.i1
[CLASS] qc.e
[CLASS] fm2.r0
[CLASS] en2.i
[CLASS] on2.t0
[CLASS] b54.n0
[CLASS] hb3.r
[CLASS] ip2.h0
[CLASS] kw1.d
[CLASS] na2.i0
[CLASS] wu.a
[CLASS] be5.a0
[CLASS] jp.j
[CLASS] wg.n1
[CLASS] fo3.l
[CLASS] [Li74.e0;
[CLASS] h13.l
[CLASS] en2.j
[CLASS] u50.e
[CLASS] er.q3
[CLASS] [Lcr.l;
[CLASS] ve5.a0
[CLASS] of5.s0
[CLASS] [Ln23.i;
[CLASS] be5.a1
[CLASS] jp.k
[CLASS] kw1.e
[CLASS] fo3.m
[CLASS] w90.j0
[CLASS] ve5.a1
[CLASS] ss0.f
[CLASS] er.q4
[CLASS] d24.k0
[CLASS] e01.t2
[CLASS] i70.v1
[CLASS] a65.o
[CLASS] y7.c
[CLASS] wu.c
[CLASS] be5.a2
[CLASS] jp.l
[CLASS] kw1.f
[CLASS] [Lbc0.h;
[CLASS] [Lg42.b0;
[CLASS] oe5.t0
[CLASS] dr.r3
[CLASS] [Lcr.n;
[CLASS] er.q5
[CLASS] ig5.h0
[CLASS] io.flutter.view.VsyncWaiter$1
[CLASS] [Lfq.j0;
[CLASS] pn4.ag
[CLASS] a65.p
[CLASS] y7.d
[CLASS] wu.d
[CLASS] [Ljs.r0;
[CLASS] l80.e
[CLASS] kw1.g
[CLASS] androidx.recyclerview.widget.s0
[CLASS] oa5.vg
[CLASS] jv0.e
[CLASS] vd5.b1
[CLASS] w90.j2
[CLASS] yc4.p1
[CLASS] bn2.a6
[CLASS] e4.s2
[CLASS] jp.m
[CLASS] bz1.e
[CLASS] h30.v
[CLASS] [Lfq.j1;
[CLASS] wu.e
[CLASS] jp.n
[CLASS] l80.f
[CLASS] kw1.h
[CLASS] androidx.recyclerview.widget.s1
[CLASS] jv0.f
[CLASS] fv.a
[CLASS] w90.j3
[CLASS] bn2.a7
[CLASS] [Lcr.p;
[CLASS] uu2.m
[CLASS] zl1.a
[CLASS] h30.w
[CLASS] mj0.r1
[CLASS] y7.f
[CLASS] [Lys.d0;
[CLASS] jp.o
[CLASS] [Lbc0.k;
[CLASS] kw1.i
[CLASS] ib3.a1
[CLASS] jv0.g
[CLASS] w80.k2
[CLASS] vd5.b3
[CLASS] f92.md
[CLASS] androidx.recyclerview.widget.s2
[CLASS] [Lby1.w0;
[CLASS] id0.a
[CLASS] [Ln90.s0;
[CLASS] [Lpw.h;
[CLASS] uu2.n
[CLASS] zl1.b
[CLASS] bz1.g
[CLASS] l63.a
[CLASS] mj0.r2
[CLASS] yv.v0
[CLASS] eq4.c0
[CLASS] ah1.a
[CLASS] gg1.o1
[CLASS] iu.e0
[CLASS] [Lyt0.g;
[CLASS] kw1.j
[CLASS] lh1.a1
[CLASS] fv.c
[CLASS] w80.k3
[CLASS] jv0.h
[CLASS] br.t3
[CLASS] vd5.b4
[CLASS] bn2.a9
[CLASS] rp2.b
[CLASS] [Lcr.r;
[CLASS] [Lmj0.b5;
[CLASS] ws4.g0
[CLASS] bz1.h
[CLASS] h30.y
[CLASS] uu2.o
[CLASS] zl1.c
[CLASS] ux.a
[CLASS] c70.l2
[CLASS] wy1.z
[CLASS] eq4.c1
[CLASS] ah1.b
[CLASS] jp.q
[CLASS] jv0.i
[CLASS] w60.m0
[CLASS] qo1.a
[CLASS] rp2.c
[CLASS] p.g
[CLASS] q80.a0
[CLASS] bx4.b
[CLASS] br.t4
[CLASS] [Lxb0.b;
[CLASS] sn4.yk3
[CLASS] [Lpw.j;
[CLASS] uu2.p
[CLASS] ux.b
[CLASS] bz1.i
[CLASS] zl1.d
[CLASS] ah1.c
[CLASS] kd5.a
[CLASS] kw1.l
[CLASS] jv0.j
[CLASS] p34.f0
[CLASS] qo1.b
[CLASS] p.h
[CLASS] jp.r
[CLASS] is2.a
[CLASS] br.t5
[CLASS] io.flutter.embedding.engine.systemchannels.NavigationChannel$1
[CLASS] [Lcr.t;
[CLASS] zl1.e
[CLASS] ux.c
[CLASS] vm4.n1
[CLASS] is2.b
[CLASS] [Lpf1.c;
[CLASS] ah1.d
[CLASS] l60.p0
[CLASS] kw1.m
[CLASS] jv0.k
[CLASS] jp.s
[CLASS] qo1.c
[CLASS] q45.h1
[CLASS] fh.j0
[CLASS] urgen.ur_54A4.UR_6ABC
[CLASS] cz1.i2
[CLASS] urgen.ur_54A4.URS_FD2B
[CLASS] zl1.f
[CLASS] mj0.r6
[CLASS] is2.c
[CLASS] h25.g0
[CLASS] vx0.h0
[CLASS] [Ljn.o0;
[CLASS] [La80.a5;
[CLASS] ah1.e
[CLASS] jv0.l
[CLASS] q35.i0
[CLASS] jp.t
[CLASS] qo1.d
[CLASS] p34.f2
[CLASS] p.j
[CLASS] fh.j1
[CLASS] uu2.s
[CLASS] bg5.a
[CLASS] [Lum.b;
[CLASS] zl1.g
[CLASS] vm4.n3
[CLASS] is2.d
[CLASS] h25.g1
[CLASS] dy.a
[CLASS] ra0.i
[CLASS] zq.r0
[CLASS] a80.q4
[CLASS] jv0.m
[CLASS] qo1.e
[CLASS] ah1.f
[CLASS] kw1.o
[CLASS] p.k
[CLASS] ng1.x0
[CLASS] jp.u
[CLASS] ha0.l1
[CLASS] uu2.t
[CLASS] bg5.b
[CLASS] zl1.h
[CLASS] n30.m1
[CLASS] i30.a
[CLASS] h25.g2
[CLASS] dy.b
[CLASS] ra0.j
[CLASS] ib3.a
[CLASS] jv0.n
[CLASS] a80.q5
[CLASS] zq.r1
[CLASS] [Lc70.x1;
[CLASS] jw.p0
[CLASS] y7.m
[CLASS] oa5.x2
[CLASS] oa5.vp
[CLASS] io.flutter.embedding.engine.loader.ApplicationInfoLoader
[CLASS] xe0.t1
[CLASS] jp.a1
[CLASS] uu2.u
[CLASS] bg5.c
[CLASS] [Lry2.o;
[CLASS] m74.j
[CLASS] i30.b
[CLASS] sn4.wu1
[CLASS] h25.g3
[CLASS] au2.x0
[CLASS] ra0.k
[CLASS] jw.p1
[CLASS] ib3.b
[CLASS] y7.n
[CLASS] [Lc70.x2;
[CLASS] qo1.g
[CLASS] r00.e
[CLASS] o70.h0
[CLASS] l50.q2
[CLASS] yi3.a
[CLASS] is2.f
[CLASS] bg5.d
[CLASS] zl1.j
[CLASS] eu.i0
[CLASS] m74.k
[CLASS] qo1.f
[CLASS] h25.g4
[CLASS] qm4.a
[CLASS] ra0.l
[CLASS] [Lrh3.l;
[CLASS] x41.r1
[CLASS] ib3.c
[CLASS] jc4.e
[CLASS] gq0.c
[CLASS] [Lnz.j;
[CLASS] qo1.h
[CLASS] r00.f
[CLASS] p.n
[CLASS] yi3.b
[CLASS] [Lpq.a0;
[CLASS] gq0.b
[CLASS] [Ljl4.l;
[CLASS] uu2.w
[CLASS] urgen.ur_0025.UR_04B4
[CLASS] zl1.k
[CLASS] androidx.recyclerview.widget.RecyclerView
[CLASS] m74.l
[CLASS] bg5.e
[CLASS] h25.g5
[CLASS] urgen.ur_0025.URS_22CB
[CLASS] is2.h
[CLASS] y7.p
[CLASS] xy1.e
[CLASS] [Lj40.h0;
[CLASS] ib3.d
[CLASS] iw.q1
[CLASS] gq0.d
[CLASS] qo1.i
[CLASS] r00.g
[CLASS] pt.s0
[CLASS] y14.k1
[CLASS] r93.o0
[CLASS] uu2.x
[CLASS] ux.j
[CLASS] zl1.l
[CLASS] bg5.f
[CLASS] m74.m
[CLASS] [Lev1.a;
[CLASS] h25.g6
[CLASS] y7.q
[CLASS] xy1.f
[CLASS] ib3.e
[CLASS] jp.z
[CLASS] qo1.j
[CLASS] xh2.b
[CLASS] [Lrj0.u;
[CLASS] y14.k2
[CLASS] hp4.a
[CLASS] yi3.d
[CLASS] ux.k
[CLASS] wq.u0
[CLASS] [Lr90.o;
[CLASS] fa0.r2
[CLASS] h25.g7
[CLASS] bg5.g
[CLASS] wx0.e
[CLASS] ib3.f
[CLASS] [Lgt.a0;
[CLASS] qo1.k
[CLASS] a71.f
[CLASS] xh2.c
[CLASS] yi3.e
[CLASS] hp4.b
[CLASS] hj.t4
[CLASS] [Lrg2.d0;
[CLASS] xw4.a
[CLASS] bg5.h
[CLASS] gq0.g
[CLASS] ft2.l1
[CLASS] qo1.l
[CLASS] xh2.d
[CLASS] hp4.c
[CLASS] i13.a
[CLASS] hj.t5
[CLASS] oz.c0
[CLASS] [Ljl4.p;
[CLASS] cu.k1
[CLASS] [Lum.j;
[CLASS] [Lr90.q;
[CLASS] sn4.y77
[CLASS] y7.t
[CLASS] [Ld25.p;
[CLASS] ib0.j0
[CLASS] du2.q0
[CLASS] qo1.m
[CLASS] [Llt1.b0;
[CLASS] hp4.d
[CLASS] urgen.ur_0025.UR_37E9
[CLASS] hj.t6
[CLASS] x70.k4
[CLASS] qx1.a4
[CLASS] sn4.jf5
[CLASS] qo1.n
[CLASS] j24.e
[CLASS] i13.c
[CLASS] af4.i
[CLASS] [Lr90.s;
[CLASS] bb2.m0
[CLASS] [Lw81.c3;
[CLASS] ir.n0
[CLASS] ah1.p
[CLASS] [Lgg4.f;
[CLASS] qo1.o
[CLASS] p.u
[CLASS] hj.t8
[CLASS] [Lwp1.l;
[CLASS] fr2.n1
[CLASS] y7.w
[CLASS] ah1.q
[CLASS] qo1.p
[CLASS] p.v
[CLASS] vu2.b
[CLASS] af4.k
[CLASS] hr.o0
[CLASS] [Lf70.f;
[CLASS] y7.x
[CLASS] ah1.r
[CLASS] p.w
[CLASS] [Lr73.o;
[CLASS] vf0.e
[CLASS] hp4.h
[CLASS] vu2.c
[CLASS] xw4.g
[CLASS] nj1.e
[CLASS] [Lqs.b;
[CLASS] ah1.s
[CLASS] wz4.a0
[CLASS] mx2.a
[CLASS] qo1.r
[CLASS] i13.g
[CLASS] [Ltk1.b;
[CLASS] vu2.d
[CLASS] ah1.t
[CLASS] qo1.s
[CLASS] p.y
[CLASS] hp4.j
[CLASS] oi5.b
[CLASS] org.chromium.base.ApiCompatibilityUtils
[CLASS] ah1.u
[CLASS] n91.a
[CLASS] lw1.a
[CLASS] qo1.t
[CLASS] hp4.k
[CLASS] xq.c
[CLASS] i13.i
[CLASS] sn4.oh5
[CLASS] vu2.f
[CLASS] bg5.q
[CLASS] nj1.h
[CLASS] androidx.appcompat.widget.u0
[CLASS] wj4.p3
[CLASS] lw1.b
[CLASS] hp4.l
[CLASS] vu2.g
[CLASS] v50.c
[CLASS] [Ls5.f;
[CLASS] lw1.c
[CLASS] qo1.v
[CLASS] [Lr73.t;
[CLASS] hp4.m
[CLASS] i13.k
[CLASS] vu2.h
[CLASS] v50.d
[CLASS] [Le01.e0;
[CLASS] sn4.ax4
[CLASS] s34.x0
[CLASS] androidx.appcompat.widget.u2
[CLASS] nj1.j
[CLASS] io.flutter.embedding.engine.plugins.util.GeneratedPluginRegister
[CLASS] yz2.u
[CLASS] lw1.d
[CLASS] qo1.w
[CLASS] a95.t0
[CLASS] m80.b
[CLASS] hp4.n
[CLASS] vu2.i
[CLASS] v50.e
[CLASS] ts0.e
[CLASS] yz2.v
[CLASS] by1.l0
[CLASS] lw1.e
[CLASS] fi0.k0
[CLASS] [Lea0.g3;
[CLASS] m80.c
[CLASS] hp4.o
[CLASS] i13.m
[CLASS] qw.j1
[CLASS] fm2.s0
[CLASS] vu2.j
[CLASS] ts0.f
[CLASS] v50.f
[CLASS] on2.u0
[CLASS] dr.s0
[CLASS] be5.b0
[CLASS] yz2.w
[CLASS] lw1.f
[CLASS] [Lea0.g4;
[CLASS] m80.d
[CLASS] wg.o1
[CLASS] of5.t0
[CLASS] er.r3
[CLASS] v50.g
[CLASS] ts0.g
[CLASS] bg5.v
[CLASS] i70.w0
[CLASS] be5.b1
[CLASS] m80.e
[CLASS] ve5.b1
[CLASS] dr.s2
[CLASS] er.r4
[CLASS] d24.l0
[CLASS] v50.h
[CLASS] bg5.w
[CLASS] i70.w1
[CLASS] [Le23.o0;
[CLASS] be5.b2
[CLASS] yz2.y
[CLASS] jc4.x
[CLASS] kv0.f
[CLASS] z55.a$$a
[CLASS] ke5.e0
[CLASS] tq3.b
[CLASS] i13.p
[CLASS] bn2.b5
[CLASS] dr.s3
[CLASS] e4.t1
[CLASS] er.r5
[CLASS] bg5.x
[CLASS] oe5.u0
[CLASS] [Lfq.k0;
[CLASS] e01.u3
[CLASS] pn4.bg
[CLASS] yz2.z
[CLASS] [Lrg2.a;
[CLASS] androidx.recyclerview.widget.t0
[CLASS] kv0.g
[CLASS] g64.a3
[CLASS] tq3.c
[CLASS] vd5.c1
[CLASS] bn2.b6
[CLASS] jd0.a
[CLASS] [Lfq.k1;
[CLASS] m63.a
[CLASS] bh1.a
[CLASS] androidx.recyclerview.widget.t1
[CLASS] kv0.h
[CLASS] ur4.f
[CLASS] w90.k3
[CLASS] [Lpq2.a2;
[CLASS] [Ltk1.m;
[CLASS] bn2.b7
[CLASS] tq3.d
[CLASS] lt0.k0
[CLASS] androidx.recyclerview.widget.t2
[CLASS] ib3.b1
[CLASS] oa5.x30
[CLASS] w80.l2
[CLASS] ro1.a
[CLASS] ur4.g
[CLASS] vd5.c3
[CLASS] tq3.e
[CLASS] q90.a0
[CLASS] [Lby1.x0;
[CLASS] js2.a
[CLASS] yv.w0
[CLASS] iu.f0
[CLASS] gg1.p1
[CLASS] eq4.d0
[CLASS] ld5.a
[CLASS] lh1.b1
[CLASS] [Lrq4.g0;
[CLASS] w80.l3
[CLASS] ro1.b
[CLASS] ur4.h
[CLASS] br.u3
[CLASS] vd5.c4
[CLASS] nr4.f0
[CLASS] bn2.b9
[CLASS] tq3.f
[CLASS] ws4.h0
[CLASS] tw.a
[CLASS] gr.j
[CLASS] js2.b
[CLASS] c70.m2
[CLASS] iu.f1
[CLASS] eq4.d1
[CLASS] [Lba3.f1;
[CLASS] w60.n0
[CLASS] ld5.b
[CLASS] [Lmy.c;
[CLASS] [Lrq4.g1;
[CLASS] q80.b0
[CLASS] tq3.g
[CLASS] br.u4
[CLASS] ro1.c
[CLASS] io.flutter.plugin.common.MethodChannel$IncomingMethodCallHandler
[CLASS] jd0.e
[CLASS] [Lp32.g1;
[CLASS] tw.b
[CLASS] js2.c
[CLASS] ja4.f0
[CLASS] ld5.c
[CLASS] bh1.e
[CLASS] p34.g0
[CLASS] ro1.d
[CLASS] ur4.j
[CLASS] tq3.h
[CLASS] br.u5
[CLASS] dl0.p
[CLASS] tw.c
[CLASS] cz1.l
[CLASS] ce1.b0
[CLASS] l60.q0
[CLASS] bh1.f
[CLASS] ld5.d
[CLASS] urgen.ur_0025.UR_9234
[CLASS] q45.i1
[CLASS] pv1.e0
[CLASS] ur4.k
[CLASS] tq3.i
[CLASS] eu.f
[CLASS] androidx.fragment.app.FragmentContainerView
[CLASS] fh.k0
[CLASS] [Lhy2.n0;
[CLASS] o90.g0
[CLASS] cz1.j2
[CLASS] jd0.g
[CLASS] z90.d2
[CLASS] tw.d
[CLASS] by0.k
[CLASS] h25.h0
[CLASS] vx0.i0
[CLASS] [Ljn.p0;
[CLASS] sa0.j
[CLASS] rg.t1
[CLASS] bh1.g
[CLASS] q35.j0
[CLASS] ld5.e
[CLASS] [Lmy.f;
[CLASS] sn4.rt5
[CLASS] ur4.l
[CLASS] tq3.j
[CLASS] p44.f4
[CLASS] io.flutter.plugins.connectivity.ConnectivityMethodChannelHandler
[CLASS] jd0.h
[CLASS] tw.e
[CLASS] gr.n
[CLASS] bf4.a
[CLASS] by0.l
[CLASS] h25.h1
[CLASS] nj1.w
[CLASS] u05.b
[CLASS] [La80.b6;
[CLASS] a80.r4
[CLASS] q35.j1
[CLASS] sa0.k
[CLASS] ld5.f
[CLASS] ur4.m
[CLASS] tq3.k
[CLASS] rg.t2
[CLASS] ng1.y0
[CLASS] z70.f0
[CLASS] ha0.m1
[CLASS] [Lp32.g5;
[CLASS] tw.f
[CLASS] bf4.b
[CLASS] h25.h2
[CLASS] zq.s1
[CLASS] nj1.x
[CLASS] sa0.l
[CLASS] e24.k0
[CLASS] a80.r5
[CLASS] jw.q0
[CLASS] androidx.window.embedding.SplitPairRule
[CLASS] ld5.g
[CLASS] oa5.y2
[CLASS] ur4.n
[CLASS] tq3.l
[CLASS] av2.e
[CLASS] xe0.u1
[CLASS] rg.t3
[CLASS] bh1.i
[CLASS] jp.b1
[CLASS] tw.g
[CLASS] oa5.wp
[CLASS] js2.g
[CLASS] h25.h3
[CLASS] au2.y0
[CLASS] [Lvs.h2;
[CLASS] jw.q1
[CLASS] [Lgw2.b;
[CLASS] l50.r2
[CLASS] ld5.h
[CLASS] bh1.j
[CLASS] ur4.o
[CLASS] tq3.m
[CLASS] av2.f
[CLASS] p44.f7
[CLASS] io.flutter.plugins.flutter.keyboard.patched.PatchedFlutterKeyboardVisibilityPlugin
[CLASS] tw.h
[CLASS] uy3.a0
[CLASS] bf4.d
[CLASS] h25.h4
[CLASS] bh1.k
[CLASS] jb3.e
[CLASS] kv0.r
[CLASS] ld5.i
[CLASS] ur4.p
[CLASS] tq3.n
[CLASS] oz4.z
[CLASS] av2.g
[CLASS] k24.a
[CLASS] tw.i
[CLASS] bf4.e
[CLASS] j30.f
[CLASS] h25.h5
[CLASS] js2.j
[CLASS] hp.d0
[CLASS] cx.e
[CLASS] c65.a
[CLASS] bh1.l
[CLASS] iw.r1
[CLASS] jb3.f
[CLASS] kv0.s
[CLASS] ld5.j
[CLASS] s00.i
[CLASS] ur4.q
[CLASS] tq3.o
[CLASS] io.flutter.embedding.engine.systemchannels.LocalizationChannel
[CLASS] tw.j
[CLASS] cz1.s
[CLASS] yw4.a
[CLASS] np.protect.\u06e2\u06e8\u06e5\u06e8
[CLASS] h25.h6
[CLASS] bh1.m
[CLASS] [Lz90.p2;
[CLASS] jb3.g
[CLASS] kv0.t
[CLASS] ld5.k
[CLASS] s00.j
[CLASS] ur4.r
[CLASS] org.chromium.net.NetworkChangeNotifierJni$1
[CLASS] y14.l2
[CLASS] tq3.p
[CLASS] io.flutter.embedding.engine.MMFlutterEngineGroup$Options
[CLASS] pz.c0
[CLASS] tw.k
[CLASS] wq.v0
[CLASS] fa0.s2
[CLASS] org.chromium.base.EarlyTraceEvent
[CLASS] h25.h7
[CLASS] yw4.b
[CLASS] sa0.q
[CLASS] [Ldu2.b0;
[CLASS] bh1.n
[CLASS] ld5.l
[CLASS] kv0.u
[CLASS] s00.k
[CLASS] ur4.s
[CLASS] tq3.q
[CLASS] a60.f
[CLASS] [Ln71.b0;
[CLASS] eu.n
[CLASS] rb5.q3
[CLASS] bf4.h
[CLASS] yw4.c
[CLASS] [Lha0.y1;
[CLASS] sa0.r
[CLASS] [Lvi.p;
[CLASS] xx0.h
[CLASS] kv0.v
[CLASS] ld5.m
[CLASS] ur4.t
[CLASS] s00.l
[CLASS] tq3.r
[CLASS] [Lp40.f;
[CLASS] oj1.a
[CLASS] k24.e
[CLASS] io.flutter.embedding.engine.FlutterJNI$Factory
[CLASS] oz.d0
[CLASS] cu.l1
[CLASS] hj.u5
[CLASS] v50.y
[CLASS] ym.b
[CLASS] [Lg70.d;
[CLASS] sa0.s
[CLASS] oj1.b
[CLASS] ld5.n
[CLASS] [Lzt0.v;
[CLASS] ur4.u
[CLASS] tq3.s
[CLASS] hj.u6
[CLASS] v50.z
[CLASS] x70.l4
[CLASS] qx1.b4
[CLASS] vw.f0
[CLASS] oj1.c
[CLASS] ft2.m3
[CLASS] ld5.o
[CLASS] urgen.ur_2BA9.UR_C8FE
[CLASS] ur4.v
[CLASS] tq3.t
[CLASS] eu.q
[CLASS] [Lej.n;
[CLASS] j13.e
[CLASS] bf4.k
[CLASS] bb2.n0
[CLASS] [Let.d0;
[CLASS] oj1.d
[CLASS] sa0.u
[CLASS] yf5.b
[CLASS] ld5.p
[CLASS] kv0.y
[CLASS] rz.i
[CLASS] ur4.w
[CLASS] wf0.e
[CLASS] tq3.u
[CLASS] j13.f
[CLASS] eu.r
[CLASS] tw.p
[CLASS] [Lw71.e2;
[CLASS] bf4.l
[CLASS] ql3.i
[CLASS] oj1.e
[CLASS] [Lyh2.m0;
[CLASS] ld5.q
[CLASS] kv0.z
[CLASS] rz.j
[CLASS] ur4.x
[CLASS] nx2.a
[CLASS] wf0.f
[CLASS] tq3.v
[CLASS] j13.g
[CLASS] eu.s
[CLASS] cb3.q0
[CLASS] hr.p0
[CLASS] ql3.j
[CLASS] a43.e
[CLASS] oj1.f
[CLASS] yf5.d
[CLASS] ld5.r
[CLASS] rz.k
[CLASS] ur4.y
[CLASS] tq3.w
[CLASS] b71.n
[CLASS] eu.t
[CLASS] [Lk60.f2;
[CLASS] bf4.n
[CLASS] ym.g
[CLASS] ql3.k
[CLASS] ld5.s
[CLASS] nx2.c
[CLASS] rz.l
[CLASS] tq3.x
[CLASS] eu.u
[CLASS] mw1.a
[CLASS] f92.p9
[CLASS] vt1.d
[CLASS] bf4.o
[CLASS] ym.h
[CLASS] ql3.l
[CLASS] wj4.q1
[CLASS] j0.d
[CLASS] ld5.t
[CLASS] [Lm30.c2;
[CLASS] tq3.y
[CLASS] eu.v
[CLASS] b71.p
[CLASS] [Lej.s;
[CLASS] yf5.g
[CLASS] [Lb30.f1;
[CLASS] ld5.u
[CLASS] tq3.z
[CLASS] eu.w
[CLASS] b71.q
[CLASS] zt4.y1
[CLASS] oa.a
[CLASS] androidx.appcompat.widget.v0
[CLASS] [Lgw2.p;
[CLASS] wj4.q3
[CLASS] ld5.v
[CLASS] eu.x
[CLASS] k24.n
[CLASS] dz1.b
[CLASS] ub1.a
[CLASS] i74.q$$a
[CLASS] ld5.w
[CLASS] eu.y
[CLASS] vr4.a
[CLASS] bn2.c0
[CLASS] [Lwm3.l;
[CLASS] org.chromium.net.impl.NativeCronetEngineBuilderImpl
[CLASS] w50.f
[CLASS] fq.a
[CLASS] ql3.p
[CLASS] [Lgw2.r;
[CLASS] a95.u0
[CLASS] eu.z
[CLASS] [Lc73.q2;
[CLASS] vr4.b
[CLASS] [Lkf3.e0;
[CLASS] bf4.t
[CLASS] fq.b
[CLASS] ym.m
[CLASS] wu2.k
[CLASS] w50.g
[CLASS] p85.b
[CLASS] ql3.q
[CLASS] fi0.l0
[CLASS] uq3.a
[CLASS] bn2.c2
[CLASS] qw.k1
[CLASS] bf4.u
[CLASS] fq.c
[CLASS] ym.n
[CLASS] on2.v0
[CLASS] w50.h
[CLASS] dr.t0
[CLASS] ql3.r
[CLASS] be5.c0
[CLASS] w5.a
[CLASS] j0.j
[CLASS] ta0.b
[CLASS] wg.p1
[CLASS] ve5.c0
[CLASS] pw.l0
[CLASS] of5.u0
[CLASS] er.s3
[CLASS] bf4.v
[CLASS] fq.d
[CLASS] ym.o
[CLASS] i70.x0
[CLASS] urgen.ur_0025.UR_1295
[CLASS] p85.d
[CLASS] [Lp23.m;
[CLASS] be5.c1
[CLASS] ta0.c
[CLASS] kc4.y
[CLASS] tp2.a
[CLASS] ve5.c1
[CLASS] [Le31.g;
[CLASS] er.s4
[CLASS] [Lh64.m;
[CLASS] fq.e
[CLASS] ym.p
[CLASS] dr.t2
[CLASS] i70.x1
[CLASS] p85.e
[CLASS] [Lwm1.g2;
[CLASS] be5.c2
[CLASS] w5.c
[CLASS] ch1.a
[CLASS] [Lmb3.c0;
[CLASS] ke5.f0
[CLASS] ta0.d
[CLASS] cr.u1
[CLASS] e4.u1
[CLASS] dr.t3
[CLASS] er.s5
[CLASS] oe5.v0
[CLASS] bf4.x
[CLASS] fq.f
[CLASS] [Lfq.l0;
[CLASS] cy0.f
[CLASS] ym.q
[CLASS] ta0.e
[CLASS] w5.d
[CLASS] j0.m
[CLASS] md.b
[CLASS] vd5.d1
[CLASS] f92.ob
[CLASS] w90.l2
[CLASS] bn2.c6
[CLASS] ti0.b0
[CLASS] [Lre5.z;
[CLASS] yj1.t0
[CLASS] [Lfq.l1;
[CLASS] fq.g
[CLASS] mj0.t0
[CLASS] p85.g
[CLASS] md.c
[CLASS] n80.j
[CLASS] md5.a
[CLASS] w90.l3
[CLASS] vd5.d2
[CLASS] bn2.c7
[CLASS] so1.b
[CLASS] mj0.t1
[CLASS] fq.h
[CLASS] sn4.o56
[CLASS] pn4.ci
[CLASS] lt0.l0
[CLASS] p85.h
[CLASS] te5.i0
[CLASS] androidx.recyclerview.widget.u2
[CLASS] ib3.c1
[CLASS] md.d
[CLASS] md5.b
[CLASS] w80.m2
[CLASS] ar.w0
[CLASS] so1.c
[CLASS] [Ln90.u0;
[CLASS] bn2.c8
[CLASS] [Lkk3.e;
[CLASS] mj0.t2
[CLASS] fq.i
[CLASS] yv.x0
[CLASS] iu.g0
[CLASS] gg1.q1
[CLASS] [Lq34.t;
[CLASS] eq4.e0
[CLASS] lh1.c1
[CLASS] [Lrq4.h0;
[CLASS] md.e
[CLASS] vd5.d4
[CLASS] so1.d
[CLASS] br.v3
[CLASS] md5.c
[CLASS] p85.i
[CLASS] yf5.r
[CLASS] ws4.i0
[CLASS] sv.a
[CLASS] dg5.a
[CLASS] [Lbn2.o3;
[CLASS] c70.n2
[CLASS] p85.j
[CLASS] yf5.s
[CLASS] [Lcu0.t0;
[CLASS] zy1.a
[CLASS] w60.o0
[CLASS] md5.d
[CLASS] iu.g1
[CLASS] w80.m4
[CLASS] q80.c0
[CLASS] br.v4
[CLASS] so1.e
[CLASS] tp2.g
[CLASS] sv.b
[CLASS] mj0.t4
[CLASS] [Lty2.n;
[CLASS] p85.k
[CLASS] zy1.b
[CLASS] [Leo2.g0;
[CLASS] n80.n
[CLASS] tp2.h
[CLASS] dt.e
[CLASS] br.v5
[CLASS] so1.f
[CLASS] cf4.a
[CLASS] kg.a
[CLASS] [Lws.h0;
[CLASS] org.xwalk.core.XWalkEnvironment
[CLASS] k30.b
[CLASS] us.j
[CLASS] l60.r0
[CLASS] androidx.activity.result.b
[CLASS] zy1.c
[CLASS] q45.j1
[CLASS] pv1.f0
[CLASS] md5.f
[CLASS] fh.l0
[CLASS] androidx.activity.OnBackPressedDispatcher$LifecycleOnBackPressedCancellable
[CLASS] p85.l
[CLASS] io.flutter.plugin.common.StandardMessageCodec
[CLASS] o90.h0
[CLASS] cz1.k2
[CLASS] z90.e2
[CLASS] cf4.b
[CLASS] [Lty2.p;
[CLASS] vx0.j0
[CLASS] k30.c
[CLASS] h25.i0
[CLASS] us.k
[CLASS] androidx.activity.result.c
[CLASS] q35.k0
[CLASS] zy1.d
[CLASS] kb3.c
[CLASS] sm4.a
[CLASS] p85.m
[CLASS] kg.b
[CLASS] rg.u1
[CLASS] bv2.e
[CLASS] x44.n
[CLASS] [Laz1.a1;
[CLASS] n30.o0
[CLASS] fq.n
[CLASS] h25.i1
[CLASS] jr1.f
[CLASS] s40.a0
[CLASS] kg.c
[CLASS] us.l
[CLASS] a80.s4
[CLASS] zy1.e
[CLASS] p85.n
[CLASS] rg.u2
[CLASS] p44.g5
[CLASS] x44.o
[CLASS] ng1.z0
[CLASS] ha0.n1
[CLASS] fq.o
[CLASS] [Lty2.r;
[CLASS] [Lsk.c;
[CLASS] h25.i2
[CLASS] jr1.g
[CLASS] [Lvs.i1;
[CLASS] us.m
[CLASS] e24.l0
[CLASS] a80.s5
[CLASS] androidx.activity.result.e
[CLASS] jw.r0
[CLASS] zy1.f
[CLASS] kg.d
[CLASS] tp2.l
[CLASS] x44.p
[CLASS] p85.o
[CLASS] au1.e
[CLASS] xe0.v1
[CLASS] yf5.x
[CLASS] jp.c1
[CLASS] w50.u
[CLASS] fq.p
[CLASS] h25.i3
[CLASS] jr1.h
[CLASS] do3.d5
[CLASS] l50.s2
[CLASS] us.n
[CLASS] androidx.activity.result.f
[CLASS] yx0.e
[CLASS] jw.r1
[CLASS] yf5.y
[CLASS] [Lc70.z2;
[CLASS] p44.g7
[CLASS] t00.i
[CLASS] mv0.i2
[CLASS] w50.v
[CLASS] dg5.h
[CLASS] fq.q
[CLASS] h25.i4
[CLASS] [Lz10.f;
[CLASS] mu4.o
[CLASS] us.o
[CLASS] org.chromium.base.compat.ApiHelperForM
[CLASS] eu.k0
[CLASS] kg.f
[CLASS] qy.b
[CLASS] t00.j
[CLASS] [Lt73.j;
[CLASS] az.r0
[CLASS] fq.r
[CLASS] dg5.i
[CLASS] fa0.t0
[CLASS] h25.i5
[CLASS] jr1.j
[CLASS] [Lj40.j0;
[CLASS] us.p
[CLASS] iw.s1
[CLASS] androidx.activity.result.h
[CLASS] ds0.i0
[CLASS] p85.r
[CLASS] io.flutter.plugin.common.StringCodec
[CLASS] t00.k
[CLASS] qy.c
[CLASS] bn2.ba
[CLASS] k13.b
[CLASS] w50.x
[CLASS] fq.s
[CLASS] h25.i6
[CLASS] jr1.k
[CLASS] sn4.jh1
[CLASS] c54.b
[CLASS] androidx.activity.result.i
[CLASS] org.chromium.base.compat.ApiHelperForO
[CLASS] sr0.w1
[CLASS] y14.m2
[CLASS] qy.d
[CLASS] k13.c
[CLASS] pz.d0
[CLASS] wq.w0
[CLASS] fa0.t2
[CLASS] w50.y
[CLASS] fq.t
[CLASS] h25.i7
[CLASS] jr1.l
[CLASS] c54.c
[CLASS] org.chromium.base.compat.ApiHelperForP
[CLASS] [Lhf3.d;
[CLASS] qy.e
[CLASS] rb5.r3
[CLASS] hn2.b
[CLASS] k13.d
[CLASS] w50.z
[CLASS] fq.u
[CLASS] dg5.l
[CLASS] io.flutter.plugin.common.JSONMethodCodec
[CLASS] qz4.c
[CLASS] py3.a
[CLASS] hj.v5
[CLASS] oz.e0
[CLASS] cu.m1
[CLASS] xf1.a1
[CLASS] fq.v
[CLASS] qx1.c3
[CLASS] mu4.t
[CLASS] k30.l
[CLASS] androidx.activity.ComponentActivity$$a
[CLASS] as4.e
[CLASS] [Lpq4.d;
[CLASS] ib0.l0
[CLASS] qz4.d
[CLASS] [Llt1.d0;
[CLASS] py3.b
[CLASS] xf0.e
[CLASS] hj.v6
[CLASS] [Lj75.d;
[CLASS] x70.m4
[CLASS] fq.w
[CLASS] qx1.c4
[CLASS] vw.g0
[CLASS] mu4.u
[CLASS] k30.m
[CLASS] androidx.activity.ComponentActivity$$b
[CLASS] qz4.e
[CLASS] io.flutter.embedding.engine.FlutterEngine
[CLASS] hj.v7
[CLASS] sv.o
[CLASS] fq.x
[CLASS] dg5.o
[CLASS] urgen.ur_54A4.UR_0EBA
[CLASS] ir.p0
[CLASS] mu4.v
[CLASS] androidx.activity.ComponentActivity$$c
[CLASS] bw.k
[CLASS] ft2.n4
[CLASS] [Lbl.h;
[CLASS] as4.g
[CLASS] hj.v8
[CLASS] ij.g
[CLASS] sv.p
[CLASS] fq.y
[CLASS] dg5.p
[CLASS] fr2.p1
[CLASS] mu4.w
[CLASS] ft2.n5
[CLASS] a32.d
[CLASS] as4.h
[CLASS] androidx.recyclerview.widget.RecyclerView$LayoutParams
[CLASS] nw1.a
[CLASS] k13.i
[CLASS] rn_1292.rn_1293.rn_1294.rn_2175
[CLASS] cb3.r0
[CLASS] sv.q
[CLASS] fq.z
[CLASS] hr.q0
[CLASS] dg5.q
[CLASS] jr1.r
[CLASS] mu4.x
[CLASS] b43.g
[CLASS] as4.i
[CLASS] nw1.b
[CLASS] k13.j
[CLASS] sv.r
[CLASS] jr1.s
[CLASS] mu4.y
[CLASS] oi0.g
[CLASS] ye4.e
[CLASS] b43.h
[CLASS] nw1.c
[CLASS] [Lhf3.k;
[CLASS] z55.a
[CLASS] [Lqn.i;
[CLASS] ez1.a
[CLASS] jr1.t
[CLASS] ye4.f
[CLASS] b43.i
[CLASS] as4.k
[CLASS] nw1.d
[CLASS] [Lpr1.v2;
[CLASS] o80.b
[CLASS] z55.b
[CLASS] u73.l0
[CLASS] com.tyun.yz.Dialog.DialogUtils
[CLASS] jr1.u
[CLASS] ez1.b
[CLASS] [Lfb4.b;
[CLASS] [Loq.d;
[CLASS] kb3.s
[CLASS] o80.c
[CLASS] wr4.a
[CLASS] an1.a0
[CLASS] wt1.h
[CLASS] cf4.s
[CLASS] vs0.f
[CLASS] androidx.appcompat.widget.w0
[CLASS] wj4.r3
[CLASS] as4.m
[CLASS] fj3.a
[CLASS] o80.d
[CLASS] wr4.b
[CLASS] z55.d
[CLASS] dg5.v
[CLASS] cf4.t
[CLASS] ar3.i1
[CLASS] sn4.az3
[CLASS] vs0.g
[CLASS] ez1.d
[CLASS] wt1.i
[CLASS] q85.b
[CLASS] fj3.b
[CLASS] kb3.u
[CLASS] o80.e
[CLASS] vq3.a
[CLASS] bn2.d0
[CLASS] z55.e
[CLASS] androidx.appcompat.widget.ContentFrameLayout
[CLASS] [Ldo2.i0;
[CLASS] dg5.w
[CLASS] cf4.u
[CLASS] kg.u
[CLASS] s34.z0
[CLASS] q85.c
[CLASS] fj3.c
[CLASS] a95.v0
[CLASS] o80.f
[CLASS] b60.t
[CLASS] z55.f
[CLASS] qw.l0
[CLASS] cf4.v
[CLASS] x50.i
[CLASS] kg.v
[CLASS] q85.d
[CLASS] fi0.m0
[CLASS] [Lea0.i3;
[CLASS] bn2.d2
[CLASS] qw.l1
[CLASS] fm2.u0
[CLASS] dr.u0
[CLASS] cf4.w
[CLASS] on2.w0
[CLASS] ez1.g
[CLASS] sn4.az6
[CLASS] ip2.k0
[CLASS] kg.w
[CLASS] q85.e
[CLASS] fj3.e
[CLASS] [Lea0.i4;
[CLASS] dh1.a
[CLASS] be5.d0
[CLASS] wg.q1
[CLASS] pw.m0
[CLASS] er.t3
[CLASS] of5.v0
[CLASS] cf4.x
[CLASS] i70.y0
[CLASS] kg.x
[CLASS] be5.d1
[CLASS] lv0.k0
[CLASS] fj3.f
[CLASS] urgen.ur_0025.UR_D52B
[CLASS] to1.a
[CLASS] ex4.b
[CLASS] dr.u2
[CLASS] er.t4
[CLASS] cf4.y
[CLASS] i70.y1
[CLASS] [Le23.q0;
[CLASS] ez1.i
[CLASS] kg.y
[CLASS] [Lh70.t;
[CLASS] q85.g
[CLASS] vb1.h
[CLASS] be5.d2
[CLASS] g64.c2
[CLASS] ke5.g0
[CLASS] cr.v1
[CLASS] to1.b
[CLASS] dr.u3
[CLASS] ex4.c
[CLASS] er.t5
[CLASS] oe5.w0
[CLASS] [Lfq.m0;
[CLASS] [Luy2.k;
[CLASS] urgen.ur_54A4.UR_E667
[CLASS] ls2.b
[CLASS] q85.h
[CLASS] nd5.b
[CLASS] vd5.e1
[CLASS] w90.m2
[CLASS] zh2.x
[CLASS] b60.y
[CLASS] bn2.d6
[CLASS] mj0.u0
[CLASS] yj1.u0
[CLASS] [Lfq.m1;
[CLASS] ez1.k
[CLASS] ls2.c
[CLASS] q23.a0
[CLASS] androidx.recyclerview.widget.v1
[CLASS] vd5.e2
[CLASS] nd5.c
[CLASS] [Le03.c;
[CLASS] e5.a
[CLASS] zh2.y
[CLASS] cv2.a
[CLASS] te5.j0
[CLASS] mj0.u1
[CLASS] eg5.a
[CLASS] pn4.di
[CLASS] lt0.m0
[CLASS] [Lfb4.l;
[CLASS] ls2.d
[CLASS] q85.j
[CLASS] androidx.recyclerview.widget.v2
[CLASS] ib3.d1
[CLASS] lh1.d0
[CLASS] sn4.rv0
[CLASS] w80.n2
[CLASS] ar.x0
[CLASS] e5.b
[CLASS] bn2.d8
[CLASS] mp.a0
[CLASS] mj0.u2
[CLASS] eg5.b
[CLASS] ez1.m
[CLASS] q85.k
[CLASS] gg1.r1
[CLASS] iu.h0
[CLASS] tr.g
[CLASS] androidx.recyclerview.widget.v3
[CLASS] w80.n3
[CLASS] lc.e
[CLASS] vd5.e4
[CLASS] br.w3
[CLASS] up2.h
[CLASS] bn2.d9
[CLASS] ws4.j0
[CLASS] eg5.c
[CLASS] c70.o2
[CLASS] q85.l
[CLASS] c54.x
[CLASS] w60.p0
[CLASS] [Lrq4.i1;
[CLASS] fy2.j0
[CLASS] w80.n4
[CLASS] q80.d0
[CLASS] br.w4
[CLASS] up2.i
[CLASS] bu1.b
[CLASS] df4.b
[CLASS] dy0.m
[CLASS] eg5.d
[CLASS] ez1.o
[CLASS] c54.y
[CLASS] sn4.rv3
[CLASS] rq4.y0
[CLASS] br.w5
[CLASS] bu1.c
[CLASS] df4.c
[CLASS] ez1.p
[CLASS] dy0.n
[CLASS] eg5.e
[CLASS] l60.s0
[CLASS] c54.z
[CLASS] [Lj70.h0;
[CLASS] q45.k1
[CLASS] pv1.g0
[CLASS] fh.m0
[CLASS] p44.h3
[CLASS] [Lhy2.p0;
[CLASS] bu1.d
[CLASS] cz1.l2
[CLASS] df4.d
[CLASS] [Lu90.n;
[CLASS] vx0.k0
[CLASS] dy0.o
[CLASS] [La80.d5;
[CLASS] h25.j0
[CLASS] q35.l0
[CLASS] [Lzy.d;
[CLASS] vm4.q3
[CLASS] df4.e
[CLASS] ez1.r
[CLASS] dy0.p
[CLASS] [La80.d6;
[CLASS] zq.u0
[CLASS] h25.j1
[CLASS] a80.t4
[CLASS] av.a
[CLASS] s40.b0
[CLASS] rg.v2
[CLASS] p44.h5
[CLASS] zt0.c2
[CLASS] [Lkw.g;
[CLASS] z70.h0
[CLASS] ha0.o1
[CLASS] bu1.f
[CLASS] zg1.a
[CLASS] n30.p1
[CLASS] df4.f
[CLASS] [Lu90.p;
[CLASS] ez1.s
[CLASS] dy0.q
[CLASS] ls2.k
[CLASS] a80.t5
[CLASS] h25.j2
[CLASS] eg5.h
[CLASS] av.b
[CLASS] urgen.ur_C563.UR_A3B7
[CLASS] u00.j
[CLASS] bu1.g
[CLASS] sn4.eg4
[CLASS] c60.e
[CLASS] df4.g
[CLASS] ez1.t
[CLASS] dy0.r
[CLASS] h25.j3
[CLASS] l50.t2
[CLASS] [Lzp1.i;
[CLASS] do3.e5
[CLASS] ua0.q
[CLASS] av.c
[CLASS] jw.s1
[CLASS] p44.h7
[CLASS] o70.k0
[CLASS] mv0.j2
[CLASS] bu1.h
[CLASS] zg1.c
[CLASS] c60.f
[CLASS] [Lr40.e;
[CLASS] l13.b
[CLASS] ep.q
[CLASS] df4.h
[CLASS] [Lu90.r;
[CLASS] dy0.s
[CLASS] l30.i
[CLASS] h25.j4
[CLASS] x41.u1
[CLASS] ua0.r
[CLASS] [Lpq.d0;
[CLASS] u00.l
[CLASS] bu1.i
[CLASS] zg1.d
[CLASS] in2.a
[CLASS] l13.c
[CLASS] fa0.u0
[CLASS] df4.i
[CLASS] dy0.t
[CLASS] h25.j5
[CLASS] l30.j
[CLASS] iw.t1
[CLASS] ds0.j0
[CLASS] ua0.s
[CLASS] zx0.i
[CLASS] y14.n1
[CLASS] r93.r0
[CLASS] u00.m
[CLASS] bn2.ca
[CLASS] [Lif3.d;
[CLASS] bu1.j
[CLASS] io.flutter.plugin.common.BasicMessageChannel$IncomingMessageHandler
[CLASS] in2.b
[CLASS] na5.a$$a
[CLASS] l13.d
[CLASS] df4.j
[CLASS] dy0.u
[CLASS] h25.j6
[CLASS] l30.k
[CLASS] eg5.l
[CLASS] [Lz90.r2;
[CLASS] ua0.t
[CLASS] pi0.a
[CLASS] io.flutter.embedding.engine.TaskRunnerJNI
[CLASS] bu1.k
[CLASS] in2.c
[CLASS] wq.x0
[CLASS] na5.a$$b
[CLASS] fa0.u2
[CLASS] df4.k
[CLASS] h25.j7
[CLASS] ua0.u
[CLASS] zx0.k
[CLASS] [Lf14.r;
[CLASS] rb5.s3
[CLASS] bu1.l
[CLASS] [Lr40.i;
[CLASS] x60.o0
[CLASS] [Lzt0.o2;
[CLASS] na5.a$$c
[CLASS] in2.d
[CLASS] df4.l
[CLASS] wk.a
[CLASS] ft2.o1
[CLASS] ua0.v
[CLASS] b32.b
[CLASS] zx0.l
[CLASS] te4.a3$$a
[CLASS] bb5.b
[CLASS] bu1.m
[CLASS] oz.f0
[CLASS] cu.n1
[CLASS] na5.a$$d
[CLASS] qx1.d3
[CLASS] eg5.o
[CLASS] wk.b
[CLASS] qh.c0
[CLASS] kd2.q0
[CLASS] zx0.m
[CLASS] lb3.n
[CLASS] [Lf14.t;
[CLASS] [Lwc1.r0;
[CLASS] yf0.g
[CLASS] na5.a$$e
[CLASS] x70.n4
[CLASS] rg2.w0
[CLASS] qx1.d4
[CLASS] df4.n
[CLASS] vw.h0
[CLASS] eg5.p
[CLASS] wk.c
[CLASS] ua0.x
[CLASS] c43.f
[CLASS] an.a0
[CLASS] q91.a
[CLASS] qy3.e
[CLASS] [Lrt2.p;
[CLASS] l13.i
[CLASS] qh4.a
[CLASS] df4.o
[CLASS] ir.q0
[CLASS] eg5.q
[CLASS] na5.a$$f
[CLASS] urgen.ur_0025.UR_BB6B
[CLASS] ua0.y
[CLASS] [Lbu2.j0;
[CLASS] [Lf14.v;
[CLASS] qy3.f
[CLASS] hj.w8
[CLASS] [Lr40.m;
[CLASS] yf0.i
[CLASS] na5.a$$g
[CLASS] qh4.b
[CLASS] l13.j
[CLASS] ru.p
[CLASS] androidx.appcompat.widget.ActionBarContainer
[CLASS] fr2.q1
[CLASS] wk.e
[CLASS] qy3.g
[CLASS] ma5.b$$a
[CLASS] [Lk60.h1;
[CLASS] in2.i
[CLASS] l13.k
[CLASS] qh4.c
[CLASS] hr.r0
[CLASS] ru.q
[CLASS] df4.q
[CLASS] eg5.s
[CLASS] fz1.a
[CLASS] wk.f
[CLASS] oa5.n20
[CLASS] sn4.j50
[CLASS] lb3.r
[CLASS] [Lf14.x;
[CLASS] rz4.j
[CLASS] qy3.h
[CLASS] l13.l
[CLASS] ru.r
[CLASS] df4.r
[CLASS] eg5.t
[CLASS] wk.g
[CLASS] fz1.b
[CLASS] sn4.j51
[CLASS] rn_545.rn_546.rn_547.rn_5587
[CLASS] qy3.i
[CLASS] bb5.h
[CLASS] xr4.a
[CLASS] sn4.ok3
[CLASS] l13.m
[CLASS] qh4.e
[CLASS] ru.s
[CLASS] z61.h
[CLASS] df4.s
[CLASS] yu2.j
[CLASS] wk.h
[CLASS] r85.a
[CLASS] [Lb30.h0;
[CLASS] gj3.a
[CLASS] rz4.l
[CLASS] bb5.i
[CLASS] xr4.b
[CLASS] qh4.f
[CLASS] ru.t
[CLASS] df4.t
[CLASS] eg5.v
[CLASS] yu2.k
[CLASS] r85.b
[CLASS] f.h
[CLASS] urgen.ur_0025.UR_B4FD
[CLASS] androidx.appcompat.app.q0
[CLASS] rz4.m
[CLASS] an1.b0
[CLASS] xr4.c
[CLASS] ne1.a
[CLASS] ru.u
[CLASS] df4.u
[CLASS] eg5.w
[CLASS] androidx.appcompat.widget.x0
[CLASS] yu2.l
[CLASS] r85.c
[CLASS] lb3.v
[CLASS] if3.a0
[CLASS] bb5.k
[CLASS] ne1.b
[CLASS] [Lf20.d;
[CLASS] ar3.j1
[CLASS] z61.k
[CLASS] wk.k
[CLASS] eg5.x
[CLASS] [Lfr2.h;
[CLASS] io.flutter.embedding.engine.FlutterShellArgs
[CLASS] com.catfish.newvip.util.AsnycImageLoader$ImageCache
[CLASS] bn2.e0
[CLASS] ne1.c
[CLASS] z61.l
[CLASS] eg5.y
[CLASS] wk.l
[CLASS] androidx.appcompat.widget.x2
[CLASS] ws0.j
[CLASS] [Liz.r;
[CLASS] r85.e
[CLASS] eh1.a
[CLASS] bb5.m
[CLASS] qw.m0
[CLASS] un.f
[CLASS] m24.t
[CLASS] df4.x
[CLASS] y50.k
[CLASS] wk.m
[CLASS] eg5.z
[CLASS] p63.b
[CLASS] by1.o0
[CLASS] io.flutter.embedding.engine.systemchannels.SystemChannel
[CLASS] fi0.n0
[CLASS] eh1.b
[CLASS] nv0.i
[CLASS] bn2.e2
[CLASS] uo1.a
[CLASS] [Lrt2.z;
[CLASS] un.g
[CLASS] qw.m1
[CLASS] fm2.v0
[CLASS] bb5.n
[CLASS] df4.y
[CLASS] y50.l
[CLASS] wk.n
[CLASS] ip2.l0
[CLASS] be5.e0
[CLASS] sn4.tm3
[CLASS] eh1.c
[CLASS] wg.r1
[CLASS] [Ldf5.j0;
[CLASS] pw.n0
[CLASS] [Lj.e;
[CLASS] uo1.b
[CLASS] un.h
[CLASS] er.u3
[CLASS] bb5.o
[CLASS] on2.x1
[CLASS] df4.z
[CLASS] wk.o
[CLASS] i70.z0
[CLASS] [Lwm1.i1;
[CLASS] [Liz.u;
[CLASS] lv0.l0
[CLASS] yu2.q
[CLASS] be5.e1
[CLASS] io.flutter.plugin.common.BasicMessageChannel$IncomingReplyHandler
[CLASS] g64.d1
[CLASS] eh1.d
[CLASS] od5.b
[CLASS] ve5.e1
[CLASS] e4.w0
[CLASS] er.u4
[CLASS] [Lmk3.e;
[CLASS] i70.z1
[CLASS] wk.p
[CLASS] yu2.r
[CLASS] be5.e2
[CLASS] r44.c0
[CLASS] g64.d2
[CLASS] ke5.h0
[CLASS] vd5.f0
[CLASS] w90.n1
[CLASS] nv0.l
[CLASS] bn2.e5
[CLASS] dr.v3
[CLASS] [Lpr0.y;
[CLASS] [Lg42.f0;
[CLASS] m24.x
[CLASS] cr.w1
[CLASS] er.u5
[CLASS] [Lg14.e;
[CLASS] [Lfq.n0;
[CLASS] dv2.a
[CLASS] pn4.eg
[CLASS] wk.q
[CLASS] fg5.a
[CLASS] z85.k0
[CLASS] od5.c
[CLASS] [Lly4.b;
[CLASS] ve5.e2
[CLASS] oe5.x0
[CLASS] vd5.f1
[CLASS] od5.d
[CLASS] bn2.e6
[CLASS] wq3.i
[CLASS] dv2.b
[CLASS] [Lfq.n1;
[CLASS] yj1.v0
[CLASS] fg5.b
[CLASS] [Liz.x;
[CLASS] q23.b0
[CLASS] androidx.recyclerview.widget.w1
[CLASS] sq.e
[CLASS] va0.j
[CLASS] w90.n3
[CLASS] wq3.j
[CLASS] br.a
[CLASS] d4.a
[CLASS] te5.k0
[CLASS] lt0.n0
[CLASS] fg5.c
[CLASS] [Lue5.b;
[CLASS] p63.h
[CLASS] com.tenpay.ndk.FitScUtil
[CLASS] androidx.recyclerview.widget.w2
[CLASS] lh1.e0
[CLASS] ib3.e1
[CLASS] w80.o2
[CLASS] ar.y0
[CLASS] [Ln90.w0;
[CLASS] bn2.e8
[CLASS] br.b
[CLASS] sn4.rw0
[CLASS] zd.b
[CLASS] [Lsf.c;
[CLASS] va0.k
[CLASS] [Lbn2.q2;
[CLASS] [Lmk3.i;
[CLASS] fg5.d
[CLASS] eq4.g0
[CLASS] gg1.s1
[CLASS] androidx.savedstate.Recreator
[CLASS] androidx.recyclerview.widget.w3
[CLASS] yv.z0
[CLASS] w80.o3
[CLASS] [Lmt4.t8;
[CLASS] [Leo4.i;
[CLASS] br.x3
[CLASS] [Ljv.b;
[CLASS] wq3.l
[CLASS] vd5.f4
[CLASS] bn2.e9
[CLASS] br.c
[CLASS] ws4.k0
[CLASS] p63.i
[CLASS] um4.a
[CLASS] mp.b1
[CLASS] zd.c
[CLASS] c70.p2
[CLASS] iu.i1
[CLASS] [Lys.h2;
[CLASS] [Lba3.i1;
[CLASS] fg5.e
[CLASS] w60.q0
[CLASS] um4.b
[CLASS] va0.l
[CLASS] fy2.k0
[CLASS] q80.e0
[CLASS] br.x4
[CLASS] urgen.ur_54A4.URS_BE49
[CLASS] wq3.m
[CLASS] br.d
[CLASS] d4.d
[CLASS] wk.v
[CLASS] ef4.d
[CLASS] va0.n
[CLASS] rq4.z0
[CLASS] br.x5
[CLASS] nc4.g
[CLASS] d4.e
[CLASS] br.e
[CLASS] bt0.c
[CLASS] z90.g1
[CLASS] [Lfr2.t;
[CLASS] [Lws.j0;
[CLASS] wk.w
[CLASS] ef4.e
[CLASS] va0.o
[CLASS] q45.l1
[CLASS] pv1.h0
[CLASS] p44.i3
[CLASS] nc4.h
[CLASS] v00.i
[CLASS] d4.f
[CLASS] br.f
[CLASS] cz1.m2
[CLASS] vx0.l0
[CLASS] h25.k0
[CLASS] [Lty0.a0;
[CLASS] mk1.a0
[CLASS] wk.x
[CLASS] va0.p
[CLASS] q35.m0
[CLASS] rg.w1
[CLASS] ef4.f
[CLASS] v00.j
[CLASS] d4.g
[CLASS] br.g
[CLASS] d60.e
[CLASS] h25.k1
[CLASS] zq.v0
[CLASS] s40.c0
[CLASS] rg.w2
[CLASS] wk.y
[CLASS] a80.u4
[CLASS] [Lj70.b;
[CLASS] [Lg14.n;
[CLASS] androidx.fragment.app.a
[CLASS] br.h
[CLASS] ha0.p1
[CLASS] d4.h
[CLASS] h25.k2
[CLASS] a80.u5
[CLASS] xg.b
[CLASS] [Ljf3.c;
[CLASS] br.i
[CLASS] lp4.e
[CLASS] [Lyx.f;
[CLASS] h25.k3
[CLASS] l50.u2
[CLASS] jw.t1
[CLASS] p44.i7
[CLASS] com.catfish.newvip.core.ShakeHandler
[CLASS] androidx.fragment.app.c
[CLASS] mv0.k2
[CLASS] br.j
[CLASS] eu.m0
[CLASS] h25.k4
[CLASS] ef4.j
[CLASS] [Lhy.c;
[CLASS] oa5.zr
[CLASS] xg.d
[CLASS] [Lx35.f0;
[CLASS] br.k
[CLASS] rb5.t0
[CLASS] [Ltu3.n;
[CLASS] [Lt51.j;
[CLASS] wc5.f0
[CLASS] [Lyx.h;
[CLASS] h25.k5
[CLASS] [Lj40.l0;
[CLASS] urgen.ur_C563.URS_FAC7
[CLASS] iw.u1
[CLASS] fa0.v0
[CLASS] u3.p
[CLASS] pt.w0
[CLASS] y14.o1
[CLASS] r93.s0
[CLASS] bn2.da
[CLASS] br.l
[CLASS] cb5.a
[CLASS] fa0.v1
[CLASS] h25.k6
[CLASS] jn2.d
[CLASS] [Lio.flutter.embedding.engine.systemchannels.SettingsChannel$PlatformBrightness;
[CLASS] u3.q
[CLASS] [Ls23.c;
[CLASS] br.m
[CLASS] cb5.b
[CLASS] wq.y0
[CLASS] fa0.v2
[CLASS] h25.k7
[CLASS] qx1.e1
[CLASS] ft2.p0
[CLASS] x05.n
[CLASS] [Lhd1.d;
[CLASS] ow.e
[CLASS] br.n
[CLASS] x60.p0
[CLASS] [Lyx.k;
[CLASS] sn4.wy6
[CLASS] [Lsc3.k;
[CLASS] v00.r
[CLASS] br.o
[CLASS] cb5.d
[CLASS] cu.o1
[CLASS] [Lv73.r;
[CLASS] hj.x5
[CLASS] [Lwj0.b;
[CLASS] oz.g0
[CLASS] qx1.e3
[CLASS] kd2.r0
[CLASS] d43.g
[CLASS] [Llt1.f0;
[CLASS] v00.s
[CLASS] br.p
[CLASS] x70.o4
[CLASS] rg2.x0
[CLASS] vw.i0
[CLASS] zu2.g
[CLASS] sn4.vd0
[CLASS] ft2.p3
[CLASS] a10.b
[CLASS] an.b0
[CLASS] d43.h
[CLASS] br.q
[CLASS] [Lv73.t;
[CLASS] [Lzm3.j;
[CLASS] v00.t
[CLASS] ir.r0
[CLASS] [Lsc3.n;
[CLASS] a10.c
[CLASS] [Lb50.g0;
[CLASS] an.b1
[CLASS] eh1.x
[CLASS] d43.i
[CLASS] [Lhd1.h;
[CLASS] hj.x8
[CLASS] v00.u
[CLASS] br.r
[CLASS] [Lst2.s;
[CLASS] fr2.r1
[CLASS] z50.e
[CLASS] a10.d
[CLASS] v00.v
[CLASS] yr4.a
[CLASS] pw1.e
[CLASS] [Lr5.q0;
[CLASS] [Lyl2.j;
[CLASS] hr.s0
[CLASS] z50.f
[CLASS] a10.e
[CLASS] sn4.ht0
[CLASS] v00.w
[CLASS] yr4.b
[CLASS] [Lv73.w;
[CLASS] androidx.fragment.app.m
[CLASS] pw1.f
[CLASS] [Lzm3.m;
[CLASS] [Lxz3.g;
[CLASS] s85.b
[CLASS] mb3.u
[CLASS] [Lgc0.i;
[CLASS] v00.x
[CLASS] androidx.fragment.app.n
[CLASS] yr4.c
[CLASS] pw1.g
[CLASS] tm.a
[CLASS] n24.q
[CLASS] [Lyl2.l;
[CLASS] c15.d
[CLASS] [Lw90.b;
[CLASS] a10.g
[CLASS] mb3.v
[CLASS] androidx.fragment.app.o
[CLASS] pw1.h
[CLASS] yr4.d
[CLASS] [Lv73.y;
[CLASS] tm.b
[CLASS] n24.r
[CLASS] c15.e
[CLASS] [Lqi.q;
[CLASS] wj4.t2
[CLASS] mb3.w
[CLASS] androidx.fragment.app.p
[CLASS] pw1.i
[CLASS] an1.c0
[CLASS] yr4.e
[CLASS] wp2.a
[CLASS] n24.s
[CLASS] androidx.appcompat.widget.y0
[CLASS] [Lw90.d;
[CLASS] wj4.t3
[CLASS] io.flutter.plugin.platform.PlatformViewFactory
[CLASS] q63.a
[CLASS] mb3.x
[CLASS] if3.b0
[CLASS] pw1.j
[CLASS] wp2.b
[CLASS] gx4.a
[CLASS] urgen.ur_C563.UR_A086
[CLASS] c15.g
[CLASS] q63.b
[CLASS] hj3.f
[CLASS] mb3.y
[CLASS] pw1.k
[CLASS] z33.e
[CLASS] vo1.a
[CLASS] gx4.b
[CLASS] wp2.c
[CLASS] c15.h
[CLASS] cn.a
[CLASS] q63.c
[CLASS] ns2.a
[CLASS] mb3.z
[CLASS] pw1.l
[CLASS] androidx.constraintlayout.widget.ConstraintLayout
[CLASS] qw.n0
[CLASS] vo1.b
[CLASS] yr4.h
[CLASS] z33.f
[CLASS] wp2.d
[CLASS] pd5.a
[CLASS] b04.g
[CLASS] c15.i
[CLASS] cn.b
[CLASS] by1.p0
[CLASS] sn4.tn2
[CLASS] fi0.o0
[CLASS] [Lea0.k3;
[CLASS] [Lfo4.d;
[CLASS] pw1.m
[CLASS] fm2.w0
[CLASS] vo1.c
[CLASS] [Lqr0.x;
[CLASS] yr4.i
[CLASS] z33.g
[CLASS] qw.n1
[CLASS] wp2.e
[CLASS] gx4.d
[CLASS] io.flutter.embedding.engine.dart.DartMessenger$Reply
[CLASS] ip2.m0
[CLASS] be5.f0
[CLASS] pd5.b
[CLASS] q63.e
[CLASS] na2.n0
[CLASS] [Lrq4.t;
[CLASS] [Ldf5.k0;
[CLASS] wg.s1
[CLASS] pw.o0
[CLASS] com.tyun.yz.data_yz_52tyun_com
[CLASS] yr4.j
[CLASS] er.v3
[CLASS] n24.x
[CLASS] [Lfo4.e;
[CLASS] e01.y1
[CLASS] on2.y1
[CLASS] wp2.f
[CLASS] c15.k
[CLASS] gg5.a
[CLASS] of5.x0
[CLASS] lv0.m0
[CLASS] pd5.c
[CLASS] q63.f
[CLASS] g64.e1
[CLASS] ve5.f1
[CLASS] hd2.a3
[CLASS] oc4.b
[CLASS] androidx.fragment.app.v
[CLASS] e4.x0
[CLASS] yr4.k
[CLASS] er.v4
[CLASS] n24.y
[CLASS] wp2.g
[CLASS] e01.y2
[CLASS] pd5.d
[CLASS] c15.l
[CLASS] io.flutter.embedding.engine.dart.DartMessenger$TaskQueueFactory
[CLASS] g64.e2
[CLASS] [Lmb3.f0;
[CLASS] ke5.i0
[CLASS] fh1.g
[CLASS] ve5.f2
[CLASS] bn2.f5
[CLASS] cr.x1
[CLASS] dr.w3
[CLASS] er.v5
[CLASS] wp2.h
[CLASS] n24.z
[CLASS] [Lfq.o0;
[CLASS] oe5.y0
[CLASS] z85.l0
[CLASS] pn4.fg
[CLASS] c15.m
[CLASS] cn.f
[CLASS] pd5.e
[CLASS] gz.o0
[CLASS] wm1.z1
[CLASS] bn2.f6
[CLASS] f92.rb
[CLASS] hj3.l
[CLASS] w00.e
[CLASS] wp2.i
[CLASS] pd5.f
[CLASS] io.flutter.embedding.engine.plugins.FlutterPlugin$FlutterAssets
[CLASS] [Lfq.o1;
[CLASS] [Lkr.f;
[CLASS] gg5.d
[CLASS] q23.c0
[CLASS] q63.i
[CLASS] androidx.recyclerview.widget.x1
[CLASS] [Lp00.b0;
[CLASS] pd5.g
[CLASS] bn2.f7
[CLASS] androidx.fragment.app.y
[CLASS] w00.f
[CLASS] te5.l0
[CLASS] lt0.o0
[CLASS] gg5.e
[CLASS] cq2.b3
[CLASS] ib3.f1
[CLASS] w80.p2
[CLASS] ar.z0
[CLASS] hj3.n
[CLASS] bn2.f8
[CLASS] w00.g
[CLASS] [Lg20.o;
[CLASS] eq4.h0
[CLASS] gg1.t1
[CLASS] androidx.recyclerview.widget.x3
[CLASS] q63.k
[CLASS] w80.p3
[CLASS] vd5.g4
[CLASS] hj3.o
[CLASS] q80.r
[CLASS] bn2.f9
[CLASS] ws4.l0
[CLASS] mj0.w3
[CLASS] ct0.c
[CLASS] o24.a
[CLASS] c70.q2
[CLASS] urgen.ur_0025.UR_E9A9
[CLASS] iu.j1
[CLASS] r5.a
[CLASS] q63.l
[CLASS] w60.r0
[CLASS] fy2.l0
[CLASS] q80.f0
[CLASS] hj3.p
[CLASS] br.y4
[CLASS] q80.s
[CLASS] du1.f
[CLASS] [Lrr0.c;
[CLASS] mj0.w4
[CLASS] o24.b
[CLASS] [Lve5.r1;
[CLASS] oe1.o
[CLASS] [Lve5.g;
[CLASS] ja4.j0
[CLASS] q63.m
[CLASS] p34.k0
[CLASS] br.y5
[CLASS] q80.t
[CLASS] [Liu.d;
[CLASS] e60.e
[CLASS] du1.g
[CLASS] o24.c
[CLASS] oe1.p
[CLASS] r5.c
[CLASS] sn4.la2
[CLASS] l60.u0
[CLASS] q63.n
[CLASS] pv1.i0
[CLASS] zt0.e0
[CLASS] fh.o0
[CLASS] oc4.j
[CLASS] o90.k0
[CLASS] sn4.ei1
[CLASS] e60.f
[CLASS] du1.h
[CLASS] lo3.b
[CLASS] o24.d
[CLASS] h25.l0
[CLASS] vx0.m0
[CLASS] r5.d
[CLASS] [La80.f5;
[CLASS] q63.o
[CLASS] rg.x1
[CLASS] q35.n0
[CLASS] [Laz1.d1;
[CLASS] ct0.g
[CLASS] n30.r0
[CLASS] zq.w0
[CLASS] h25.l1
[CLASS] ps.e
[CLASS] s40.d0
[CLASS] r5.e
[CLASS] [La80.f6;
[CLASS] rg.x2
[CLASS] a80.v4
[CLASS] q63.p
[CLASS] g65.e
[CLASS] ha0.q1
[CLASS] [Laz1.d2;
[CLASS] kn2.b
[CLASS] h25.l2
[CLASS] [Lol4.s;
[CLASS] ps.f
[CLASS] dd2.f
[CLASS] [Lvs.l1;
[CLASS] a80.v5
[CLASS] q63.q
[CLASS] r5.f
[CLASS] jp.f1
[CLASS] a6.b
[CLASS] io.flutter.plugins.connectivity.patched.PatchedConnectivityBroadcastReceiver$Companion
[CLASS] zt0.e3
[CLASS] xe0.y1
[CLASS] ev2.m
[CLASS] kn2.c
[CLASS] h25.l3
[CLASS] b35.a1
[CLASS] l50.v2
[CLASS] jw.u1
[CLASS] q63.r
[CLASS] a6.c
[CLASS] g65.g
[CLASS] p44.j7
[CLASS] o70.m0
[CLASS] uy3.e0
[CLASS] xh1.b0
[CLASS] eu.n0
[CLASS] h25.l4
[CLASS] r5.h
[CLASS] q63.s
[CLASS] a6.d
[CLASS] g65.h
[CLASS] q80.z
[CLASS] rb5.u0
[CLASS] ev2.o
[CLASS] wc5.g0
[CLASS] eu.n1
[CLASS] h25.l5
[CLASS] [Ljt4.c;
[CLASS] [Lve5.n;
[CLASS] iw.v1
[CLASS] q63.t
[CLASS] a6.e
[CLASS] ap1.a
[CLASS] pt.x0
[CLASS] dg1.c0
[CLASS] r93.t0
[CLASS] du1.n
[CLASS] ev2.p
[CLASS] fa0.w1
[CLASS] a.d
[CLASS] h25.l6
[CLASS] ys0.a
[CLASS] q63.u
[CLASS] a6.f
[CLASS] y14.p2
[CLASS] ev2.q
[CLASS] du1.o
[CLASS] fa0.w2
[CLASS] a.e
[CLASS] h25.l7
[CLASS] qx1.f1
[CLASS] ft2.q0
[CLASS] q63.v
[CLASS] a6.g
[CLASS] rp.r
[CLASS] xr0.m0
[CLASS] [Lkt0.d0;
[CLASS] ev2.r
[CLASS] du1.p
[CLASS] wk.w$$b
[CLASS] ft2.q1
[CLASS] q63.w
[CLASS] sn4.a2
[CLASS] a6.h
[CLASS] rp.s
[CLASS] hj.y5
[CLASS] oz.h0
[CLASS] nv.f
[CLASS] xe0.j1$$a
[CLASS] cu.p1
[CLASS] [Lrg2.i1;
[CLASS] x70.p3
[CLASS] wk.w$$c
[CLASS] xf1.d1
[CLASS] io.flutter.plugin.text.ProcessTextPlugin
[CLASS] r5.m
[CLASS] qh.e0
[CLASS] org.chromium.net.impl.CronetManifest
[CLASS] [Lqo2.f;
[CLASS] a6.i
[CLASS] [Lvz.f;
[CLASS] nv.g
[CLASS] du1.r
[CLASS] x70.p4
[CLASS] wk.w$$d
[CLASS] qx1.f4
[CLASS] r5.n
[CLASS] d15.a
[CLASS] urgen.ur_E2DE.UR_5A77
[CLASS] ly.a
[CLASS] a6.j
[CLASS] an.c0
[CLASS] ri0.i
[CLASS] vm4.q
[CLASS] nb3.s
[CLASS] nv.h
[CLASS] zr4.a
[CLASS] [Lw71.i1;
[CLASS] du1.s
[CLASS] ir.s0
[CLASS] fr2.s0
[CLASS] [Laf5.b;
[CLASS] sn4.ve1
[CLASS] d15.b
[CLASS] ks2.e0
[CLASS] [Lyz3.f;
[CLASS] ly.b
[CLASS] a6.k
[CLASS] vm4.r
[CLASS] ri0.j
[CLASS] zr4.b
[CLASS] ct0.r
[CLASS] du1.t
[CLASS] [Laf5.c;
[CLASS] sn4.om0
[CLASS] fr2.s1
[CLASS] c73.i1
[CLASS] ly.c
[CLASS] a6.l
[CLASS] vm4.s
[CLASS] dj.a
[CLASS] r80.e
[CLASS] [Lk60.j1;
[CLASS] zr4.c
[CLASS] ct0.s
[CLASS] bb2.r2
[CLASS] sn4.e56
[CLASS] hr.t0
[CLASS] oa5.n40
[CLASS] org.chromium.base.BuildInfo
[CLASS] a6.m
[CLASS] ly.d
[CLASS] vm4.t
[CLASS] dj.b
[CLASS] r80.f
[CLASS] zr4.d
[CLASS] ct0.t
[CLASS] [Ljt4.l;
[CLASS] r5.r
[CLASS] wz4.f0
[CLASS] ly.e
[CLASS] vm4.u
[CLASS] sn4.j71
[CLASS] a6.n
[CLASS] b00.a0
[CLASS] ct0.u
[CLASS] r5.s
[CLASS] d15.f
[CLASS] [Lb30.j0;
[CLASS] [Ll81.t;
[CLASS] ly.f
[CLASS] vm4.v
[CLASS] a6.o
[CLASS] [Lpr1.y2;
[CLASS] pv0.h
[CLASS] s91.j
[CLASS] wj4.u2
[CLASS] androidx.coordinatorlayout.widget.a
[CLASS] a6.p
[CLASS] gh1.b
[CLASS] pv0.i
[CLASS] an1.d0
[CLASS] wo1.a
[CLASS] [Lss1.x;
[CLASS] du1.y
[CLASS] ct0.w
[CLASS] [Ll64.o;
[CLASS] d15.h
[CLASS] wj4.u3
[CLASS] s74.e
[CLASS] ri0.p
[CLASS] a6.q
[CLASS] qf5.s0
[CLASS] [Lc73.u0;
[CLASS] [Lbf3.f0;
[CLASS] pv0.j
[CLASS] s91.l
[CLASS] wo1.b
[CLASS] du1.z
[CLASS] ct0.x
[CLASS] urgen.ur_0025.UR_84B8
[CLASS] androidx.coordinatorlayout.widget.c
[CLASS] s74.f
[CLASS] a6.r
[CLASS] ri0.q
[CLASS] bn2.g0
[CLASS] s91.m
[CLASS] androidx.appcompat.widget.AppCompatButton
[CLASS] androidx.appcompat.widget.z2
[CLASS] r63.e
[CLASS] a6.s
[CLASS] b10.m
[CLASS] d15.k
[CLASS] hg5.a
[CLASS] sn4.to2
[CLASS] r63.f
[CLASS] pt3.f
[CLASS] a6.t
[CLASS] pp.a0
[CLASS] b10.n
[CLASS] ij3.j
[CLASS] xa0.i
[CLASS] bn2.g2
[CLASS] nv.r
[CLASS] wg.t0
[CLASS] d15.l
[CLASS] ip2.n0
[CLASS] be5.g0
[CLASS] pt3.g
[CLASS] a6.u
[CLASS] b10.o
[CLASS] qo.a
[CLASS] wg.t1
[CLASS] [Ldf5.l0;
[CLASS] nv.s
[CLASS] er.w3
[CLASS] pp.a1
[CLASS] of5.y0
[CLASS] eu1.a
[CLASS] on2.z1
[CLASS] r5.z
[CLASS] d15.m
[CLASS] gf4.a
[CLASS] r63.h
[CLASS] fx0.b0
[CLASS] pt3.h
[CLASS] b10.p
[CLASS] xa0.k
[CLASS] qo.b
[CLASS] hd2.b3
[CLASS] a6.v
[CLASS] ve5.g1
[CLASS] nv.t
[CLASS] er.w4
[CLASS] x00.e
[CLASS] eu1.b
[CLASS] sn4.mw3
[CLASS] c04.l
[CLASS] hg5.d
[CLASS] g64.f2
[CLASS] ri0.v
[CLASS] a6.w
[CLASS] [Lys.b;
[CLASS] b10.q
[CLASS] vd5.h0
[CLASS] w90.p1
[CLASS] qo.c
[CLASS] bn2.g5
[CLASS] cr.y1
[CLASS] dr.x3
[CLASS] wm4.a
[CLASS] er.w5
[CLASS] x00.f
[CLASS] ke5.j0
[CLASS] eu1.c
[CLASS] [Lfq.p0;
[CLASS] fv2.e
[CLASS] c04.m
[CLASS] gz.p0
[CLASS] z85.m0
[CLASS] ve5.g2
[CLASS] sn4.mw4
[CLASS] oe5.z0
[CLASS] a6.x
[CLASS] wm4.b
[CLASS] b10.r
[CLASS] qo.d
[CLASS] bn2.g6
[CLASS] eu1.d
[CLASS] [Lfq.p1;
[CLASS] c04.n
[CLASS] hg5.f
[CLASS] cq2.c2
[CLASS] androidx.recyclerview.widget.y1
[CLASS] a6.y
[CLASS] [Lys.d;
[CLASS] w80.q1
[CLASS] b10.s
[CLASS] w90.p3
[CLASS] te5.m0
[CLASS] eu1.e
[CLASS] lt0.p0
[CLASS] ed2.a
[CLASS] p12.b1
[CLASS] androidx.recyclerview.widget.y2
[CLASS] a6.z
[CLASS] ib3.g1
[CLASS] w80.q2
[CLASS] [Ln90.y0;
[CLASS] eu1.f
[CLASS] [Lsr0.c;
[CLASS] np4.b
[CLASS] rj0.k0
[CLASS] d15.r
[CLASS] eq4.i0
[CLASS] gg1.u1
[CLASS] s74.o
[CLASS] androidx.recyclerview.widget.y3
[CLASS] [Lys.f;
[CLASS] w80.q3
[CLASS] br.z3
[CLASS] nv.y
[CLASS] [Lht.b;
[CLASS] ws4.m0
[CLASS] eu1.g
[CLASS] f60.e
[CLASS] q35.e
[CLASS] c70.r2
[CLASS] np4.c
[CLASS] iu.k1
[CLASS] w60.s0
[CLASS] s74.p
[CLASS] [Ll70.b;
[CLASS] fy2.m0
[CLASS] q80.g0
[CLASS] h65.c
[CLASS] br.z4
[CLASS] nv.z
[CLASS] [Lp32.l1;
[CLASS] eu1.h
[CLASS] q35.f
[CLASS] np4.d
[CLASS] q4.b
[CLASS] ed2.d
[CLASS] hg5.j
[CLASS] os2.m
[CLASS] s74.q
[CLASS] p34.l0
[CLASS] q45.n0
[CLASS] h65.d
[CLASS] br.z5
[CLASS] ij3.s
[CLASS] [Lp32.l2;
[CLASS] eu1.i
[CLASS] [Lsr0.f;
[CLASS] q35.g
[CLASS] [Lws.l0;
[CLASS] sn4.lb2
[CLASS] hg5.k
[CLASS] os2.n
[CLASS] [Lj70.k0;
[CLASS] fh.p0
[CLASS] ij3.t
[CLASS] o90.l0
[CLASS] sn4.ej1
[CLASS] eu1.j
[CLASS] h25.m0
[CLASS] vx0.n0
[CLASS] q4.d
[CLASS] rg.y1
[CLASS] hg5.l
[CLASS] os2.o
[CLASS] [Lzl1.e2;
[CLASS] q35.o0
[CLASS] [Lys.j;
[CLASS] h65.f
[CLASS] ij3.u
[CLASS] oa5.d10
[CLASS] io.flutter.embedding.engine.loader.FlutterLoader$InitResult
[CLASS] eu1.k
[CLASS] h25.m1
[CLASS] zq.x0
[CLASS] s40.e0
[CLASS] rg.y2
[CLASS] ed2.g
[CLASS] a80.w4
[CLASS] hg5.m
[CLASS] h65.g
[CLASS] ij3.v
[CLASS] ee0.f$$a
[CLASS] z70.k0
[CLASS] ha0.r1
[CLASS] eb5.a
[CLASS] eu1.l
[CLASS] [Lsr0.i;
[CLASS] np4.h
[CLASS] h25.m2
[CLASS] [Ln75.d;
[CLASS] b35.b0
[CLASS] a80.w5
[CLASS] o30.m
[CLASS] [Ln24.c0;
[CLASS] h65.h
[CLASS] ij3.w
[CLASS] [Ltq4.e;
[CLASS] xe0.z1
[CLASS] [Lys.l;
[CLASS] ee0.f$$b
[CLASS] eb5.b
[CLASS] np4.i
[CLASS] q35.k
[CLASS] h25.m3
[CLASS] [Lwv.f;
[CLASS] b35.b1
[CLASS] l50.w2
[CLASS] hg5.o
[CLASS] jw.v1
[CLASS] os2.r
[CLASS] o30.n
[CLASS] ue1.m0
[CLASS] h65.i
[CLASS] bp1.a
[CLASS] o70.n0
[CLASS] ee0.f$$c
[CLASS] u91.b0
[CLASS] eb5.c
[CLASS] np4.j
[CLASS] q35.l
[CLASS] h25.m4
[CLASS] ed2.j
[CLASS] [Lx90.x;
[CLASS] o30.o
[CLASS] [Lys.n;
[CLASS] bp1.b
[CLASS] ee0.f$$d
[CLASS] mu.b
[CLASS] np4.k
[CLASS] o13.i
[CLASS] h25.m5
[CLASS] [Lm64.e;
[CLASS] [Lj40.n0;
[CLASS] [Lz90.u1;
[CLASS] iw.w1
[CLASS] os2.t
[CLASS] o30.p
[CLASS] y14.q1
[CLASS] dg1.d0
[CLASS] r93.u0
[CLASS] ty3.f
[CLASS] mh1.f0
[CLASS] fa0.x1
[CLASS] o13.j
[CLASS] h25.m6
[CLASS] hg5.r
[CLASS] [Lys.p;
[CLASS] [Lu40.n;
[CLASS] fa0.x2
[CLASS] o13.k
[CLASS] h25.m7
[CLASS] qx1.g1
[CLASS] ft2.r0
[CLASS] [Lht.f2;
[CLASS] [Lzz3.d;
[CLASS] xr0.n0
[CLASS] androidx.lifecycle.b0
[CLASS] [Ln71.g0;
[CLASS] kk4.a
[CLASS] [Luy.d;
[CLASS] rw1.d
[CLASS] [Lx70.a4;
[CLASS] mu.e
[CLASS] np4.n
[CLASS] qx1.g2
[CLASS] [Lzg1.j0;
[CLASS] xb.n
[CLASS] ft2.r1
[CLASS] sn4.b2
[CLASS] o30.s
[CLASS] pt3.y
[CLASS] urgen.ur_54A4.UR_9932
[CLASS] [Lys.r;
[CLASS] hj.z5
[CLASS] oz.i0
[CLASS] cu.q1
[CLASS] [Lx70.a5;
[CLASS] x70.q3
[CLASS] [Lu40.p;
[CLASS] np4.o
[CLASS] [Lm64.i;
[CLASS] qx1.g3
[CLASS] xb.o
[CLASS] hg5.u
[CLASS] qh.f0
[CLASS] o30.t
[CLASS] [Llt1.h0;
[CLASS] rw1.f
[CLASS] mu.g
[CLASS] x70.q4
[CLASS] np4.p
[CLASS] qx1.g4
[CLASS] vw.k0
[CLASS] xb.p
[CLASS] [Lxx1.c;
[CLASS] o30.u
[CLASS] an.d0
[CLASS] u85.b
[CLASS] hj.z7
[CLASS] s80.e
[CLASS] [Lu40.r;
[CLASS] xb.q
[CLASS] q35.s
[CLASS] np4.q
[CLASS] hg5.w
[CLASS] hj.z8
[CLASS] [Luy.h;
[CLASS] rw1.h
[CLASS] s80.f
[CLASS] sn4.ct5
[CLASS] xb.r
[CLASS] fr2.t1
[CLASS] q35.t
[CLASS] [Lys.v;
[CLASS] t74.b
[CLASS] u85.d
[CLASS] mz.k0
[CLASS] ci.a
[CLASS] bb2.s2
[CLASS] hr.u0
[CLASS] xb.s
[CLASS] q35.u
[CLASS] [Lm64.m;
[CLASS] [Lae4.d;
[CLASS] c73.j2
[CLASS] hg5.y
[CLASS] am3.b
[CLASS] [Lkq0.h0;
[CLASS] t74.c
[CLASS] u85.e
[CLASS] c10.i
[CLASS] hh1.a
[CLASS] pw4.a0
[CLASS] ci.b
[CLASS] xb.t
[CLASS] ea0.a3
[CLASS] q35.v
[CLASS] am3.c
[CLASS] hg5.z
[CLASS] wz4.g0
[CLASS] s63.b
[CLASS] [Lys.x;
[CLASS] t74.d
[CLASS] c10.j
[CLASS] hh1.b
[CLASS] b00.b0
[CLASS] xo1.a
[CLASS] xb.u
[CLASS] q35.w
[CLASS] ea0.a4
[CLASS] [Luh2.b3;
[CLASS] d04.f
[CLASS] am3.d
[CLASS] t74.e
[CLASS] s63.c
[CLASS] hh1.c
[CLASS] xo1.b
[CLASS] xb.v
[CLASS] q35.x
[CLASS] d04.g
[CLASS] wj4.v2
[CLASS] am3.e
[CLASS] s63.d
[CLASS] [Lys.z;
[CLASS] hh1.d
[CLASS] an1.e0
[CLASS] xb.w
[CLASS] q35.y
[CLASS] [Lm64.q;
[CLASS] d04.h
[CLASS] am3.f
[CLASS] s63.e
[CLASS] urgen.ur_0025.UR_6E34
[CLASS] hh1.e
[CLASS] q35.z
[CLASS] xb.x
[CLASS] ii2.h
[CLASS] bn2.h0
[CLASS] [Lj14.f;
[CLASS] sx2.q
[CLASS] ix4.f
[CLASS] xb.y
[CLASS] al.a
[CLASS] ig5.b
[CLASS] s63.g
[CLASS] io.flutter.view.VsyncWaiter$FrameCallback
[CLASS] org.chromium.net.httpflags.ResolvedFlags
[CLASS] androidx.core.app.ComponentActivity
[CLASS] sx2.r
[CLASS] sn4.mx0
[CLASS] fu1.a
[CLASS] by1.r0
[CLASS] ig5.c
[CLASS] fi0.q0
[CLASS] s63.h
[CLASS] pp.b0
[CLASS] p30.b
[CLASS] wg.u0
[CLASS] bn2.h2
[CLASS] qw.p1
[CLASS] uz4.w
[CLASS] y00.e
[CLASS] fu1.b
[CLASS] [Lzo.f;
[CLASS] ip2.o0
[CLASS] na2.p0
[CLASS] [Lkq0.h8;
[CLASS] [Lxx1.n;
[CLASS] wg.u1
[CLASS] zb1.n
[CLASS] pn.a
[CLASS] pw.q0
[CLASS] [Li74.l0;
[CLASS] pp.b1
[CLASS] er.x3
[CLASS] ve5.h0
[CLASS] of5.z0
[CLASS] p30.c
[CLASS] fu1.c
[CLASS] lv0.o0
[CLASS] g64.g1
[CLASS] fx0.c0
[CLASS] p30.d
[CLASS] hd2.c3
[CLASS] e4.z0
[CLASS] rd5.h
[CLASS] er.x4
[CLASS] [Lj14.j;
[CLASS] et0.b
[CLASS] r35.b
[CLASS] p32.a2
[CLASS] ke5.k0
[CLASS] vd5.i0
[CLASS] w90.q1
[CLASS] ve5.h2
[CLASS] bn2.h5
[CLASS] cr.z1
[CLASS] dr.y3
[CLASS] rd5.i
[CLASS] [Lng4.a;
[CLASS] [Lfq.q0;
[CLASS] op4.a
[CLASS] et0.c
[CLASS] gz.q0
[CLASS] hf4.e
[CLASS] [Ly90.o;
[CLASS] fd2.a
[CLASS] p30.f
[CLASS] vd5.i1
[CLASS] [Lpq2.g1;
[CLASS] bn2.h6
[CLASS] rd5.j
[CLASS] sn4.yr0
[CLASS] [Lfq.q1;
[CLASS] fu1.f
[CLASS] r35.d
[CLASS] op4.b
[CLASS] et0.d
[CLASS] q23.e0
[CLASS] hf4.f
[CLASS] androidx.recyclerview.widget.z1
[CLASS] p30.g
[CLASS] w80.r1
[CLASS] zb1.r
[CLASS] i65.b
[CLASS] te5.n0
[CLASS] rd5.k
[CLASS] mj0.y1
[CLASS] fu1.g
[CLASS] op4.c
[CLASS] rn_545.rn_546.rn_547.rn_3290$4$1
[CLASS] et0.e
[CLASS] cq2.d3
[CLASS] p12.c1
[CLASS] ib3.h1
[CLASS] p30.h
[CLASS] zb1.s
[CLASS] i65.c
[CLASS] [Lho4.n;
[CLASS] rd5.l
[CLASS] fu1.h
[CLASS] et0.f
[CLASS] rj0.l0
[CLASS] op4.d
[CLASS] gg1.v1
[CLASS] mp.e1
[CLASS] androidx.recyclerview.widget.z3
[CLASS] p30.i
[CLASS] sn4.ad
[CLASS] w80.r3
[CLASS] [Lbe5.t0;
[CLASS] i65.d
[CLASS] ws4.n0
[CLASS] mj0.y3
[CLASS] fu1.i
[CLASS] et0.g
[CLASS] r35.g
[CLASS] c70.s2
[CLASS] nq.a
[CLASS] [Lba3.l1;
[CLASS] w60.t0
[CLASS] p30.j
[CLASS] fy2.n0
[CLASS] q80.h0
[CLASS] ee5.a1
[CLASS] i65.e
[CLASS] fs4.c
[CLASS] [Lho4.p;
[CLASS] rd5.n
[CLASS] et0.h
[CLASS] op4.f
[CLASS] nq.b
[CLASS] p3.b
[CLASS] p30.k
[CLASS] nq0.k
[CLASS] i65.f
[CLASS] fs4.d
[CLASS] [Ly70.y1;
[CLASS] rd5.o
[CLASS] [Lke5.w0;
[CLASS] fu1.k
[CLASS] et0.i
[CLASS] [Lvu.b;
[CLASS] l60.w0
[CLASS] sn4.ag
[CLASS] [Lj70.l0;
[CLASS] [Lm70.f;
[CLASS] fh.q0
[CLASS] fs4.e
[CLASS] i65.g
[CLASS] o90.m0
[CLASS] rd5.p
[CLASS] [Lho4.r;
[CLASS] pb3.l
[CLASS] fu1.l
[CLASS] et0.j
[CLASS] h25.n0
[CLASS] vx0.o0
[CLASS] do3.i2
[CLASS] io.flutter.embedding.engine.plugins.PluginRegistry
[CLASS] [La80.h5;
[CLASS] p3.d
[CLASS] [Ly90.v;
[CLASS] q35.p0
[CLASS] [Lng1.o1;
[CLASS] fu1.m
[CLASS] [Lbn2.t7;
[CLASS] h25.n1
[CLASS] zq.y0
[CLASS] q24.i
[CLASS] s40.f0
[CLASS] [Lvu.d;
[CLASS] [La80.h6;
[CLASS] rg.z2
[CLASS] p3.e
[CLASS] a80.x4
[CLASS] et0.k
[CLASS] qv2.n0
[CLASS] zt0.g2
[CLASS] i65.i
[CLASS] cp1.a
[CLASS] ha0.s1
[CLASS] z70.l0
[CLASS] et0.l
[CLASS] h25.n2
[CLASS] q24.j
[CLASS] b35.c0
[CLASS] rg.z3
[CLASS] a80.x5
[CLASS] [Lta1.g;
[CLASS] [Laq4.f0;
[CLASS] i65.j
[CLASS] fs4.h
[CLASS] sw1.a
[CLASS] [Lv40.l;
[CLASS] g60.m
[CLASS] h25.n3
[CLASS] q24.k
[CLASS] et0.m
[CLASS] l50.x2
[CLASS] ru4.x
[CLASS] p44.l7
[CLASS] [Lh70.r0;
[CLASS] o70.o0
[CLASS] u91.c0
[CLASS] sw1.b
[CLASS] lt.a
[CLASS] uy3.g0
[CLASS] uu.a0
[CLASS] et0.n
[CLASS] h25.n4
[CLASS] q24.l
[CLASS] urgen.ur_0025.URS_1BE6
[CLASS] g43.h
[CLASS] rb5.w0
[CLASS] sw1.c
[CLASS] lt.b
[CLASS] et0.o
[CLASS] h25.n5
[CLASS] q24.m
[CLASS] bu2.b0
[CLASS] [Lx7.h;
[CLASS] iw.x1
[CLASS] y14.r1
[CLASS] dg1.e0
[CLASS] [Lso2.f;
[CLASS] bn2.ga
[CLASS] r93.v0
[CLASS] sw1.d
[CLASS] lt.c
[CLASS] g60.p
[CLASS] et0.p
[CLASS] de.a
[CLASS] h25.n6
[CLASS] q24.n
[CLASS] [Lz90.v2;
[CLASS] f15.a
[CLASS] j14.e0
[CLASS] rn_1292.rn_1293.rn_1294.rn_4547
[CLASS] org.apache.http.HttpEntityEnclosingRequest
[CLASS] org.apache.http.impl.io.ContentLengthInputStream
[CLASS] org.apache.http.ProtocolVersion
[CLASS] org.apache.http.HttpResponse
[CLASS] org.apache.http.ConnectionReuseStrategy
[CLASS] org.apache.http.impl.client.ClientParamsStack
[CLASS] [Lorg.apache.http.conn.routing.RouteInfo$TunnelType;
[CLASS] org.apache.http.impl.entity.LaxContentLengthStrategy
[CLASS] org.apache.http.impl.io.AbstractMessageParser
[CLASS] org.apache.http.impl.conn.ProxySelectorRoutePlanner$1
[CLASS] org.apache.http.message.AbstractHttpMessage
[CLASS] org.apache.http.HeaderIterator
[CLASS] org.apache.http.impl.cookie.BasicMaxAgeHandler
[CLASS] org.apache.http.io.HttpMessageWriter
[CLASS] org.apache.http.HttpHost
[CLASS] org.apache.http.impl.cookie.BasicSecureHandler
[CLASS] org.apache.http.conn.params.ConnPerRoute
[CLASS] org.apache.http.RequestLine
[CLASS] org.apache.http.cookie.CookieIdentityComparator
[CLASS] org.apache.http.HttpClientConnection
[CLASS] org.apache.http.impl.cookie.AbstractCookieSpec
[CLASS] org.apache.http.impl.client.BasicCredentialsProvider
[CLASS] org.apache.http.conn.params.ConnManagerParams
[CLASS] org.apache.http.message.BasicRequestLine
[CLASS] org.apache.http.impl.cookie.CookieSpecBase
[CLASS] org.apache.http.message.LineParser
[CLASS] org.apache.http.io.SessionInputBuffer
[CLASS] org.apache.http.params.AbstractHttpParams
[CLASS] org.apache.http.impl.io.HttpRequestWriter
[CLASS] org.apache.http.message.BufferedHeader
[CLASS] org.apache.http.conn.routing.RouteInfo$LayerType
[CLASS] org.apache.http.conn.ConnectionReleaseTrigger
[CLASS] org.apache.http.HttpRequestInterceptor
[CLASS] org.apache.commons.logging.impl.WeakHashtable
[CLASS] org.apache.http.impl.cookie.NetscapeDraftSpecFactory
[CLASS] org.apache.http.HttpConnectionMetrics
[CLASS] org.apache.http.protocol.RequestTargetHost
[CLASS] org.apache.http.impl.cookie.RFC2109VersionHandler
[CLASS] org.apache.http.conn.routing.HttpRoutePlanner
[CLASS] org.apache.http.impl.AbstractHttpClientConnection
[CLASS] org.apache.commons.logging.Log
[CLASS] org.apache.http.conn.params.ConnManagerPNames
[CLASS] org.apache.http.impl.io.AbstractMessageWriter
[CLASS] org.apache.http.conn.routing.RouteInfo
[CLASS] [Lorg.apache.http.Header;
[CLASS] org.apache.http.impl.cookie.RFC2965DiscardAttributeHandler
[CLASS] org.apache.http.conn.routing.RouteTracker
[CLASS] org.apache.http.conn.BasicManagedEntity
[CLASS] org.apache.http.impl.cookie.BestMatchSpecFactory
[CLASS] org.apache.http.impl.conn.DefaultClientConnection
[CLASS] org.apache.http.auth.AuthSchemeFactory
[CLASS] org.apache.http.client.HttpRequestRetryHandler
[CLASS] org.apache.http.impl.cookie.BestMatchSpec
[CLASS] org.apache.http.protocol.HttpRequestExecutor
[CLASS] org.apache.http.conn.ClientConnectionManagerFactory
[CLASS] org.apache.http.impl.cookie.RFC2109DomainHandler
[CLASS] org.apache.http.impl.io.ContentLengthOutputStream
[CLASS] org.apache.http.message.BasicHeader
[CLASS] org.apache.http.client.params.HttpClientParams
[CLASS] org.apache.http.StatusLine
[CLASS] org.apache.http.client.methods.HttpUriRequest
[CLASS] org.apache.http.impl.client.DefaultConnectionKeepAliveStrategy
[CLASS] org.apache.http.conn.ClientConnectionManager
[CLASS] org.apache.http.HttpEntity
[CLASS] org.apache.http.conn.params.ConnRouteParams
[CLASS] org.apache.http.conn.ClientConnectionOperator
[CLASS] org.apache.http.HttpConnection
[CLASS] org.apache.http.conn.params.ConnManagerParams$1
[CLASS] org.apache.commons.logging.LogFactory
[CLASS] org.apache.commons.logging.impl.Jdk14Logger
[CLASS] org.apache.http.conn.routing.HttpRouteDirector
[CLASS] org.apache.http.impl.entity.EntitySerializer
[CLASS] org.apache.http.conn.routing.HttpRoute
[CLASS] org.apache.http.conn.routing.BasicRouteDirector
[CLASS] org.apache.http.impl.conn.ProxySelectorRoutePlanner
[CLASS] org.apache.http.util.EncodingUtils
[CLASS] org.apache.http.impl.client.DefaultUserTokenHandler
[CLASS] org.apache.http.Header
[CLASS] org.apache.http.conn.scheme.SchemeRegistry
[CLASS] org.apache.http.client.protocol.RequestAddCookies
[CLASS] org.apache.http.client.HttpClient
[CLASS] org.apache.http.message.LineFormatter
[CLASS] org.apache.http.impl.conn.AbstractPoolEntry
[CLASS] org.apache.http.impl.client.DefaultTargetAuthenticationHandler
[CLASS] org.apache.http.HeaderElementIterator
[CLASS] org.apache.http.message.BasicHeaderValueParser
[CLASS] org.apache.http.impl.HttpConnectionMetricsImpl
[CLASS] org.apache.http.impl.cookie.RFC2965PortAttributeHandler
[CLASS] org.apache.http.protocol.RequestUserAgent
[CLASS] org.apache.http.impl.conn.AbstractClientConnAdapter
[CLASS] org.apache.http.conn.params.ConnRoutePNames
[CLASS] org.apache.http.client.protocol.RequestProxyAuthentication
[CLASS] org.apache.http.cookie.CookieAttributeHandler
[CLASS] org.apache.http.impl.client.EntityEnclosingRequestWrapper
[CLASS] org.apache.http.message.BasicListHeaderIterator
[CLASS] org.apache.http.impl.client.DefaultRequestDirector
[CLASS] org.apache.http.impl.SocketHttpClientConnection
[CLASS] org.apache.http.client.utils.URIUtils
[CLASS] org.apache.http.impl.entity.EntityDeserializer
[CLASS] org.apache.http.client.AuthenticationHandler
[CLASS] org.apache.http.message.BasicLineFormatter
[CLASS] org.apache.http.impl.client.DefaultHttpRequestRetryHandler
[CLASS] org.apache.http.impl.entity.StrictContentLengthStrategy
[CLASS] org.apache.http.impl.cookie.RFC2965CommentUrlAttributeHandler
[CLASS] org.apache.http.impl.cookie.RFC2965Spec
[CLASS] org.apache.http.message.BasicStatusLine
[CLASS] org.apache.http.impl.EnglishReasonPhraseCatalog
[CLASS] org.apache.http.message.BasicHttpResponse
[CLASS] org.apache.http.impl.cookie.RFC2109Spec
[CLASS] org.apache.http.impl.cookie.BasicPathHandler
[CLASS] org.apache.http.client.RedirectHandler
[CLASS] org.apache.http.conn.EofSensorWatcher
[CLASS] org.apache.http.TokenIterator
[CLASS] org.apache.http.protocol.HttpRequestInterceptorList
[CLASS] org.apache.http.message.HeaderValueParser
[CLASS] org.apache.http.auth.AuthSchemeRegistry
[CLASS] org.apache.http.impl.client.DefaultProxyAuthenticationHandler
[CLASS] org.apache.http.impl.io.AbstractSessionOutputBuffer
[CLASS] org.apache.http.impl.cookie.RFC2965SpecFactory
[CLASS] org.apache.http.impl.cookie.BasicExpiresHandler
[CLASS] org.apache.http.cookie.CookieSpecFactory
[CLASS] org.apache.http.cookie.CookieOrigin
[CLASS] org.apache.http.auth.AuthState
[CLASS] org.apache.http.ReasonPhraseCatalog
[CLASS] org.apache.http.impl.cookie.RFC2965DomainAttributeHandler
[CLASS] org.apache.http.client.CookieStore
[CLASS] org.apache.http.impl.conn.SingleClientConnManager$ConnAdapter
[CLASS] org.apache.http.entity.ContentLengthStrategy
[CLASS] org.apache.http.impl.io.AbstractSessionInputBuffer
[CLASS] org.apache.http.impl.DefaultHttpResponseFactory
[CLASS] org.apache.http.io.SessionOutputBuffer
[CLASS] org.apache.http.protocol.RequestContent
[CLASS] org.apache.http.cookie.CookieSpecRegistry
[CLASS] org.apache.http.message.BasicTokenIterator
[CLASS] org.apache.http.util.ByteArrayBuffer
[CLASS] org.apache.http.conn.ConnectionKeepAliveStrategy
[CLASS] org.apache.http.params.CoreProtocolPNames
[CLASS] org.apache.http.conn.scheme.PlainSocketFactory
[CLASS] org.apache.http.impl.cookie.BasicCommentHandler
[CLASS] org.apache.http.client.protocol.RequestTargetAuthentication
[CLASS] org.apache.http.impl.conn.AbstractPooledConnAdapter
[CLASS] org.apache.http.message.ParserCursor
[CLASS] org.apache.http.impl.cookie.RFC2109SpecFactory
[CLASS] org.apache.http.impl.client.DefaultRedirectHandler
[CLASS] org.apache.http.client.methods.HttpEntityEnclosingRequestBase
[CLASS] org.apache.http.conn.routing.RouteInfo$TunnelType
[CLASS] org.apache.http.conn.EofSensorInputStream
[CLASS] org.apache.http.protocol.RequestExpectContinue
[CLASS] org.apache.http.FormattedHeader
[CLASS] org.apache.http.impl.client.RoutedRequest
[CLASS] org.apache.http.impl.client.AbstractHttpClient
[CLASS] org.apache.http.io.HttpTransportMetrics
[CLASS] org.apache.http.protocol.HttpProcessor
[CLASS] org.apache.http.client.CredentialsProvider
[CLASS] org.apache.http.util.VersionInfo
[CLASS] org.apache.http.impl.auth.BasicSchemeFactory
[CLASS] org.apache.http.conn.OperatedClientConnection
[CLASS] org.apache.http.entity.ByteArrayEntity
[CLASS] org.apache.http.client.protocol.ResponseProcessCookies
[CLASS] org.apache.http.message.BasicHeaderElementIterator
[CLASS] org.apache.http.client.UserTokenHandler
[CLASS] org.apache.http.params.HttpProtocolParams
[CLASS] org.apache.http.conn.scheme.Scheme
[CLASS] org.apache.http.impl.io.SocketInputBuffer
[CLASS] org.apache.http.client.methods.AbortableHttpRequest
[CLASS] org.apache.http.conn.ManagedClientConnection
[CLASS] org.apache.http.impl.cookie.RFC2965VersionAttributeHandler
[CLASS] org.apache.http.protocol.HTTP
[CLASS] org.apache.http.message.BasicLineParser
[CLASS] org.apache.http.client.methods.HttpRequestBase
[CLASS] org.apache.http.impl.io.SocketOutputBuffer
[CLASS] org.apache.http.impl.cookie.BrowserCompatSpecFactory
[CLASS] org.apache.http.protocol.HttpResponseInterceptorList
[CLASS] org.apache.http.impl.io.HttpTransportMetricsImpl
[CLASS] org.apache.http.client.protocol.RequestDefaultHeaders
[CLASS] org.apache.http.HttpVersion
[CLASS] org.apache.http.HttpRequest
[CLASS] org.apache.http.HttpInetConnection
[CLASS] org.apache.http.impl.conn.DefaultClientConnectionOperator
[CLASS] org.apache.http.impl.client.DefaultHttpClient
[CLASS] org.apache.http.HttpMessage
[CLASS] org.apache.http.impl.DefaultConnectionReuseStrategy
[CLASS] org.apache.http.protocol.BasicHttpProcessor
[CLASS] org.apache.http.impl.cookie.AbstractCookieAttributeHandler
[CLASS] org.apache.http.impl.auth.DigestSchemeFactory
[CLASS] org.apache.http.impl.conn.SingleClientConnManager$1
[CLASS] org.apache.http.impl.conn.SingleClientConnManager
[CLASS] org.apache.http.cookie.CookiePathComparator
[CLASS] org.apache.http.impl.conn.SingleClientConnManager$PoolEntry
[CLASS] org.apache.http.impl.client.AbstractAuthenticationHandler
[CLASS] org.apache.http.impl.client.RequestWrapper
[CLASS] org.apache.http.cookie.CookieSpec
[CLASS] org.apache.http.client.methods.HttpPost
[CLASS] org.apache.http.protocol.RequestConnControl
[CLASS] org.apache.http.entity.BasicHttpEntity
[CLASS] org.apache.http.impl.client.BasicCookieStore
[CLASS] org.apache.http.io.HttpMessageParser
[CLASS] org.apache.http.message.HeaderGroup
[CLASS] org.apache.http.conn.ClientConnectionRequest
[CLASS] org.apache.http.HttpResponseFactory
[CLASS] org.apache.http.params.BasicHttpParams
[CLASS] org.apache.http.impl.conn.DefaultResponseParser
[CLASS] org.apache.http.util.CharArrayBuffer
[CLASS] org.apache.http.entity.HttpEntityWrapper
[CLASS] org.apache.http.HttpResponseInterceptor
[CLASS] org.apache.http.protocol.HttpContext
[CLASS] org.apache.http.client.RequestDirector
[CLASS] [Lorg.apache.http.conn.routing.RouteInfo$LayerType;
[CLASS] org.apache.http.protocol.BasicHttpContext
[CLASS] org.apache.http.entity.AbstractHttpEntity
[CLASS] c.t.m.sapp.g.ig$a
[SCAN] done, non-tencent count=20347

STDERR:

