     ____
    / _  |   Frida 17.9.8 - A world-class dynamic instrumentation toolkit
   | (_| |
    > _  |   Commands:
   /_/ |_|       help      -> Displays the help system
   . . . .       object?   -> Display information about 'object'
   . . . .       exit/quit -> Exit
   . . . .
   . . . .   More info at https://frida.re/docs/home/
   . . . .
   . . . .   Connected to MI 9 (id=609b4b18)
Spawning `com.tencent.mm`...
Spawned `com.tencent.mm`. Resuming main thread!
[MI 9::com.tencent.mm ]-> [FIND2] 宽泛探测 ready — 进朋友圈下滑
[FIND2] Hook 就绪，进朋友圈下滑...
[NEW] miui.content.res.ThemeResources$FilterInfo (首次出现，字段见统计报告)
[NEW] ls4.v (首次出现，字段见统计报告)
[NEW] dalvik.system.DexPathList$NativeLibraryElement (首次出现，字段见统计报告)
[NEW] ls4.p0 (首次出现，字段见统计报告)
[NEW] ls4.k0 (首次出现，字段见统计报告)
[NEW] ls4.r0 (首次出现，字段见统计报告)
[NEW] px1.c (首次出现，字段见统计报告)
[NEW] px1.a (首次出现，字段见统计报告)
[NEW] px1.b (首次出现，字段见统计报告)
[NEW] ls4.q0 (首次出现，字段见统计报告)
[NEW] ls4.q (首次出现，字段见统计报告)
[NEW] ls4.e0 (首次出现，字段见统计报告)
[NEW] ls4.d0 (首次出现，字段见统计报告)
[NEW] ls4.u (首次出现，字段见统计报告)
[NEW] ls4.s (首次出现，字段见统计报告)
[NEW] ls4.n (首次出现，字段见统计报告)
[NEW] ls4.a0 (首次出现，字段见统计报告)
[NEW] ls4.h0 (首次出现，字段见统计报告)
[NEW] ls4.f (首次出现，字段见统计报告)
[NEW] ls4.a (首次出现，字段见统计报告)
[NEW] ls4.j (首次出现，字段见统计报告)
[NEW] ls4.k (首次出现，字段见统计报告)
[NEW] ls4.r (首次出现，字段见统计报告)
[NEW] ls4.f0 (首次出现，字段见统计报告)
[NEW] ls4.b (首次出现，字段见统计报告)
[NEW] ls4.g (首次出现，字段见统计报告)
[NEW] ls4.d (首次出现，字段见统计报告)
[NEW] ls4.c (首次出现，字段见统计报告)
[NEW] ls4.l0 (首次出现，字段见统计报告)
[NEW] ls4.h (首次出现，字段见统计报告)
[NEW] ls4.e (首次出现，字段见统计报告)
[NEW] ls4.m0 (首次出现，字段见统计报告)
[NEW] jw1.d (首次出现，字段见统计报告)
[NEW] com.tencent.mm.storage.emotion.EmojiInfo (首次出现，字段见统计报告)
[NEW] rc.g (首次出现，字段见统计报告)
[NEW] kc5.y (首次出现，字段见统计报告)
[NEW] ik3.i (首次出现，字段见统计报告)
[NEW] kc5.c0 (首次出现，字段见统计报告)
[NEW] uw5.c (首次出现，字段见统计报告)
[NEW] com.android.org.conscrypt.OpenSSLX509Certificate (首次出现，字段见统计报告)
[NEW] com.android.org.conscrypt.TrustManagerImpl$ExtendedKeyUsagePKIXCertPathChecker (首次出现，字段见统计报告)
[NEW] za3.u (首次出现，字段见统计报告)
[NEW] za3.v (首次出现，字段见统计报告)
[NEW] za3.c (首次出现，字段见统计报告)
[NEW] za3.i (首次出现，字段见统计报告)
[NEW] db3.b (首次出现，字段见统计报告)
[NEW] ib3.c (首次出现，字段见统计报告)
[NEW] za3.q (首次出现，字段见统计报告)
[NEW] pb3.a (首次出现，字段见统计报告)
[NEW] pb3.d (首次出现，字段见统计报告)
[NEW] eb3.k (首次出现，字段见统计报告)
[NEW] eb3.j (首次出现，字段见统计报告)
[NEW] fb3.c (首次出现，字段见统计报告)
[NEW] fb3.b (首次出现，字段见统计报告)
[NEW] ib3.d (首次出现，字段见统计报告)
[NEW] ib3.f (首次出现，字段见统计报告)
[NEW] za3.n (首次出现，字段见统计报告)
[NEW] za3.m (首次出现，字段见统计报告)
[NEW] c.t.m.sapp.c.a (首次出现，字段见统计报告)
[NEW] com.tencent.mm.app.WeChatSplashActivity (首次出现，字段见统计报告)
[NEW] iw5.g (首次出现，字段见统计报告)
[NEW] mx5.a1 (首次出现，字段见统计报告)
[NEW] com.tencent.mm.plugin.appbrand.appusage.AppBrandRecentTaskInfo (首次出现，字段见统计报告)
[NEW] af4.a (首次出现，字段见统计报告)
[NEW] kx5.m0 (首次出现，字段见统计报告)

========== addAll 类名统计（total=673）==========
[TOP1] com.tencent.mm.storage.emotion.EmojiInfo  ×356
  .A2 : java.lang.String = /data/user/0/com.tencent.mm/MicroMsg/b7c5fabdba77ec4298df1f8e53d9af0c/emoji/
  .B2 : java.lang.String = null
  .C2 : java.lang.String = null
  .D2 : int = 0
  .E2 : int = 2
  .F2 : java.lang.String = 
  .G2 : java.lang.String = null
  .H2 : com.tencent.mm.api.EmotionStrategyInfo = null
  .I2 : fk.z6 = SEND_FROM_SCENE_DEFAULT
  .CREATOR : android.os.Parcelable$Creator = g65.i@c3636e5
  .J2 : s45.e0 = s45.e0@1ed55ba
  .A : boolean = true
  .B : boolean = true
  .C : boolean = true
  .D : boolean = true
  .E : boolean = true
  .F : boolean = true
  .G : boolean = true
  .H : boolean = true
  .I : boolean = true
  .J : boolean = true
  .K : boolean = true
  .L : boolean = true
  .M : boolean = true
  .N : boolean = true
  .P : boolean = true
  .Q : boolean = true
  .R : boolean = true
  .S : boolean = true
  .T : boolean = true
  .U : boolean = true
  .V : boolean = true
  .W : boolean = true
  .X : boolean = true
  .Y : boolean = true
  .Z : boolean = true
  .d : boolean = true
  .e : boolean = true
  .f : boolean = true
  .field_activityid : java.lang.String = Selfie:e5b8090c05e2b96e041b06deaf5c4e3b
  .field_aeskey : java.lang.String = 8d2ed35c639d313349d5150015c54869
  .field_app_id : java.lang.String = 
  .field_attachTextColor : java.lang.String = FFFFFF
  .field_attachedEmojiMD5 : [B = [B@a085c6b
  .field_attachedText : java.lang.String = 硬醒
  .field_attr : java.lang.String = 
  .field_captureEnterTime : long = 0
  .field_captureScene : int = 0
  .field_captureStatus : int = 0
  .field_captureUploadCounter : int = 0
  .field_captureUploadErrCode : int = 0
  .field_catalog : int = 81
  .field_cdnUrl : java.lang.String = http://wxapp.tc.qq.com/262/20304/stodownload?m=31fa2d85114d70f4749adc54f090a915&
  .field_content : java.lang.String = 
  .field_custom_meaning : java.lang.String = null
  .field_designerID : java.lang.String = 
  .field_emojiFlag : long = 0
  .field_encrypturl : java.lang.String = http://wxapp.tc.qq.com/262/20304/stodownload?m=552437ce2890fbc99d8aa01931cd7ee8&
  .field_externMd5 : java.lang.String = e4e9fc259e7ea26a531dafd579f938a5
  .field_externUrl : java.lang.String = http://wxapp.tc.qq.com/262/20304/stodownload?m=0f25cb37f419cf311002c007d2a7ed81&
  .field_framesInfo : java.lang.String = 
  .field_groupId : java.lang.String = 
  .field_height : int = 0
  .field_idx : int = 0
  .field_imitateMd5 : java.lang.String = 
  .field_isOcrProcessed : int = 0
  .field_lastUseTime : long = 1779193464705
  .field_lensId : java.lang.String = 
  .field_linkId : java.lang.String = 
  .field_md5 : java.lang.String = 31fa2d85114d70f4749adc54f090a915
  .field_meanings : java.lang.String = null
  .field_name : java.lang.String = 
  .field_needupload : int = 0
  .field_reserved1 : java.lang.String = 
  .field_reserved2 : java.lang.String = 
  .field_reserved3 : int = 1
  .field_reserved4 : int = 1
  .field_size : int = 53970
  .field_source : int = 1
  .field_start : int = 0
  .field_state : int = 3
  .field_storeUnique : int = 0
  .field_svrid : java.lang.String = 
  .field_temp : int = 0
  .field_thumbUrl : java.lang.String = 
  .field_tpauthkey : java.lang.String = null
  .field_tpurl : java.lang.String = null
  .field_type : int = 1
  .field_width : int = 0
  .field_wxamMd5 : java.lang.String = null
  .g : boolean = true
  .h : boolean = true
  .i : boolean = true
  .l1 : boolean = true
  .m : boolean = true
  .n : boolean = true
  .o : boolean = true
  .p : boolean = true
  .p0 : boolean = true
  .p1 : boolean = true
  .q : boolean = true
  .r : boolean = true
  .s : boolean = true
  .t : boolean = true
  .u : boolean = true
  .v : boolean = true
  .v1 : boolean = true
  .w : boolean = true
  .x : boolean = true
  .x0 : boolean = true
  .y : boolean = true
  .y0 : boolean = true
  .z : boolean = true
  .A1 : int = 555704345
  .B1 : int = 3575610
  .C1 : int = 3530753
  .D1 : int = 109757538
  .E1 : int = 109757585
  .F1 : int = 3373707
  .G1 : int = 951530617
  .H1 : int = 2022955529
  .I1 : int = 2022955530
  .J1 : int = 2022955531
  .K1 : int = 2022955532
  .L1 : int = -1411074055
  .M1 : int = 293428218
  .N1 : int = 1736147326
  .O1 : int = -253322636
  .P1 : int = 104125
  .Q1 : int = 3556308
  .R1 : int = -896505829
  .S1 : int = -363311593
  .T1 : int = -28946106
  .U1 : int = 1566917561
  .V1 : int = -1364966910
  .W1 : int = -1512620822
  .X1 : int = -1421131984
  .Y1 : int = 113126854
  .Z1 : int = -1221029593
  .a2 : int = -609031761
  .b2 : int = -609039938
  .c2 : int = 2048620650
  .d2 : int = 110581107
  .e2 : int = 2063396283
  .f2 : int = 1767159665
  .g2 : int = -1664826127
  .h2 : int = 1961195224
  .i2 : int = -212895428
  .j2 : int = -1828144229
  .k2 : int = 1581142539
  .l2 : int = -275695851
  .m2 : int = -1555904225
  .n2 : int = -1106353479
  .o2 : int = 1822793073
  .p2 : int = 755498214
  .q2 : int = 3004913
  .r2 : int = -1102667083
  .s2 : int = -981791210
  .t2 : int = -1141075430
  .u2 : int = 411788079
  .v2 : int = 1686003922
  .w1 : w45.i0 = w45.i0@77a23c8
  .w2 : int = -1776909294
  .x1 : [Ljava.lang.String; = [Ljava.lang.String;@b4e5447
  .x2 : int = 108705909
  .y1 : int = 107902
  .y2 : s45.e0 = s45.e0@3f1b474
  .z1 : int = 109833162
  .z2 : v45.e = v45.e@89d5d9d
  .systemRowid : long = -1
  .COL_ROWID : java.lang.String = rowid
  .FIELD_PREFIX : java.lang.String = field_
  .SYSTEM_ROWID_FIELD : java.lang.String = rowid
  .TAG : java.lang.String = MicroMsg.SDK.IAutoDBItem
  .shadow$_klass_ : java.lang.Class = class com.tencent.mm.storage.emotion.EmojiInfo
  .shadow$_monitor_ : int = 0
[TOP2] com.tencent.mm.plugin.appbrand.appusage.AppBrandRecentTaskInfo  ×128
  .A : int = 0
  .B : boolean = false
  .C : long = 1776746062
  .D : int = 103967
  .E : int = 0
  .F : int = 0
  .G : boolean = false
  .v : java.lang.String = 119855199
  .w : java.lang.String = gh_870576f3c6f9@app
  .x : java.lang.String = 美团丨外卖团购特价美食酒店电影
  .y : java.lang.String = http://wx.qlogo.cn/mmhead/OM4v0FU2h0uaKUxzTLeRmuQ9GibmzugclJyqD36q6AYfaRFUoYALQs
  .z : int = 0
  .d : java.lang.String = gh_870576f3c6f9@app
  .e : java.lang.String = wxde8ac0a21135c07d
  .f : int = 0
  .g : int = 1543
  .h : java.lang.String = 美团丨外卖团购特价美食酒店电影
  .i : java.lang.String = null
  .m : java.lang.String = 
  .n : java.lang.String = http://wx.qlogo.cn/mmhead/OM4v0FU2h0uaKUxzTLeRmuQ9GibmzugclJyqD36q6AYfaRFUoYALQs
  .o : boolean = false
  .p : long = 0
  .q : long = 0
  .r : boolean = false
  .s : java.lang.String = null
  .t : java.lang.String = 
  .u : com.tencent.mm.plugin.appbrand.appusage.AppBrandCommUseInfo = null
  .CREATOR : android.os.Parcelable$Creator = com.tencent.mm.plugin.appbrand.appusage.h6@4f00d22
  .shadow$_klass_ : java.lang.Class = class com.tencent.mm.plugin.appbrand.appusage.AppBrandRecentTaskInfo
  .shadow$_monitor_ : int = 0
[TOP3] uw5.c  ×24
  .a : uw5.e = kotlin.Char
  .b : uw5.c = kotlin
  .c : uw5.c = <root>
  .shadow$_klass_ : java.lang.Class = class uw5.c
  .shadow$_monitor_ : int = 536870912
[TOP4] rc.g  ×23
  .a : java.util.Map = {isCNPayWalletRegion=rc.f@f6276d5, getAccountInfo=rc.f@adfaeea}
  .b : java.util.Map = {}
  .c : java.lang.Class = class com.tencent.mm.plugin.lite.dynamic_module.LiteAppModuleWx
  .d : java.lang.String = wx
  .shadow$_klass_ : java.lang.Class = class rc.g
  .shadow$_monitor_ : int = 0
[TOP5] miui.content.res.ThemeResources$FilterInfo  ×16
  .mFallback : com.miui.internal.content.res.ThemeFallback = com.miui.internal.content.res.ThemeFallback@cefbc18
  .mNightMode : boolean = false
  .mPackages : java.util.HashSet = null
  .mPath : java.lang.String = 
  .mValues : miui.content.res.ThemeValues = miui.content.res.ThemeValues@ff29671
  .shadow$_klass_ : java.lang.Class = class miui.content.res.ThemeResources$FilterInfo
  .shadow$_monitor_ : int = 0
[TOP6] kc5.y  ×12
  .d : com.tencent.mm.storage.l4 = com.tencent.mm.storage.l4@1b109c7
  .e : java.lang.CharSequence = 公众号
  .f : java.lang.String = 公众号
  .g : java.lang.CharSequence = 昨天
  .h : java.lang.CharSequence = 快讯: 贵定暴雨致7320人受灾，应急救援工作正有序开展，当地：今晚预报还有中到大雨，存在水位上涨可能
  .i : int = -1
  .m : int = 13
  .n : int = 0
  .o : int = 0
  .p : boolean = false
  .q : boolean = false
  .r : boolean = false
  .s : boolean = false
  .t : boolean = false
  .u : boolean = true
  .v : boolean = false
  .w : z15.fe7 = z15.fe7@a40d58c
  .x : boolean = false
  .y : java.lang.String = null
  .z : int = 1
  .shadow$_klass_ : java.lang.Class = class kc5.y
  .shadow$_monitor_ : int = 0
[TOP7] dalvik.system.DexPathList$NativeLibraryElement  ×11
  .initialized : boolean = false
  .path : java.io.File = /system/app/MiuiContentCatcher/MiuiContentCatcher.apk
  .urlHandler : libcore.io.ClassPathURLStreamHandler = null
  .zipDir : java.lang.String = lib/arm64-v8a
  .shadow$_klass_ : java.lang.Class = class dalvik.system.DexPathList$NativeLibraryElement
  .shadow$_monitor_ : int = 0
[TOP8] jw1.d  ×10
  .a : int = 1
  .b : int = 16
  .c : boolean = true
  .d : boolean = false
  .e : java.lang.ref.WeakReference = null
  .f : fw1.b = null
  .shadow$_klass_ : java.lang.Class = class jw1.d
  .shadow$_monitor_ : int = 0
[TOP9] kc5.c0  ×4
  .d : kc5.n = kc5.n@7e4ce95
  .shadow$_klass_ : java.lang.Class = class kc5.c0
  .shadow$_monitor_ : int = 0
[TOP10] com.android.org.conscrypt.OpenSSLX509Certificate  ×4
  .mContext : long = 495778570760
  .mHashCode : java.lang.Integer = 257618496
  .notAfter : java.util.Date = Sat Sep 12 07:59:59 GMT+08:00 2026
  .notBefore : java.util.Date = Wed Feb 25 08:00:00 GMT+08:00 2026
  .serialVersionUID : long = 1992239142393372128
  .issuerX500Principal : javax.security.auth.x500.X500Principal = null
  .subjectX500Principal : javax.security.auth.x500.X500Principal = null
  .serialVersionUID : long = -2491127588187038216
  .hash : int = 257618496
  .type : java.lang.String = X.509
  .serialVersionUID : long = -3585440601605666277
  .shadow$_klass_ : java.lang.Class = class com.android.org.conscrypt.OpenSSLX509Certificate
  .shadow$_monitor_ : int = 0
[TOP11] za3.u  ×4
  .d : fv5.l = null
  .e : int = -1
  .a : z93.e = null
  .b : ca3.c = null
  .c : java.lang.String = null
  .shadow$_klass_ : java.lang.Class = class za3.u
  .shadow$_monitor_ : int = 0
[TOP12] za3.v  ×4
  .d : fv5.l = null
  .e : int = -1
  .a : z93.e = null
  .b : ca3.c = null
  .c : java.lang.String = null
  .shadow$_klass_ : java.lang.Class = class za3.v
  .shadow$_monitor_ : int = 0
[TOP13] za3.c  ×4
  .d : fv5.l = null
  .e : int = -1
  .a : z93.e = null
  .b : ca3.c = null
  .c : java.lang.String = null
  .shadow$_klass_ : java.lang.Class = class za3.c
  .shadow$_monitor_ : int = 0
[TOP14] za3.i  ×4
  .d : fv5.l = null
  .e : int = -1
  .a : z93.e = null
  .b : ca3.c = null
  .c : java.lang.String = null
  .shadow$_klass_ : java.lang.Class = class za3.i
  .shadow$_monitor_ : int = 0
[TOP15] db3.b  ×4
  .d : fv5.l = null
  .e : int = -1
  .a : z93.e = null
  .b : ca3.c = null
  .c : java.lang.String = null
  .shadow$_klass_ : java.lang.Class = class db3.b
  .shadow$_monitor_ : int = 0
==================================================

[NEW] com.tencent.mm.plugin.taskbar.ui.c1 (首次出现，字段见统计报告)
[NEW] ki3.u (首次出现，字段见统计报告)
[NEW] com.tencent.mm.plugin.multitask.ui.panel.OverScrollMultiTaskRecyclerView (首次出现，字段见统计报告)
[NEW] wq.y0 (首次出现，字段见统计报告)
[NEW] wq.c1 (首次出现，字段见统计报告)
[NEW] wq.f (首次出现，字段见统计报告)
[NEW] wq.d (首次出现，字段见统计报告)
[NEW] wq.g1 (首次出现，字段见统计报告)

========== addAll 类名统计（total=1060）==========
[TOP1] com.tencent.mm.storage.emotion.EmojiInfo  ×712
  .A2 : java.lang.String = /data/user/0/com.tencent.mm/MicroMsg/b7c5fabdba77ec4298df1f8e53d9af0c/emoji/
  .B2 : java.lang.String = null
  .C2 : java.lang.String = null
  .D2 : int = 0
  .E2 : int = 2
  .F2 : java.lang.String = 
  .G2 : java.lang.String = null
  .H2 : com.tencent.mm.api.EmotionStrategyInfo = null
  .I2 : fk.z6 = SEND_FROM_SCENE_DEFAULT
  .CREATOR : android.os.Parcelable$Creator = g65.i@c3636e5
  .J2 : s45.e0 = s45.e0@1ed55ba
  .A : boolean = true
  .B : boolean = true
  .C : boolean = true
  .D : boolean = true
  .E : boolean = true
  .F : boolean = true
  .G : boolean = true
  .H : boolean = true
  .I : boolean = true
  .J : boolean = true
  .K : boolean = true
  .L : boolean = true
  .M : boolean = true
  .N : boolean = true
  .P : boolean = true
  .Q : boolean = true
  .R : boolean = true
  .S : boolean = true
  .T : boolean = true
  .U : boolean = true
  .V : boolean = true
  .W : boolean = true
  .X : boolean = true
  .Y : boolean = true
  .Z : boolean = true
  .d : boolean = true
  .e : boolean = true
  .f : boolean = true
  .field_activityid : java.lang.String = Selfie:e5b8090c05e2b96e041b06deaf5c4e3b
  .field_aeskey : java.lang.String = 8d2ed35c639d313349d5150015c54869
  .field_app_id : java.lang.String = 
  .field_attachTextColor : java.lang.String = FFFFFF
  .field_attachedEmojiMD5 : [B = [B@a085c6b
  .field_attachedText : java.lang.String = 硬醒
  .field_attr : java.lang.String = 
  .field_captureEnterTime : long = 0
  .field_captureScene : int = 0
  .field_captureStatus : int = 0
  .field_captureUploadCounter : int = 0
  .field_captureUploadErrCode : int = 0
  .field_catalog : int = 81
  .field_cdnUrl : java.lang.String = http://wxapp.tc.qq.com/262/20304/stodownload?m=31fa2d85114d70f4749adc54f090a915&
  .field_content : java.lang.String = 
  .field_custom_meaning : java.lang.String = null
  .field_designerID : java.lang.String = 
  .field_emojiFlag : long = 0
  .field_encrypturl : java.lang.String = http://wxapp.tc.qq.com/262/20304/stodownload?m=552437ce2890fbc99d8aa01931cd7ee8&
  .field_externMd5 : java.lang.String = e4e9fc259e7ea26a531dafd579f938a5
  .field_externUrl : java.lang.String = http://wxapp.tc.qq.com/262/20304/stodownload?m=0f25cb37f419cf311002c007d2a7ed81&
  .field_framesInfo : java.lang.String = 
  .field_groupId : java.lang.String = 
  .field_height : int = 0
  .field_idx : int = 0
  .field_imitateMd5 : java.lang.String = 
  .field_isOcrProcessed : int = 0
  .field_lastUseTime : long = 1779193464705
  .field_lensId : java.lang.String = 
  .field_linkId : java.lang.String = 
  .field_md5 : java.lang.String = 31fa2d85114d70f4749adc54f090a915
  .field_meanings : java.lang.String = null
  .field_name : java.lang.String = 
  .field_needupload : int = 0
  .field_reserved1 : java.lang.String = 
  .field_reserved2 : java.lang.String = 
  .field_reserved3 : int = 1
  .field_reserved4 : int = 1
  .field_size : int = 53970
  .field_source : int = 1
  .field_start : int = 0
  .field_state : int = 3
  .field_storeUnique : int = 0
  .field_svrid : java.lang.String = 
  .field_temp : int = 0
  .field_thumbUrl : java.lang.String = 
  .field_tpauthkey : java.lang.String = null
  .field_tpurl : java.lang.String = null
  .field_type : int = 1
  .field_width : int = 0
  .field_wxamMd5 : java.lang.String = null
  .g : boolean = true
  .h : boolean = true
  .i : boolean = true
  .l1 : boolean = true
  .m : boolean = true
  .n : boolean = true
  .o : boolean = true
  .p : boolean = true
  .p0 : boolean = true
  .p1 : boolean = true
  .q : boolean = true
  .r : boolean = true
  .s : boolean = true
  .t : boolean = true
  .u : boolean = true
  .v : boolean = true
  .v1 : boolean = true
  .w : boolean = true
  .x : boolean = true
  .x0 : boolean = true
  .y : boolean = true
  .y0 : boolean = true
  .z : boolean = true
  .A1 : int = 555704345
  .B1 : int = 3575610
  .C1 : int = 3530753
  .D1 : int = 109757538
  .E1 : int = 109757585
  .F1 : int = 3373707
  .G1 : int = 951530617
  .H1 : int = 2022955529
  .I1 : int = 2022955530
  .J1 : int = 2022955531
  .K1 : int = 2022955532
  .L1 : int = -1411074055
  .M1 : int = 293428218
  .N1 : int = 1736147326
  .O1 : int = -253322636
  .P1 : int = 104125
  .Q1 : int = 3556308
  .R1 : int = -896505829
  .S1 : int = -363311593
  .T1 : int = -28946106
  .U1 : int = 1566917561
  .V1 : int = -1364966910
  .W1 : int = -1512620822
  .X1 : int = -1421131984
  .Y1 : int = 113126854
  .Z1 : int = -1221029593
  .a2 : int = -609031761
  .b2 : int = -609039938
  .c2 : int = 2048620650
  .d2 : int = 110581107
  .e2 : int = 2063396283
  .f2 : int = 1767159665
  .g2 : int = -1664826127
  .h2 : int = 1961195224
  .i2 : int = -212895428
  .j2 : int = -1828144229
  .k2 : int = 1581142539
  .l2 : int = -275695851
  .m2 : int = -1555904225
  .n2 : int = -1106353479
  .o2 : int = 1822793073
  .p2 : int = 755498214
  .q2 : int = 3004913
  .r2 : int = -1102667083
  .s2 : int = -981791210
  .t2 : int = -1141075430
  .u2 : int = 411788079
  .v2 : int = 1686003922
  .w1 : w45.i0 = w45.i0@77a23c8
  .w2 : int = -1776909294
  .x1 : [Ljava.lang.String; = [Ljava.lang.String;@b4e5447
  .x2 : int = 108705909
  .y1 : int = 107902
  .y2 : s45.e0 = s45.e0@3f1b474
  .z1 : int = 109833162
  .z2 : v45.e = v45.e@89d5d9d
  .systemRowid : long = -1
  .COL_ROWID : java.lang.String = rowid
  .FIELD_PREFIX : java.lang.String = field_
  .SYSTEM_ROWID_FIELD : java.lang.String = rowid
  .TAG : java.lang.String = MicroMsg.SDK.IAutoDBItem
  .shadow$_klass_ : java.lang.Class = class com.tencent.mm.storage.emotion.EmojiInfo
  .shadow$_monitor_ : int = 0
[TOP2] com.tencent.mm.plugin.appbrand.appusage.AppBrandRecentTaskInfo  ×128
  .A : int = 0
  .B : boolean = false
  .C : long = 1776746062
  .D : int = 103967
  .E : int = 0
  .F : int = 0
  .G : boolean = false
  .v : java.lang.String = 119855199
  .w : java.lang.String = gh_870576f3c6f9@app
  .x : java.lang.String = 美团丨外卖团购特价美食酒店电影
  .y : java.lang.String = http://wx.qlogo.cn/mmhead/OM4v0FU2h0uaKUxzTLeRmuQ9GibmzugclJyqD36q6AYfaRFUoYALQs
  .z : int = 0
  .d : java.lang.String = gh_870576f3c6f9@app
  .e : java.lang.String = wxde8ac0a21135c07d
  .f : int = 0
  .g : int = 1543
  .h : java.lang.String = 美团丨外卖团购特价美食酒店电影
  .i : java.lang.String = null
  .m : java.lang.String = 
  .n : java.lang.String = http://wx.qlogo.cn/mmhead/OM4v0FU2h0uaKUxzTLeRmuQ9GibmzugclJyqD36q6AYfaRFUoYALQs
  .o : boolean = false
  .p : long = 0
  .q : long = 0
  .r : boolean = false
  .s : java.lang.String = null
  .t : java.lang.String = 
  .u : com.tencent.mm.plugin.appbrand.appusage.AppBrandCommUseInfo = null
  .CREATOR : android.os.Parcelable$Creator = com.tencent.mm.plugin.appbrand.appusage.h6@4f00d22
  .shadow$_klass_ : java.lang.Class = class com.tencent.mm.plugin.appbrand.appusage.AppBrandRecentTaskInfo
  .shadow$_monitor_ : int = 0
[TOP3] uw5.c  ×24
  .a : uw5.e = kotlin.Char
  .b : uw5.c = kotlin
  .c : uw5.c = <root>
  .shadow$_klass_ : java.lang.Class = class uw5.c
  .shadow$_monitor_ : int = 536870912
[TOP4] rc.g  ×23
  .a : java.util.Map = {isCNPayWalletRegion=rc.f@f6276d5, getAccountInfo=rc.f@adfaeea}
  .b : java.util.Map = {}
  .c : java.lang.Class = class com.tencent.mm.plugin.lite.dynamic_module.LiteAppModuleWx
  .d : java.lang.String = wx
  .shadow$_klass_ : java.lang.Class = class rc.g
  .shadow$_monitor_ : int = 0
[TOP5] miui.content.res.ThemeResources$FilterInfo  ×16
  .mFallback : com.miui.internal.content.res.ThemeFallback = com.miui.internal.content.res.ThemeFallback@cefbc18
  .mNightMode : boolean = false
  .mPackages : java.util.HashSet = null
  .mPath : java.lang.String = 
  .mValues : miui.content.res.ThemeValues = miui.content.res.ThemeValues@ff29671
  .shadow$_klass_ : java.lang.Class = class miui.content.res.ThemeResources$FilterInfo
  .shadow$_monitor_ : int = 0
[TOP6] jw1.d  ×12
  .a : int = 1
  .b : int = 16
  .c : boolean = true
  .d : boolean = false
  .e : java.lang.ref.WeakReference = null
  .f : fw1.b = null
  .shadow$_klass_ : java.lang.Class = class jw1.d
  .shadow$_monitor_ : int = 0
[TOP7] kc5.y  ×12
  .d : com.tencent.mm.storage.l4 = com.tencent.mm.storage.l4@1b109c7
  .e : java.lang.CharSequence = 公众号
  .f : java.lang.String = 公众号
  .g : java.lang.CharSequence = 昨天
  .h : java.lang.CharSequence = 快讯: 贵定暴雨致7320人受灾，应急救援工作正有序开展，当地：今晚预报还有中到大雨，存在水位上涨可能
  .i : int = -1
  .m : int = 13
  .n : int = 0
  .o : int = 0
  .p : boolean = false
  .q : boolean = false
  .r : boolean = false
  .s : boolean = false
  .t : boolean = false
  .u : boolean = true
  .v : boolean = false
  .w : z15.fe7 = z15.fe7@a40d58c
  .x : boolean = false
  .y : java.lang.String = null
  .z : int = 1
  .shadow$_klass_ : java.lang.Class = class kc5.y
  .shadow$_monitor_ : int = 0
[TOP8] dalvik.system.DexPathList$NativeLibraryElement  ×11
  .initialized : boolean = false
  .path : java.io.File = /system/app/MiuiContentCatcher/MiuiContentCatcher.apk
  .urlHandler : libcore.io.ClassPathURLStreamHandler = null
  .zipDir : java.lang.String = lib/arm64-v8a
  .shadow$_klass_ : java.lang.Class = class dalvik.system.DexPathList$NativeLibraryElement
  .shadow$_monitor_ : int = 0
[TOP9] wq.y0  ×10
  .a : wq.r = wq.s@c7449e3
  .b : int = -1
  .shadow$_klass_ : java.lang.Class = class wq.y0
  .shadow$_monitor_ : int = 536870912
[TOP10] mx5.a1  ×6
  .e : mx5.c2 = TypedList
  .f : java.util.List = []
  .g : boolean = false
  .h : fx5.s = kx5.h@bd964fd
  .i : fv5.l = yv5.a@d6b5ac0
  .d : int = 0
[TOP11] kc5.c0  ×4
  .d : kc5.n = kc5.n@7e4ce95
  .shadow$_klass_ : java.lang.Class = class kc5.c0
  .shadow$_monitor_ : int = 0
[TOP12] com.android.org.conscrypt.OpenSSLX509Certificate  ×4
  .mContext : long = 495778570760
  .mHashCode : java.lang.Integer = 257618496
  .notAfter : java.util.Date = Sat Sep 12 07:59:59 GMT+08:00 2026
  .notBefore : java.util.Date = Wed Feb 25 08:00:00 GMT+08:00 2026
  .serialVersionUID : long = 1992239142393372128
  .issuerX500Principal : javax.security.auth.x500.X500Principal = null
  .subjectX500Principal : javax.security.auth.x500.X500Principal = null
  .serialVersionUID : long = -2491127588187038216
  .hash : int = 257618496
  .type : java.lang.String = X.509
  .serialVersionUID : long = -3585440601605666277
  .shadow$_klass_ : java.lang.Class = class com.android.org.conscrypt.OpenSSLX509Certificate
  .shadow$_monitor_ : int = 0
[TOP13] za3.u  ×4
  .d : fv5.l = null
  .e : int = -1
  .a : z93.e = null
  .b : ca3.c = null
  .c : java.lang.String = null
  .shadow$_klass_ : java.lang.Class = class za3.u
  .shadow$_monitor_ : int = 0
[TOP14] za3.v  ×4
  .d : fv5.l = null
  .e : int = -1
  .a : z93.e = null
  .b : ca3.c = null
  .c : java.lang.String = null
  .shadow$_klass_ : java.lang.Class = class za3.v
  .shadow$_monitor_ : int = 0
[TOP15] za3.c  ×4
  .d : fv5.l = null
  .e : int = -1
  .a : z93.e = null
  .b : ca3.c = null
  .c : java.lang.String = null
  .shadow$_klass_ : java.lang.Class = class za3.c
  .shadow$_monitor_ : int = 0
==================================================


========== addAll 类名统计（total=1060）==========
[TOP1] com.tencent.mm.storage.emotion.EmojiInfo  ×712
  .A2 : java.lang.String = /data/user/0/com.tencent.mm/MicroMsg/b7c5fabdba77ec4298df1f8e53d9af0c/emoji/
  .B2 : java.lang.String = null
  .C2 : java.lang.String = null
  .D2 : int = 0
  .E2 : int = 2
  .F2 : java.lang.String = 
  .G2 : java.lang.String = null
  .H2 : com.tencent.mm.api.EmotionStrategyInfo = null
  .I2 : fk.z6 = SEND_FROM_SCENE_DEFAULT
  .CREATOR : android.os.Parcelable$Creator = g65.i@c3636e5
  .J2 : s45.e0 = s45.e0@1ed55ba
  .A : boolean = true
  .B : boolean = true
  .C : boolean = true
  .D : boolean = true
  .E : boolean = true
  .F : boolean = true
  .G : boolean = true
  .H : boolean = true
  .I : boolean = true
  .J : boolean = true
  .K : boolean = true
  .L : boolean = true
  .M : boolean = true
  .N : boolean = true
  .P : boolean = true
  .Q : boolean = true
  .R : boolean = true
  .S : boolean = true
  .T : boolean = true
  .U : boolean = true
  .V : boolean = true
  .W : boolean = true
  .X : boolean = true
  .Y : boolean = true
  .Z : boolean = true
  .d : boolean = true
  .e : boolean = true
  .f : boolean = true
  .field_activityid : java.lang.String = Selfie:e5b8090c05e2b96e041b06deaf5c4e3b
  .field_aeskey : java.lang.String = 8d2ed35c639d313349d5150015c54869
  .field_app_id : java.lang.String = 
  .field_attachTextColor : java.lang.String = FFFFFF
  .field_attachedEmojiMD5 : [B = [B@a085c6b
  .field_attachedText : java.lang.String = 硬醒
  .field_attr : java.lang.String = 
  .field_captureEnterTime : long = 0
  .field_captureScene : int = 0
  .field_captureStatus : int = 0
  .field_captureUploadCounter : int = 0
  .field_captureUploadErrCode : int = 0
  .field_catalog : int = 81
  .field_cdnUrl : java.lang.String = http://wxapp.tc.qq.com/262/20304/stodownload?m=31fa2d85114d70f4749adc54f090a915&
  .field_content : java.lang.String = 
  .field_custom_meaning : java.lang.String = null
  .field_designerID : java.lang.String = 
  .field_emojiFlag : long = 0
  .field_encrypturl : java.lang.String = http://wxapp.tc.qq.com/262/20304/stodownload?m=552437ce2890fbc99d8aa01931cd7ee8&
  .field_externMd5 : java.lang.String = e4e9fc259e7ea26a531dafd579f938a5
  .field_externUrl : java.lang.String = http://wxapp.tc.qq.com/262/20304/stodownload?m=0f25cb37f419cf311002c007d2a7ed81&
  .field_framesInfo : java.lang.String = 
  .field_groupId : java.lang.String = 
  .field_height : int = 0
  .field_idx : int = 0
  .field_imitateMd5 : java.lang.String = 
  .field_isOcrProcessed : int = 0
  .field_lastUseTime : long = 1779193464705
  .field_lensId : java.lang.String = 
  .field_linkId : java.lang.String = 
  .field_md5 : java.lang.String = 31fa2d85114d70f4749adc54f090a915
  .field_meanings : java.lang.String = null
  .field_name : java.lang.String = 
  .field_needupload : int = 0
  .field_reserved1 : java.lang.String = 
  .field_reserved2 : java.lang.String = 
  .field_reserved3 : int = 1
  .field_reserved4 : int = 1
  .field_size : int = 53970
  .field_source : int = 1
  .field_start : int = 0
  .field_state : int = 3
  .field_storeUnique : int = 0
  .field_svrid : java.lang.String = 
  .field_temp : int = 0
  .field_thumbUrl : java.lang.String = 
  .field_tpauthkey : java.lang.String = null
  .field_tpurl : java.lang.String = null
  .field_type : int = 1
  .field_width : int = 0
  .field_wxamMd5 : java.lang.String = null
  .g : boolean = true
  .h : boolean = true
  .i : boolean = true
  .l1 : boolean = true
  .m : boolean = true
  .n : boolean = true
  .o : boolean = true
  .p : boolean = true
  .p0 : boolean = true
  .p1 : boolean = true
  .q : boolean = true
  .r : boolean = true
  .s : boolean = true
  .t : boolean = true
  .u : boolean = true
  .v : boolean = true
  .v1 : boolean = true
  .w : boolean = true
  .x : boolean = true
  .x0 : boolean = true
  .y : boolean = true
  .y0 : boolean = true
  .z : boolean = true
  .A1 : int = 555704345
  .B1 : int = 3575610
  .C1 : int = 3530753
  .D1 : int = 109757538
  .E1 : int = 109757585
  .F1 : int = 3373707
  .G1 : int = 951530617
  .H1 : int = 2022955529
  .I1 : int = 2022955530
  .J1 : int = 2022955531
  .K1 : int = 2022955532
  .L1 : int = -1411074055
  .M1 : int = 293428218
  .N1 : int = 1736147326
  .O1 : int = -253322636
  .P1 : int = 104125
  .Q1 : int = 3556308
  .R1 : int = -896505829
  .S1 : int = -363311593
  .T1 : int = -28946106
  .U1 : int = 1566917561
  .V1 : int = -1364966910
  .W1 : int = -1512620822
  .X1 : int = -1421131984
  .Y1 : int = 113126854
  .Z1 : int = -1221029593
  .a2 : int = -609031761
  .b2 : int = -609039938
  .c2 : int = 2048620650
  .d2 : int = 110581107
  .e2 : int = 2063396283
  .f2 : int = 1767159665
  .g2 : int = -1664826127
  .h2 : int = 1961195224
  .i2 : int = -212895428
  .j2 : int = -1828144229
  .k2 : int = 1581142539
  .l2 : int = -275695851
  .m2 : int = -1555904225
  .n2 : int = -1106353479
  .o2 : int = 1822793073
  .p2 : int = 755498214
  .q2 : int = 3004913
  .r2 : int = -1102667083
  .s2 : int = -981791210
  .t2 : int = -1141075430
  .u2 : int = 411788079
  .v2 : int = 1686003922
  .w1 : w45.i0 = w45.i0@77a23c8
  .w2 : int = -1776909294
  .x1 : [Ljava.lang.String; = [Ljava.lang.String;@b4e5447
  .x2 : int = 108705909
  .y1 : int = 107902
  .y2 : s45.e0 = s45.e0@3f1b474
  .z1 : int = 109833162
  .z2 : v45.e = v45.e@89d5d9d
  .systemRowid : long = -1
  .COL_ROWID : java.lang.String = rowid
  .FIELD_PREFIX : java.lang.String = field_
  .SYSTEM_ROWID_FIELD : java.lang.String = rowid
  .TAG : java.lang.String = MicroMsg.SDK.IAutoDBItem
  .shadow$_klass_ : java.lang.Class = class com.tencent.mm.storage.emotion.EmojiInfo
  .shadow$_monitor_ : int = 0
[TOP2] com.tencent.mm.plugin.appbrand.appusage.AppBrandRecentTaskInfo  ×128
  .A : int = 0
  .B : boolean = false
  .C : long = 1776746062
  .D : int = 103967
  .E : int = 0
  .F : int = 0
  .G : boolean = false
  .v : java.lang.String = 119855199
  .w : java.lang.String = gh_870576f3c6f9@app
  .x : java.lang.String = 美团丨外卖团购特价美食酒店电影
  .y : java.lang.String = http://wx.qlogo.cn/mmhead/OM4v0FU2h0uaKUxzTLeRmuQ9GibmzugclJyqD36q6AYfaRFUoYALQs
  .z : int = 0
  .d : java.lang.String = gh_870576f3c6f9@app
  .e : java.lang.String = wxde8ac0a21135c07d
  .f : int = 0
  .g : int = 1543
  .h : java.lang.String = 美团丨外卖团购特价美食酒店电影
  .i : java.lang.String = null
  .m : java.lang.String = 
  .n : java.lang.String = http://wx.qlogo.cn/mmhead/OM4v0FU2h0uaKUxzTLeRmuQ9GibmzugclJyqD36q6AYfaRFUoYALQs
  .o : boolean = false
  .p : long = 0
  .q : long = 0
  .r : boolean = false
  .s : java.lang.String = null
  .t : java.lang.String = 
  .u : com.tencent.mm.plugin.appbrand.appusage.AppBrandCommUseInfo = null
  .CREATOR : android.os.Parcelable$Creator = com.tencent.mm.plugin.appbrand.appusage.h6@4f00d22
  .shadow$_klass_ : java.lang.Class = class com.tencent.mm.plugin.appbrand.appusage.AppBrandRecentTaskInfo
  .shadow$_monitor_ : int = 0
[TOP3] uw5.c  ×24
  .a : uw5.e = kotlin.Char
  .b : uw5.c = kotlin
  .c : uw5.c = <root>
  .shadow$_klass_ : java.lang.Class = class uw5.c
  .shadow$_monitor_ : int = 536870912
[TOP4] rc.g  ×23
  .a : java.util.Map = {isCNPayWalletRegion=rc.f@f6276d5, getAccountInfo=rc.f@adfaeea}
  .b : java.util.Map = {}
  .c : java.lang.Class = class com.tencent.mm.plugin.lite.dynamic_module.LiteAppModuleWx
  .d : java.lang.String = wx
  .shadow$_klass_ : java.lang.Class = class rc.g
  .shadow$_monitor_ : int = 0
[TOP5] miui.content.res.ThemeResources$FilterInfo  ×16
  .mFallback : com.miui.internal.content.res.ThemeFallback = com.miui.internal.content.res.ThemeFallback@cefbc18
  .mNightMode : boolean = false
  .mPackages : java.util.HashSet = null
  .mPath : java.lang.String = 
  .mValues : miui.content.res.ThemeValues = miui.content.res.ThemeValues@ff29671
  .shadow$_klass_ : java.lang.Class = class miui.content.res.ThemeResources$FilterInfo
  .shadow$_monitor_ : int = 0
[TOP6] jw1.d  ×12
  .a : int = 1
  .b : int = 16
  .c : boolean = true
  .d : boolean = false
  .e : java.lang.ref.WeakReference = null
  .f : fw1.b = null
  .shadow$_klass_ : java.lang.Class = class jw1.d
  .shadow$_monitor_ : int = 0
[TOP7] kc5.y  ×12
  .d : com.tencent.mm.storage.l4 = com.tencent.mm.storage.l4@1b109c7
  .e : java.lang.CharSequence = 公众号
  .f : java.lang.String = 公众号
  .g : java.lang.CharSequence = 昨天
  .h : java.lang.CharSequence = 快讯: 贵定暴雨致7320人受灾，应急救援工作正有序开展，当地：今晚预报还有中到大雨，存在水位上涨可能
  .i : int = -1
  .m : int = 13
  .n : int = 0
  .o : int = 0
  .p : boolean = false
  .q : boolean = false
  .r : boolean = false
  .s : boolean = false
  .t : boolean = false
  .u : boolean = true
  .v : boolean = false
  .w : z15.fe7 = z15.fe7@a40d58c
  .x : boolean = false
  .y : java.lang.String = null
  .z : int = 1
  .shadow$_klass_ : java.lang.Class = class kc5.y
  .shadow$_monitor_ : int = 0
[TOP8] dalvik.system.DexPathList$NativeLibraryElement  ×11
  .initialized : boolean = false
  .path : java.io.File = /system/app/MiuiContentCatcher/MiuiContentCatcher.apk
  .urlHandler : libcore.io.ClassPathURLStreamHandler = null
  .zipDir : java.lang.String = lib/arm64-v8a
  .shadow$_klass_ : java.lang.Class = class dalvik.system.DexPathList$NativeLibraryElement
  .shadow$_monitor_ : int = 0
[TOP9] wq.y0  ×10
  .a : wq.r = wq.s@c7449e3
  .b : int = -1
  .shadow$_klass_ : java.lang.Class = class wq.y0
  .shadow$_monitor_ : int = 536870912
[TOP10] mx5.a1  ×6
  .e : mx5.c2 = TypedList
  .f : java.util.List = []
  .g : boolean = false
  .h : fx5.s = kx5.h@bd964fd
  .i : fv5.l = yv5.a@d6b5ac0
  .d : int = 0
[TOP11] kc5.c0  ×4
  .d : kc5.n = kc5.n@7e4ce95
  .shadow$_klass_ : java.lang.Class = class kc5.c0
  .shadow$_monitor_ : int = 0
[TOP12] com.android.org.conscrypt.OpenSSLX509Certificate  ×4
  .mContext : long = 495778570760
  .mHashCode : java.lang.Integer = 257618496
  .notAfter : java.util.Date = Sat Sep 12 07:59:59 GMT+08:00 2026
  .notBefore : java.util.Date = Wed Feb 25 08:00:00 GMT+08:00 2026
  .serialVersionUID : long = 1992239142393372128
  .issuerX500Principal : javax.security.auth.x500.X500Principal = null
  .subjectX500Principal : javax.security.auth.x500.X500Principal = null
  .serialVersionUID : long = -2491127588187038216
  .hash : int = 257618496
  .type : java.lang.String = X.509
  .serialVersionUID : long = -3585440601605666277
  .shadow$_klass_ : java.lang.Class = class com.android.org.conscrypt.OpenSSLX509Certificate
  .shadow$_monitor_ : int = 0
[TOP13] za3.u  ×4
  .d : fv5.l = null
  .e : int = -1
  .a : z93.e = null
  .b : ca3.c = null
  .c : java.lang.String = null
  .shadow$_klass_ : java.lang.Class = class za3.u
  .shadow$_monitor_ : int = 0
[TOP14] za3.v  ×4
  .d : fv5.l = null
  .e : int = -1
  .a : z93.e = null
  .b : ca3.c = null
  .c : java.lang.String = null
  .shadow$_klass_ : java.lang.Class = class za3.v
  .shadow$_monitor_ : int = 0
[TOP15] za3.c  ×4
  .d : fv5.l = null
  .e : int = -1
  .a : z93.e = null
  .b : ca3.c = null
  .c : java.lang.String = null
  .shadow$_klass_ : java.lang.Class = class za3.c
  .shadow$_monitor_ : int = 0
==================================================


========== addAll 类名统计（total=1060）==========
[TOP1] com.tencent.mm.storage.emotion.EmojiInfo  ×712
  .A2 : java.lang.String = /data/user/0/com.tencent.mm/MicroMsg/b7c5fabdba77ec4298df1f8e53d9af0c/emoji/
  .B2 : java.lang.String = null
  .C2 : java.lang.String = null
  .D2 : int = 0
  .E2 : int = 2
  .F2 : java.lang.String = 
  .G2 : java.lang.String = null
  .H2 : com.tencent.mm.api.EmotionStrategyInfo = null
  .I2 : fk.z6 = SEND_FROM_SCENE_DEFAULT
  .CREATOR : android.os.Parcelable$Creator = g65.i@c3636e5
  .J2 : s45.e0 = s45.e0@1ed55ba
  .A : boolean = true
  .B : boolean = true
  .C : boolean = true
  .D : boolean = true
  .E : boolean = true
  .F : boolean = true
  .G : boolean = true
  .H : boolean = true
  .I : boolean = true
  .J : boolean = true
  .K : boolean = true
  .L : boolean = true
  .M : boolean = true
  .N : boolean = true
  .P : boolean = true
  .Q : boolean = true
  .R : boolean = true
  .S : boolean = true
  .T : boolean = true
  .U : boolean = true
  .V : boolean = true
  .W : boolean = true
  .X : boolean = true
  .Y : boolean = true
  .Z : boolean = true
  .d : boolean = true
  .e : boolean = true
  .f : boolean = true
  .field_activityid : java.lang.String = Selfie:e5b8090c05e2b96e041b06deaf5c4e3b
  .field_aeskey : java.lang.String = 8d2ed35c639d313349d5150015c54869
  .field_app_id : java.lang.String = 
  .field_attachTextColor : java.lang.String = FFFFFF
  .field_attachedEmojiMD5 : [B = [B@a085c6b
  .field_attachedText : java.lang.String = 硬醒
  .field_attr : java.lang.String = 
  .field_captureEnterTime : long = 0
  .field_captureScene : int = 0
  .field_captureStatus : int = 0
  .field_captureUploadCounter : int = 0
  .field_captureUploadErrCode : int = 0
  .field_catalog : int = 81
  .field_cdnUrl : java.lang.String = http://wxapp.tc.qq.com/262/20304/stodownload?m=31fa2d85114d70f4749adc54f090a915&
  .field_content : java.lang.String = 
  .field_custom_meaning : java.lang.String = null
  .field_designerID : java.lang.String = 
  .field_emojiFlag : long = 0
  .field_encrypturl : java.lang.String = http://wxapp.tc.qq.com/262/20304/stodownload?m=552437ce2890fbc99d8aa01931cd7ee8&
  .field_externMd5 : java.lang.String = e4e9fc259e7ea26a531dafd579f938a5
  .field_externUrl : java.lang.String = http://wxapp.tc.qq.com/262/20304/stodownload?m=0f25cb37f419cf311002c007d2a7ed81&
  .field_framesInfo : java.lang.String = 
  .field_groupId : java.lang.String = 
  .field_height : int = 0
  .field_idx : int = 0
  .field_imitateMd5 : java.lang.String = 
  .field_isOcrProcessed : int = 0
  .field_lastUseTime : long = 1779193464705
  .field_lensId : java.lang.String = 
  .field_linkId : java.lang.String = 
  .field_md5 : java.lang.String = 31fa2d85114d70f4749adc54f090a915
  .field_meanings : java.lang.String = null
  .field_name : java.lang.String = 
  .field_needupload : int = 0
  .field_reserved1 : java.lang.String = 
  .field_reserved2 : java.lang.String = 
  .field_reserved3 : int = 1
  .field_reserved4 : int = 1
  .field_size : int = 53970
  .field_source : int = 1
  .field_start : int = 0
  .field_state : int = 3
  .field_storeUnique : int = 0
  .field_svrid : java.lang.String = 
  .field_temp : int = 0
  .field_thumbUrl : java.lang.String = 
  .field_tpauthkey : java.lang.String = null
  .field_tpurl : java.lang.String = null
  .field_type : int = 1
  .field_width : int = 0
  .field_wxamMd5 : java.lang.String = null
  .g : boolean = true
  .h : boolean = true
  .i : boolean = true
  .l1 : boolean = true
  .m : boolean = true
  .n : boolean = true
  .o : boolean = true
  .p : boolean = true
  .p0 : boolean = true
  .p1 : boolean = true
  .q : boolean = true
  .r : boolean = true
  .s : boolean = true
  .t : boolean = true
  .u : boolean = true
  .v : boolean = true
  .v1 : boolean = true
  .w : boolean = true
  .x : boolean = true
  .x0 : boolean = true
  .y : boolean = true
  .y0 : boolean = true
  .z : boolean = true
  .A1 : int = 555704345
  .B1 : int = 3575610
  .C1 : int = 3530753
  .D1 : int = 109757538
  .E1 : int = 109757585
  .F1 : int = 3373707
  .G1 : int = 951530617
  .H1 : int = 2022955529
  .I1 : int = 2022955530
  .J1 : int = 2022955531
  .K1 : int = 2022955532
  .L1 : int = -1411074055
  .M1 : int = 293428218
  .N1 : int = 1736147326
  .O1 : int = -253322636
  .P1 : int = 104125
  .Q1 : int = 3556308
  .R1 : int = -896505829
  .S1 : int = -363311593
  .T1 : int = -28946106
  .U1 : int = 1566917561
  .V1 : int = -1364966910
  .W1 : int = -1512620822
  .X1 : int = -1421131984
  .Y1 : int = 113126854
  .Z1 : int = -1221029593
  .a2 : int = -609031761
  .b2 : int = -609039938
  .c2 : int = 2048620650
  .d2 : int = 110581107
  .e2 : int = 2063396283
  .f2 : int = 1767159665
  .g2 : int = -1664826127
  .h2 : int = 1961195224
  .i2 : int = -212895428
  .j2 : int = -1828144229
  .k2 : int = 1581142539
  .l2 : int = -275695851
  .m2 : int = -1555904225
  .n2 : int = -1106353479
  .o2 : int = 1822793073
  .p2 : int = 755498214
  .q2 : int = 3004913
  .r2 : int = -1102667083
  .s2 : int = -981791210
  .t2 : int = -1141075430
  .u2 : int = 411788079
  .v2 : int = 1686003922
  .w1 : w45.i0 = w45.i0@77a23c8
  .w2 : int = -1776909294
  .x1 : [Ljava.lang.String; = [Ljava.lang.String;@b4e5447
  .x2 : int = 108705909
  .y1 : int = 107902
  .y2 : s45.e0 = s45.e0@3f1b474
  .z1 : int = 109833162
  .z2 : v45.e = v45.e@89d5d9d
  .systemRowid : long = -1
  .COL_ROWID : java.lang.String = rowid
  .FIELD_PREFIX : java.lang.String = field_
  .SYSTEM_ROWID_FIELD : java.lang.String = rowid
  .TAG : java.lang.String = MicroMsg.SDK.IAutoDBItem
  .shadow$_klass_ : java.lang.Class = class com.tencent.mm.storage.emotion.EmojiInfo
  .shadow$_monitor_ : int = 0
[TOP2] com.tencent.mm.plugin.appbrand.appusage.AppBrandRecentTaskInfo  ×128
  .A : int = 0
  .B : boolean = false
  .C : long = 1776746062
  .D : int = 103967
  .E : int = 0
  .F : int = 0
  .G : boolean = false
  .v : java.lang.String = 119855199
  .w : java.lang.String = gh_870576f3c6f9@app
  .x : java.lang.String = 美团丨外卖团购特价美食酒店电影
  .y : java.lang.String = http://wx.qlogo.cn/mmhead/OM4v0FU2h0uaKUxzTLeRmuQ9GibmzugclJyqD36q6AYfaRFUoYALQs
  .z : int = 0
  .d : java.lang.String = gh_870576f3c6f9@app
  .e : java.lang.String = wxde8ac0a21135c07d
  .f : int = 0
  .g : int = 1543
  .h : java.lang.String = 美团丨外卖团购特价美食酒店电影
  .i : java.lang.String = null
  .m : java.lang.String = 
  .n : java.lang.String = http://wx.qlogo.cn/mmhead/OM4v0FU2h0uaKUxzTLeRmuQ9GibmzugclJyqD36q6AYfaRFUoYALQs
  .o : boolean = false
  .p : long = 0
  .q : long = 0
  .r : boolean = false
  .s : java.lang.String = null
  .t : java.lang.String = 
  .u : com.tencent.mm.plugin.appbrand.appusage.AppBrandCommUseInfo = null
  .CREATOR : android.os.Parcelable$Creator = com.tencent.mm.plugin.appbrand.appusage.h6@4f00d22
  .shadow$_klass_ : java.lang.Class = class com.tencent.mm.plugin.appbrand.appusage.AppBrandRecentTaskInfo
  .shadow$_monitor_ : int = 0
[TOP3] uw5.c  ×24
  .a : uw5.e = kotlin.Char
  .b : uw5.c = kotlin
  .c : uw5.c = <root>
  .shadow$_klass_ : java.lang.Class = class uw5.c
  .shadow$_monitor_ : int = 536870912
[TOP4] rc.g  ×23
  .a : java.util.Map = {isCNPayWalletRegion=rc.f@f6276d5, getAccountInfo=rc.f@adfaeea}
  .b : java.util.Map = {}
  .c : java.lang.Class = class com.tencent.mm.plugin.lite.dynamic_module.LiteAppModuleWx
  .d : java.lang.String = wx
  .shadow$_klass_ : java.lang.Class = class rc.g
  .shadow$_monitor_ : int = 0
[TOP5] miui.content.res.ThemeResources$FilterInfo  ×16
  .mFallback : com.miui.internal.content.res.ThemeFallback = com.miui.internal.content.res.ThemeFallback@cefbc18
  .mNightMode : boolean = false
  .mPackages : java.util.HashSet = null
  .mPath : java.lang.String = 
  .mValues : miui.content.res.ThemeValues = miui.content.res.ThemeValues@ff29671
  .shadow$_klass_ : java.lang.Class = class miui.content.res.ThemeResources$FilterInfo
  .shadow$_monitor_ : int = 0
[TOP6] jw1.d  ×12
  .a : int = 1
  .b : int = 16
  .c : boolean = true
  .d : boolean = false
  .e : java.lang.ref.WeakReference = null
  .f : fw1.b = null
  .shadow$_klass_ : java.lang.Class = class jw1.d
  .shadow$_monitor_ : int = 0
[TOP7] kc5.y  ×12
  .d : com.tencent.mm.storage.l4 = com.tencent.mm.storage.l4@1b109c7
  .e : java.lang.CharSequence = 公众号
  .f : java.lang.String = 公众号
  .g : java.lang.CharSequence = 昨天
  .h : java.lang.CharSequence = 快讯: 贵定暴雨致7320人受灾，应急救援工作正有序开展，当地：今晚预报还有中到大雨，存在水位上涨可能
  .i : int = -1
  .m : int = 13
  .n : int = 0
  .o : int = 0
  .p : boolean = false
  .q : boolean = false
  .r : boolean = false
  .s : boolean = false
  .t : boolean = false
  .u : boolean = true
  .v : boolean = false
  .w : z15.fe7 = z15.fe7@a40d58c
  .x : boolean = false
  .y : java.lang.String = null
  .z : int = 1
  .shadow$_klass_ : java.lang.Class = class kc5.y
  .shadow$_monitor_ : int = 0
[TOP8] dalvik.system.DexPathList$NativeLibraryElement  ×11
  .initialized : boolean = false
  .path : java.io.File = /system/app/MiuiContentCatcher/MiuiContentCatcher.apk
  .urlHandler : libcore.io.ClassPathURLStreamHandler = null
  .zipDir : java.lang.String = lib/arm64-v8a
  .shadow$_klass_ : java.lang.Class = class dalvik.system.DexPathList$NativeLibraryElement
  .shadow$_monitor_ : int = 0
[TOP9] wq.y0  ×10
  .a : wq.r = wq.s@c7449e3
  .b : int = -1
  .shadow$_klass_ : java.lang.Class = class wq.y0
  .shadow$_monitor_ : int = 536870912
[TOP10] mx5.a1  ×6
  .e : mx5.c2 = TypedList
  .f : java.util.List = []
  .g : boolean = false
  .h : fx5.s = kx5.h@bd964fd
  .i : fv5.l = yv5.a@d6b5ac0
  .d : int = 0
[TOP11] kc5.c0  ×4
  .d : kc5.n = kc5.n@7e4ce95
  .shadow$_klass_ : java.lang.Class = class kc5.c0
  .shadow$_monitor_ : int = 0
[TOP12] com.android.org.conscrypt.OpenSSLX509Certificate  ×4
  .mContext : long = 495778570760
  .mHashCode : java.lang.Integer = 257618496
  .notAfter : java.util.Date = Sat Sep 12 07:59:59 GMT+08:00 2026
  .notBefore : java.util.Date = Wed Feb 25 08:00:00 GMT+08:00 2026
  .serialVersionUID : long = 1992239142393372128
  .issuerX500Principal : javax.security.auth.x500.X500Principal = null
  .subjectX500Principal : javax.security.auth.x500.X500Principal = null
  .serialVersionUID : long = -2491127588187038216
  .hash : int = 257618496
  .type : java.lang.String = X.509
  .serialVersionUID : long = -3585440601605666277
  .shadow$_klass_ : java.lang.Class = class com.android.org.conscrypt.OpenSSLX509Certificate
  .shadow$_monitor_ : int = 0
[TOP13] za3.u  ×4
  .d : fv5.l = null
  .e : int = -1
  .a : z93.e = null
  .b : ca3.c = null
  .c : java.lang.String = null
  .shadow$_klass_ : java.lang.Class = class za3.u
  .shadow$_monitor_ : int = 0
[TOP14] za3.v  ×4
  .d : fv5.l = null
  .e : int = -1
  .a : z93.e = null
  .b : ca3.c = null
  .c : java.lang.String = null
  .shadow$_klass_ : java.lang.Class = class za3.v
  .shadow$_monitor_ : int = 0
[TOP15] za3.c  ×4
  .d : fv5.l = null
  .e : int = -1
  .a : z93.e = null
  .b : ca3.c = null
  .c : java.lang.String = null
  .shadow$_klass_ : java.lang.Class = class za3.c
  .shadow$_monitor_ : int = 0
==================================================


========== addAll 类名统计（total=1060）==========
[TOP1] com.tencent.mm.storage.emotion.EmojiInfo  ×712
  .A2 : java.lang.String = /data/user/0/com.tencent.mm/MicroMsg/b7c5fabdba77ec4298df1f8e53d9af0c/emoji/
  .B2 : java.lang.String = null
  .C2 : java.lang.String = null
  .D2 : int = 0
  .E2 : int = 2
  .F2 : java.lang.String = 
  .G2 : java.lang.String = null
  .H2 : com.tencent.mm.api.EmotionStrategyInfo = null
  .I2 : fk.z6 = SEND_FROM_SCENE_DEFAULT
  .CREATOR : android.os.Parcelable$Creator = g65.i@c3636e5
  .J2 : s45.e0 = s45.e0@1ed55ba
  .A : boolean = true
  .B : boolean = true
  .C : boolean = true
  .D : boolean = true
  .E : boolean = true
  .F : boolean = true
  .G : boolean = true
  .H : boolean = true
  .I : boolean = true
  .J : boolean = true
  .K : boolean = true
  .L : boolean = true
  .M : boolean = true
  .N : boolean = true
  .P : boolean = true
  .Q : boolean = true
  .R : boolean = true
  .S : boolean = true
  .T : boolean = true
  .U : boolean = true
  .V : boolean = true
  .W : boolean = true
  .X : boolean = true
  .Y : boolean = true
  .Z : boolean = true
  .d : boolean = true
  .e : boolean = true
  .f : boolean = true
  .field_activityid : java.lang.String = Selfie:e5b8090c05e2b96e041b06deaf5c4e3b
  .field_aeskey : java.lang.String = 8d2ed35c639d313349d5150015c54869
  .field_app_id : java.lang.String = 
  .field_attachTextColor : java.lang.String = FFFFFF
  .field_attachedEmojiMD5 : [B = [B@a085c6b
  .field_attachedText : java.lang.String = 硬醒
  .field_attr : java.lang.String = 
  .field_captureEnterTime : long = 0
  .field_captureScene : int = 0
  .field_captureStatus : int = 0
  .field_captureUploadCounter : int = 0
  .field_captureUploadErrCode : int = 0
  .field_catalog : int = 81
  .field_cdnUrl : java.lang.String = http://wxapp.tc.qq.com/262/20304/stodownload?m=31fa2d85114d70f4749adc54f090a915&
  .field_content : java.lang.String = 
  .field_custom_meaning : java.lang.String = null
  .field_designerID : java.lang.String = 
  .field_emojiFlag : long = 0
  .field_encrypturl : java.lang.String = http://wxapp.tc.qq.com/262/20304/stodownload?m=552437ce2890fbc99d8aa01931cd7ee8&
  .field_externMd5 : java.lang.String = e4e9fc259e7ea26a531dafd579f938a5
  .field_externUrl : java.lang.String = http://wxapp.tc.qq.com/262/20304/stodownload?m=0f25cb37f419cf311002c007d2a7ed81&
  .field_framesInfo : java.lang.String = 
  .field_groupId : java.lang.String = 
  .field_height : int = 0
  .field_idx : int = 0
  .field_imitateMd5 : java.lang.String = 
  .field_isOcrProcessed : int = 0
  .field_lastUseTime : long = 1779193464705
  .field_lensId : java.lang.String = 
  .field_linkId : java.lang.String = 
  .field_md5 : java.lang.String = 31fa2d85114d70f4749adc54f090a915
  .field_meanings : java.lang.String = null
  .field_name : java.lang.String = 
  .field_needupload : int = 0
  .field_reserved1 : java.lang.String = 
  .field_reserved2 : java.lang.String = 
  .field_reserved3 : int = 1
  .field_reserved4 : int = 1
  .field_size : int = 53970
  .field_source : int = 1
  .field_start : int = 0
  .field_state : int = 3
  .field_storeUnique : int = 0
  .field_svrid : java.lang.String = 
  .field_temp : int = 0
  .field_thumbUrl : java.lang.String = 
  .field_tpauthkey : java.lang.String = null
  .field_tpurl : java.lang.String = null
  .field_type : int = 1
  .field_width : int = 0
  .field_wxamMd5 : java.lang.String = null
  .g : boolean = true
  .h : boolean = true
  .i : boolean = true
  .l1 : boolean = true
  .m : boolean = true
  .n : boolean = true
  .o : boolean = true
  .p : boolean = true
  .p0 : boolean = true
  .p1 : boolean = true
  .q : boolean = true
  .r : boolean = true
  .s : boolean = true
  .t : boolean = true
  .u : boolean = true
  .v : boolean = true
  .v1 : boolean = true
  .w : boolean = true
  .x : boolean = true
  .x0 : boolean = true
  .y : boolean = true
  .y0 : boolean = true
  .z : boolean = true
  .A1 : int = 555704345
  .B1 : int = 3575610
  .C1 : int = 3530753
  .D1 : int = 109757538
  .E1 : int = 109757585
  .F1 : int = 3373707
  .G1 : int = 951530617
  .H1 : int = 2022955529
  .I1 : int = 2022955530
  .J1 : int = 2022955531
  .K1 : int = 2022955532
  .L1 : int = -1411074055
  .M1 : int = 293428218
  .N1 : int = 1736147326
  .O1 : int = -253322636
  .P1 : int = 104125
  .Q1 : int = 3556308
  .R1 : int = -896505829
  .S1 : int = -363311593
  .T1 : int = -28946106
  .U1 : int = 1566917561
  .V1 : int = -1364966910
  .W1 : int = -1512620822
  .X1 : int = -1421131984
  .Y1 : int = 113126854
  .Z1 : int = -1221029593
  .a2 : int = -609031761
  .b2 : int = -609039938
  .c2 : int = 2048620650
  .d2 : int = 110581107
  .e2 : int = 2063396283
  .f2 : int = 1767159665
  .g2 : int = -1664826127
  .h2 : int = 1961195224
  .i2 : int = -212895428
  .j2 : int = -1828144229
  .k2 : int = 1581142539
  .l2 : int = -275695851
  .m2 : int = -1555904225
  .n2 : int = -1106353479
  .o2 : int = 1822793073
  .p2 : int = 755498214
  .q2 : int = 3004913
  .r2 : int = -1102667083
  .s2 : int = -981791210
  .t2 : int = -1141075430
  .u2 : int = 411788079
  .v2 : int = 1686003922
  .w1 : w45.i0 = w45.i0@77a23c8
  .w2 : int = -1776909294
  .x1 : [Ljava.lang.String; = [Ljava.lang.String;@b4e5447
  .x2 : int = 108705909
  .y1 : int = 107902
  .y2 : s45.e0 = s45.e0@3f1b474
  .z1 : int = 109833162
  .z2 : v45.e = v45.e@89d5d9d
  .systemRowid : long = -1
  .COL_ROWID : java.lang.String = rowid
  .FIELD_PREFIX : java.lang.String = field_
  .SYSTEM_ROWID_FIELD : java.lang.String = rowid
  .TAG : java.lang.String = MicroMsg.SDK.IAutoDBItem
  .shadow$_klass_ : java.lang.Class = class com.tencent.mm.storage.emotion.EmojiInfo
  .shadow$_monitor_ : int = 0
[TOP2] com.tencent.mm.plugin.appbrand.appusage.AppBrandRecentTaskInfo  ×128
  .A : int = 0
  .B : boolean = false
  .C : long = 1776746062
  .D : int = 103967
  .E : int = 0
  .F : int = 0
  .G : boolean = false
  .v : java.lang.String = 119855199
  .w : java.lang.String = gh_870576f3c6f9@app
  .x : java.lang.String = 美团丨外卖团购特价美食酒店电影
  .y : java.lang.String = http://wx.qlogo.cn/mmhead/OM4v0FU2h0uaKUxzTLeRmuQ9GibmzugclJyqD36q6AYfaRFUoYALQs
  .z : int = 0
  .d : java.lang.String = gh_870576f3c6f9@app
  .e : java.lang.String = wxde8ac0a21135c07d
  .f : int = 0
  .g : int = 1543
  .h : java.lang.String = 美团丨外卖团购特价美食酒店电影
  .i : java.lang.String = null
  .m : java.lang.String = 
  .n : java.lang.String = http://wx.qlogo.cn/mmhead/OM4v0FU2h0uaKUxzTLeRmuQ9GibmzugclJyqD36q6AYfaRFUoYALQs
  .o : boolean = false
  .p : long = 0
  .q : long = 0
  .r : boolean = false
  .s : java.lang.String = null
  .t : java.lang.String = 
  .u : com.tencent.mm.plugin.appbrand.appusage.AppBrandCommUseInfo = null
  .CREATOR : android.os.Parcelable$Creator = com.tencent.mm.plugin.appbrand.appusage.h6@4f00d22
  .shadow$_klass_ : java.lang.Class = class com.tencent.mm.plugin.appbrand.appusage.AppBrandRecentTaskInfo
  .shadow$_monitor_ : int = 0
[TOP3] uw5.c  ×24
  .a : uw5.e = kotlin.Char
  .b : uw5.c = kotlin
  .c : uw5.c = <root>
  .shadow$_klass_ : java.lang.Class = class uw5.c
  .shadow$_monitor_ : int = 536870912
[TOP4] rc.g  ×23
  .a : java.util.Map = {isCNPayWalletRegion=rc.f@f6276d5, getAccountInfo=rc.f@adfaeea}
  .b : java.util.Map = {}
  .c : java.lang.Class = class com.tencent.mm.plugin.lite.dynamic_module.LiteAppModuleWx
  .d : java.lang.String = wx
  .shadow$_klass_ : java.lang.Class = class rc.g
  .shadow$_monitor_ : int = 0
[TOP5] miui.content.res.ThemeResources$FilterInfo  ×16
  .mFallback : com.miui.internal.content.res.ThemeFallback = com.miui.internal.content.res.ThemeFallback@cefbc18
  .mNightMode : boolean = false
  .mPackages : java.util.HashSet = null
  .mPath : java.lang.String = 
  .mValues : miui.content.res.ThemeValues = miui.content.res.ThemeValues@ff29671
  .shadow$_klass_ : java.lang.Class = class miui.content.res.ThemeResources$FilterInfo
  .shadow$_monitor_ : int = 0
[TOP6] jw1.d  ×12
  .a : int = 1
  .b : int = 16
  .c : boolean = true
  .d : boolean = false
  .e : java.lang.ref.WeakReference = null
  .f : fw1.b = null
  .shadow$_klass_ : java.lang.Class = class jw1.d
  .shadow$_monitor_ : int = 0
[TOP7] kc5.y  ×12
  .d : com.tencent.mm.storage.l4 = com.tencent.mm.storage.l4@1b109c7
  .e : java.lang.CharSequence = 公众号
  .f : java.lang.String = 公众号
  .g : java.lang.CharSequence = 昨天
  .h : java.lang.CharSequence = 快讯: 贵定暴雨致7320人受灾，应急救援工作正有序开展，当地：今晚预报还有中到大雨，存在水位上涨可能
  .i : int = -1
  .m : int = 13
  .n : int = 0
  .o : int = 0
  .p : boolean = false
  .q : boolean = false
  .r : boolean = false
  .s : boolean = false
  .t : boolean = false
  .u : boolean = true
  .v : boolean = false
  .w : z15.fe7 = z15.fe7@a40d58c
  .x : boolean = false
  .y : java.lang.String = null
  .z : int = 1
  .shadow$_klass_ : java.lang.Class = class kc5.y
  .shadow$_monitor_ : int = 0
[TOP8] dalvik.system.DexPathList$NativeLibraryElement  ×11
  .initialized : boolean = false
  .path : java.io.File = /system/app/MiuiContentCatcher/MiuiContentCatcher.apk
  .urlHandler : libcore.io.ClassPathURLStreamHandler = null
  .zipDir : java.lang.String = lib/arm64-v8a
  .shadow$_klass_ : java.lang.Class = class dalvik.system.DexPathList$NativeLibraryElement
  .shadow$_monitor_ : int = 0
[TOP9] wq.y0  ×10
  .a : wq.r = wq.s@c7449e3
  .b : int = -1
  .shadow$_klass_ : java.lang.Class = class wq.y0
  .shadow$_monitor_ : int = 536870912
[TOP10] mx5.a1  ×6
  .e : mx5.c2 = TypedList
  .f : java.util.List = []
  .g : boolean = false
  .h : fx5.s = kx5.h@bd964fd
  .i : fv5.l = yv5.a@d6b5ac0
  .d : int = 0
[TOP11] kc5.c0  ×4
  .d : kc5.n = kc5.n@7e4ce95
  .shadow$_klass_ : java.lang.Class = class kc5.c0
  .shadow$_monitor_ : int = 0
[TOP12] com.android.org.conscrypt.OpenSSLX509Certificate  ×4
  .mContext : long = 495778570760
  .mHashCode : java.lang.Integer = 257618496
  .notAfter : java.util.Date = Sat Sep 12 07:59:59 GMT+08:00 2026
  .notBefore : java.util.Date = Wed Feb 25 08:00:00 GMT+08:00 2026
  .serialVersionUID : long = 1992239142393372128
  .issuerX500Principal : javax.security.auth.x500.X500Principal = null
  .subjectX500Principal : javax.security.auth.x500.X500Principal = null
  .serialVersionUID : long = -2491127588187038216
  .hash : int = 257618496
  .type : java.lang.String = X.509
  .serialVersionUID : long = -3585440601605666277
  .shadow$_klass_ : java.lang.Class = class com.android.org.conscrypt.OpenSSLX509Certificate
  .shadow$_monitor_ : int = 0
[TOP13] za3.u  ×4
  .d : fv5.l = null
  .e : int = -1
  .a : z93.e = null
  .b : ca3.c = null
  .c : java.lang.String = null
  .shadow$_klass_ : java.lang.Class = class za3.u
  .shadow$_monitor_ : int = 0
[TOP14] za3.v  ×4
  .d : fv5.l = null
  .e : int = -1
  .a : z93.e = null
  .b : ca3.c = null
  .c : java.lang.String = null
  .shadow$_klass_ : java.lang.Class = class za3.v
  .shadow$_monitor_ : int = 0
[TOP15] za3.c  ×4
  .d : fv5.l = null
  .e : int = -1
  .a : z93.e = null
  .b : ca3.c = null
  .c : java.lang.String = null
  .shadow$_klass_ : java.lang.Class = class za3.c
  .shadow$_monitor_ : int = 0
==================================================


========== addAll 类名统计（total=1060）==========
[TOP1] com.tencent.mm.storage.emotion.EmojiInfo  ×712
  .A2 : java.lang.String = /data/user/0/com.tencent.mm/MicroMsg/b7c5fabdba77ec4298df1f8e53d9af0c/emoji/
  .B2 : java.lang.String = null
  .C2 : java.lang.String = null
  .D2 : int = 0
  .E2 : int = 2
  .F2 : java.lang.String = 
  .G2 : java.lang.String = null
  .H2 : com.tencent.mm.api.EmotionStrategyInfo = null
  .I2 : fk.z6 = SEND_FROM_SCENE_DEFAULT
  .CREATOR : android.os.Parcelable$Creator = g65.i@c3636e5
  .J2 : s45.e0 = s45.e0@1ed55ba
  .A : boolean = true
  .B : boolean = true
  .C : boolean = true
  .D : boolean = true
  .E : boolean = true
  .F : boolean = true
  .G : boolean = true
  .H : boolean = true
  .I : boolean = true
  .J : boolean = true
  .K : boolean = true
  .L : boolean = true
  .M : boolean = true
  .N : boolean = true
  .P : boolean = true
  .Q : boolean = true
  .R : boolean = true
  .S : boolean = true
  .T : boolean = true
  .U : boolean = true
  .V : boolean = true
  .W : boolean = true
  .X : boolean = true
  .Y : boolean = true
  .Z : boolean = true
  .d : boolean = true
  .e : boolean = true
  .f : boolean = true
  .field_activityid : java.lang.String = Selfie:e5b8090c05e2b96e041b06deaf5c4e3b
  .field_aeskey : java.lang.String = 8d2ed35c639d313349d5150015c54869
  .field_app_id : java.lang.String = 
  .field_attachTextColor : java.lang.String = FFFFFF
  .field_attachedEmojiMD5 : [B = [B@a085c6b
  .field_attachedText : java.lang.String = 硬醒
  .field_attr : java.lang.String = 
  .field_captureEnterTime : long = 0
  .field_captureScene : int = 0
  .field_captureStatus : int = 0
  .field_captureUploadCounter : int = 0
  .field_captureUploadErrCode : int = 0
  .field_catalog : int = 81
  .field_cdnUrl : java.lang.String = http://wxapp.tc.qq.com/262/20304/stodownload?m=31fa2d85114d70f4749adc54f090a915&
  .field_content : java.lang.String = 
  .field_custom_meaning : java.lang.String = null
  .field_designerID : java.lang.String = 
  .field_emojiFlag : long = 0
  .field_encrypturl : java.lang.String = http://wxapp.tc.qq.com/262/20304/stodownload?m=552437ce2890fbc99d8aa01931cd7ee8&
  .field_externMd5 : java.lang.String = e4e9fc259e7ea26a531dafd579f938a5
  .field_externUrl : java.lang.String = http://wxapp.tc.qq.com/262/20304/stodownload?m=0f25cb37f419cf311002c007d2a7ed81&
  .field_framesInfo : java.lang.String = 
  .field_groupId : java.lang.String = 
  .field_height : int = 0
  .field_idx : int = 0
  .field_imitateMd5 : java.lang.String = 
  .field_isOcrProcessed : int = 0
  .field_lastUseTime : long = 1779193464705
  .field_lensId : java.lang.String = 
  .field_linkId : java.lang.String = 
  .field_md5 : java.lang.String = 31fa2d85114d70f4749adc54f090a915
  .field_meanings : java.lang.String = null
  .field_name : java.lang.String = 
  .field_needupload : int = 0
  .field_reserved1 : java.lang.String = 
  .field_reserved2 : java.lang.String = 
  .field_reserved3 : int = 1
  .field_reserved4 : int = 1
  .field_size : int = 53970
  .field_source : int = 1
  .field_start : int = 0
  .field_state : int = 3
  .field_storeUnique : int = 0
  .field_svrid : java.lang.String = 
  .field_temp : int = 0
  .field_thumbUrl : java.lang.String = 
  .field_tpauthkey : java.lang.String = null
  .field_tpurl : java.lang.String = null
  .field_type : int = 1
  .field_width : int = 0
  .field_wxamMd5 : java.lang.String = null
  .g : boolean = true
  .h : boolean = true
  .i : boolean = true
  .l1 : boolean = true
  .m : boolean = true
  .n : boolean = true
  .o : boolean = true
  .p : boolean = true
  .p0 : boolean = true
  .p1 : boolean = true
  .q : boolean = true
  .r : boolean = true
  .s : boolean = true
  .t : boolean = true
  .u : boolean = true
  .v : boolean = true
  .v1 : boolean = true
  .w : boolean = true
  .x : boolean = true
  .x0 : boolean = true
  .y : boolean = true
  .y0 : boolean = true
  .z : boolean = true
  .A1 : int = 555704345
  .B1 : int = 3575610
  .C1 : int = 3530753
  .D1 : int = 109757538
  .E1 : int = 109757585
  .F1 : int = 3373707
  .G1 : int = 951530617
  .H1 : int = 2022955529
  .I1 : int = 2022955530
  .J1 : int = 2022955531
  .K1 : int = 2022955532
  .L1 : int = -1411074055
  .M1 : int = 293428218
  .N1 : int = 1736147326
  .O1 : int = -253322636
  .P1 : int = 104125
  .Q1 : int = 3556308
  .R1 : int = -896505829
  .S1 : int = -363311593
  .T1 : int = -28946106
  .U1 : int = 1566917561
  .V1 : int = -1364966910
  .W1 : int = -1512620822
  .X1 : int = -1421131984
  .Y1 : int = 113126854
  .Z1 : int = -1221029593
  .a2 : int = -609031761
  .b2 : int = -609039938
  .c2 : int = 2048620650
  .d2 : int = 110581107
  .e2 : int = 2063396283
  .f2 : int = 1767159665
  .g2 : int = -1664826127
  .h2 : int = 1961195224
  .i2 : int = -212895428
  .j2 : int = -1828144229
  .k2 : int = 1581142539
  .l2 : int = -275695851
  .m2 : int = -1555904225
  .n2 : int = -1106353479
  .o2 : int = 1822793073
  .p2 : int = 755498214
  .q2 : int = 3004913
  .r2 : int = -1102667083
  .s2 : int = -981791210
  .t2 : int = -1141075430
  .u2 : int = 411788079
  .v2 : int = 1686003922
  .w1 : w45.i0 = w45.i0@77a23c8
  .w2 : int = -1776909294
  .x1 : [Ljava.lang.String; = [Ljava.lang.String;@b4e5447
  .x2 : int = 108705909
  .y1 : int = 107902
  .y2 : s45.e0 = s45.e0@3f1b474
  .z1 : int = 109833162
  .z2 : v45.e = v45.e@89d5d9d
  .systemRowid : long = -1
  .COL_ROWID : java.lang.String = rowid
  .FIELD_PREFIX : java.lang.String = field_
  .SYSTEM_ROWID_FIELD : java.lang.String = rowid
  .TAG : java.lang.String = MicroMsg.SDK.IAutoDBItem
  .shadow$_klass_ : java.lang.Class = class com.tencent.mm.storage.emotion.EmojiInfo
  .shadow$_monitor_ : int = 0
[TOP2] com.tencent.mm.plugin.appbrand.appusage.AppBrandRecentTaskInfo  ×128
  .A : int = 0
  .B : boolean = false
  .C : long = 1776746062
  .D : int = 103967
  .E : int = 0
  .F : int = 0
  .G : boolean = false
  .v : java.lang.String = 119855199
  .w : java.lang.String = gh_870576f3c6f9@app
  .x : java.lang.String = 美团丨外卖团购特价美食酒店电影
  .y : java.lang.String = http://wx.qlogo.cn/mmhead/OM4v0FU2h0uaKUxzTLeRmuQ9GibmzugclJyqD36q6AYfaRFUoYALQs
  .z : int = 0
  .d : java.lang.String = gh_870576f3c6f9@app
  .e : java.lang.String = wxde8ac0a21135c07d
  .f : int = 0
  .g : int = 1543
  .h : java.lang.String = 美团丨外卖团购特价美食酒店电影
  .i : java.lang.String = null
  .m : java.lang.String = 
  .n : java.lang.String = http://wx.qlogo.cn/mmhead/OM4v0FU2h0uaKUxzTLeRmuQ9GibmzugclJyqD36q6AYfaRFUoYALQs
  .o : boolean = false
  .p : long = 0
  .q : long = 0
  .r : boolean = false
  .s : java.lang.String = null
  .t : java.lang.String = 
  .u : com.tencent.mm.plugin.appbrand.appusage.AppBrandCommUseInfo = null
  .CREATOR : android.os.Parcelable$Creator = com.tencent.mm.plugin.appbrand.appusage.h6@4f00d22
  .shadow$_klass_ : java.lang.Class = class com.tencent.mm.plugin.appbrand.appusage.AppBrandRecentTaskInfo
  .shadow$_monitor_ : int = 0
[TOP3] uw5.c  ×24
  .a : uw5.e = kotlin.Char
  .b : uw5.c = kotlin
  .c : uw5.c = <root>
  .shadow$_klass_ : java.lang.Class = class uw5.c
  .shadow$_monitor_ : int = 536870912
[TOP4] rc.g  ×23
  .a : java.util.Map = {isCNPayWalletRegion=rc.f@f6276d5, getAccountInfo=rc.f@adfaeea}
  .b : java.util.Map = {}
  .c : java.lang.Class = class com.tencent.mm.plugin.lite.dynamic_module.LiteAppModuleWx
  .d : java.lang.String = wx
  .shadow$_klass_ : java.lang.Class = class rc.g
  .shadow$_monitor_ : int = 0
[TOP5] miui.content.res.ThemeResources$FilterInfo  ×16
  .mFallback : com.miui.internal.content.res.ThemeFallback = com.miui.internal.content.res.ThemeFallback@cefbc18
  .mNightMode : boolean = false
  .mPackages : java.util.HashSet = null
  .mPath : java.lang.String = 
  .mValues : miui.content.res.ThemeValues = miui.content.res.ThemeValues@ff29671
  .shadow$_klass_ : java.lang.Class = class miui.content.res.ThemeResources$FilterInfo
  .shadow$_monitor_ : int = 0
[TOP6] jw1.d  ×12
  .a : int = 1
  .b : int = 16
  .c : boolean = true
  .d : boolean = false
  .e : java.lang.ref.WeakReference = null
  .f : fw1.b = null
  .shadow$_klass_ : java.lang.Class = class jw1.d
  .shadow$_monitor_ : int = 0
[TOP7] kc5.y  ×12
  .d : com.tencent.mm.storage.l4 = com.tencent.mm.storage.l4@1b109c7
  .e : java.lang.CharSequence = 公众号
  .f : java.lang.String = 公众号
  .g : java.lang.CharSequence = 昨天
  .h : java.lang.CharSequence = 快讯: 贵定暴雨致7320人受灾，应急救援工作正有序开展，当地：今晚预报还有中到大雨，存在水位上涨可能
  .i : int = -1
  .m : int = 13
  .n : int = 0
  .o : int = 0
  .p : boolean = false
  .q : boolean = false
  .r : boolean = false
  .s : boolean = false
  .t : boolean = false
  .u : boolean = true
  .v : boolean = false
  .w : z15.fe7 = z15.fe7@a40d58c
  .x : boolean = false
  .y : java.lang.String = null
  .z : int = 1
  .shadow$_klass_ : java.lang.Class = class kc5.y
  .shadow$_monitor_ : int = 0
[TOP8] dalvik.system.DexPathList$NativeLibraryElement  ×11
  .initialized : boolean = false
  .path : java.io.File = /system/app/MiuiContentCatcher/MiuiContentCatcher.apk
  .urlHandler : libcore.io.ClassPathURLStreamHandler = null
  .zipDir : java.lang.String = lib/arm64-v8a
  .shadow$_klass_ : java.lang.Class = class dalvik.system.DexPathList$NativeLibraryElement
  .shadow$_monitor_ : int = 0
[TOP9] wq.y0  ×10
  .a : wq.r = wq.s@c7449e3
  .b : int = -1
  .shadow$_klass_ : java.lang.Class = class wq.y0
  .shadow$_monitor_ : int = 536870912
[TOP10] mx5.a1  ×6
  .e : mx5.c2 = TypedList
  .f : java.util.List = []
  .g : boolean = false
  .h : fx5.s = kx5.h@bd964fd
  .i : fv5.l = yv5.a@d6b5ac0
  .d : int = 0
[TOP11] kc5.c0  ×4
  .d : kc5.n = kc5.n@7e4ce95
  .shadow$_klass_ : java.lang.Class = class kc5.c0
  .shadow$_monitor_ : int = 0
[TOP12] com.android.org.conscrypt.OpenSSLX509Certificate  ×4
  .mContext : long = 495778570760
  .mHashCode : java.lang.Integer = 257618496
  .notAfter : java.util.Date = Sat Sep 12 07:59:59 GMT+08:00 2026
  .notBefore : java.util.Date = Wed Feb 25 08:00:00 GMT+08:00 2026
  .serialVersionUID : long = 1992239142393372128
  .issuerX500Principal : javax.security.auth.x500.X500Principal = null
  .subjectX500Principal : javax.security.auth.x500.X500Principal = null
  .serialVersionUID : long = -2491127588187038216
  .hash : int = 257618496
  .type : java.lang.String = X.509
  .serialVersionUID : long = -3585440601605666277
  .shadow$_klass_ : java.lang.Class = class com.android.org.conscrypt.OpenSSLX509Certificate
  .shadow$_monitor_ : int = 0
[TOP13] za3.u  ×4
  .d : fv5.l = null
  .e : int = -1
  .a : z93.e = null
  .b : ca3.c = null
  .c : java.lang.String = null
  .shadow$_klass_ : java.lang.Class = class za3.u
  .shadow$_monitor_ : int = 0
[TOP14] za3.v  ×4
  .d : fv5.l = null
  .e : int = -1
  .a : z93.e = null
  .b : ca3.c = null
  .c : java.lang.String = null
  .shadow$_klass_ : java.lang.Class = class za3.v
  .shadow$_monitor_ : int = 0
[TOP15] za3.c  ×4
  .d : fv5.l = null
  .e : int = -1
  .a : z93.e = null
  .b : ca3.c = null
  .c : java.lang.String = null
  .shadow$_klass_ : java.lang.Class = class za3.c
  .shadow$_monitor_ : int = 0
==================================================


========== addAll 类名统计（total=1060）==========
[TOP1] com.tencent.mm.storage.emotion.EmojiInfo  ×712
  .A2 : java.lang.String = /data/user/0/com.tencent.mm/MicroMsg/b7c5fabdba77ec4298df1f8e53d9af0c/emoji/
  .B2 : java.lang.String = null
  .C2 : java.lang.String = null
  .D2 : int = 0
  .E2 : int = 2
  .F2 : java.lang.String = 
  .G2 : java.lang.String = null
  .H2 : com.tencent.mm.api.EmotionStrategyInfo = null
  .I2 : fk.z6 = SEND_FROM_SCENE_DEFAULT
  .CREATOR : android.os.Parcelable$Creator = g65.i@c3636e5
  .J2 : s45.e0 = s45.e0@1ed55ba
  .A : boolean = true
  .B : boolean = true
  .C : boolean = true
  .D : boolean = true
  .E : boolean = true
  .F : boolean = true
  .G : boolean = true
  .H : boolean = true
  .I : boolean = true
  .J : boolean = true
  .K : boolean = true
  .L : boolean = true
  .M : boolean = true
  .N : boolean = true
  .P : boolean = true
  .Q : boolean = true
  .R : boolean = true
  .S : boolean = true
  .T : boolean = true
  .U : boolean = true
  .V : boolean = true
  .W : boolean = true
  .X : boolean = true
  .Y : boolean = true
  .Z : boolean = true
  .d : boolean = true
  .e : boolean = true
  .f : boolean = true
  .field_activityid : java.lang.String = Selfie:e5b8090c05e2b96e041b06deaf5c4e3b
  .field_aeskey : java.lang.String = 8d2ed35c639d313349d5150015c54869
  .field_app_id : java.lang.String = 
  .field_attachTextColor : java.lang.String = FFFFFF
  .field_attachedEmojiMD5 : [B = [B@a085c6b
  .field_attachedText : java.lang.String = 硬醒
  .field_attr : java.lang.String = 
  .field_captureEnterTime : long = 0
  .field_captureScene : int = 0
  .field_captureStatus : int = 0
  .field_captureUploadCounter : int = 0
  .field_captureUploadErrCode : int = 0
  .field_catalog : int = 81
  .field_cdnUrl : java.lang.String = http://wxapp.tc.qq.com/262/20304/stodownload?m=31fa2d85114d70f4749adc54f090a915&
  .field_content : java.lang.String = 
  .field_custom_meaning : java.lang.String = null
  .field_designerID : java.lang.String = 
  .field_emojiFlag : long = 0
  .field_encrypturl : java.lang.String = http://wxapp.tc.qq.com/262/20304/stodownload?m=552437ce2890fbc99d8aa01931cd7ee8&
  .field_externMd5 : java.lang.String = e4e9fc259e7ea26a531dafd579f938a5
  .field_externUrl : java.lang.String = http://wxapp.tc.qq.com/262/20304/stodownload?m=0f25cb37f419cf311002c007d2a7ed81&
  .field_framesInfo : java.lang.String = 
  .field_groupId : java.lang.String = 
  .field_height : int = 0
  .field_idx : int = 0
  .field_imitateMd5 : java.lang.String = 
  .field_isOcrProcessed : int = 0
  .field_lastUseTime : long = 1779193464705
  .field_lensId : java.lang.String = 
  .field_linkId : java.lang.String = 
  .field_md5 : java.lang.String = 31fa2d85114d70f4749adc54f090a915
  .field_meanings : java.lang.String = null
  .field_name : java.lang.String = 
  .field_needupload : int = 0
  .field_reserved1 : java.lang.String = 
  .field_reserved2 : java.lang.String = 
  .field_reserved3 : int = 1
  .field_reserved4 : int = 1
  .field_size : int = 53970
  .field_source : int = 1
  .field_start : int = 0
  .field_state : int = 3
  .field_storeUnique : int = 0
  .field_svrid : java.lang.String = 
  .field_temp : int = 0
  .field_thumbUrl : java.lang.String = 
  .field_tpauthkey : java.lang.String = null
  .field_tpurl : java.lang.String = null
  .field_type : int = 1
  .field_width : int = 0
  .field_wxamMd5 : java.lang.String = null
  .g : boolean = true
  .h : boolean = true
  .i : boolean = true
  .l1 : boolean = true
  .m : boolean = true
  .n : boolean = true
  .o : boolean = true
  .p : boolean = true
  .p0 : boolean = true
  .p1 : boolean = true
  .q : boolean = true
  .r : boolean = true
  .s : boolean = true
  .t : boolean = true
  .u : boolean = true
  .v : boolean = true
  .v1 : boolean = true
  .w : boolean = true
  .x : boolean = true
  .x0 : boolean = true
  .y : boolean = true
  .y0 : boolean = true
  .z : boolean = true
  .A1 : int = 555704345
  .B1 : int = 3575610
  .C1 : int = 3530753
  .D1 : int = 109757538
  .E1 : int = 109757585
  .F1 : int = 3373707
  .G1 : int = 951530617
  .H1 : int = 2022955529
  .I1 : int = 2022955530
  .J1 : int = 2022955531
  .K1 : int = 2022955532
  .L1 : int = -1411074055
  .M1 : int = 293428218
  .N1 : int = 1736147326
  .O1 : int = -253322636
  .P1 : int = 104125
  .Q1 : int = 3556308
  .R1 : int = -896505829
  .S1 : int = -363311593
  .T1 : int = -28946106
  .U1 : int = 1566917561
  .V1 : int = -1364966910
  .W1 : int = -1512620822
  .X1 : int = -1421131984
  .Y1 : int = 113126854
  .Z1 : int = -1221029593
  .a2 : int = -609031761
  .b2 : int = -609039938
  .c2 : int = 2048620650
  .d2 : int = 110581107
  .e2 : int = 2063396283
  .f2 : int = 1767159665
  .g2 : int = -1664826127
  .h2 : int = 1961195224
  .i2 : int = -212895428
  .j2 : int = -1828144229
  .k2 : int = 1581142539
  .l2 : int = -275695851
  .m2 : int = -1555904225
  .n2 : int = -1106353479
  .o2 : int = 1822793073
  .p2 : int = 755498214
  .q2 : int = 3004913
  .r2 : int = -1102667083
  .s2 : int = -981791210
  .t2 : int = -1141075430
  .u2 : int = 411788079
  .v2 : int = 1686003922
  .w1 : w45.i0 = w45.i0@77a23c8
  .w2 : int = -1776909294
  .x1 : [Ljava.lang.String; = [Ljava.lang.String;@b4e5447
  .x2 : int = 108705909
  .y1 : int = 107902
  .y2 : s45.e0 = s45.e0@3f1b474
  .z1 : int = 109833162
  .z2 : v45.e = v45.e@89d5d9d
  .systemRowid : long = -1
  .COL_ROWID : java.lang.String = rowid
  .FIELD_PREFIX : java.lang.String = field_
  .SYSTEM_ROWID_FIELD : java.lang.String = rowid
  .TAG : java.lang.String = MicroMsg.SDK.IAutoDBItem
  .shadow$_klass_ : java.lang.Class = class com.tencent.mm.storage.emotion.EmojiInfo
  .shadow$_monitor_ : int = 0
[TOP2] com.tencent.mm.plugin.appbrand.appusage.AppBrandRecentTaskInfo  ×128
  .A : int = 0
  .B : boolean = false
  .C : long = 1776746062
  .D : int = 103967
  .E : int = 0
  .F : int = 0
  .G : boolean = false
  .v : java.lang.String = 119855199
  .w : java.lang.String = gh_870576f3c6f9@app
  .x : java.lang.String = 美团丨外卖团购特价美食酒店电影
  .y : java.lang.String = http://wx.qlogo.cn/mmhead/OM4v0FU2h0uaKUxzTLeRmuQ9GibmzugclJyqD36q6AYfaRFUoYALQs
  .z : int = 0
  .d : java.lang.String = gh_870576f3c6f9@app
  .e : java.lang.String = wxde8ac0a21135c07d
  .f : int = 0
  .g : int = 1543
  .h : java.lang.String = 美团丨外卖团购特价美食酒店电影
  .i : java.lang.String = null
  .m : java.lang.String = 
  .n : java.lang.String = http://wx.qlogo.cn/mmhead/OM4v0FU2h0uaKUxzTLeRmuQ9GibmzugclJyqD36q6AYfaRFUoYALQs
  .o : boolean = false
  .p : long = 0
  .q : long = 0
  .r : boolean = false
  .s : java.lang.String = null
  .t : java.lang.String = 
  .u : com.tencent.mm.plugin.appbrand.appusage.AppBrandCommUseInfo = null
  .CREATOR : android.os.Parcelable$Creator = com.tencent.mm.plugin.appbrand.appusage.h6@4f00d22
  .shadow$_klass_ : java.lang.Class = class com.tencent.mm.plugin.appbrand.appusage.AppBrandRecentTaskInfo
  .shadow$_monitor_ : int = 0
[TOP3] uw5.c  ×24
  .a : uw5.e = kotlin.Char
  .b : uw5.c = kotlin
  .c : uw5.c = <root>
  .shadow$_klass_ : java.lang.Class = class uw5.c
  .shadow$_monitor_ : int = 536870912
[TOP4] rc.g  ×23
  .a : java.util.Map = {isCNPayWalletRegion=rc.f@f6276d5, getAccountInfo=rc.f@adfaeea}
  .b : java.util.Map = {}
  .c : java.lang.Class = class com.tencent.mm.plugin.lite.dynamic_module.LiteAppModuleWx
  .d : java.lang.String = wx
  .shadow$_klass_ : java.lang.Class = class rc.g
  .shadow$_monitor_ : int = 0
[TOP5] miui.content.res.ThemeResources$FilterInfo  ×16
  .mFallback : com.miui.internal.content.res.ThemeFallback = com.miui.internal.content.res.ThemeFallback@cefbc18
  .mNightMode : boolean = false
  .mPackages : java.util.HashSet = null
  .mPath : java.lang.String = 
  .mValues : miui.content.res.ThemeValues = miui.content.res.ThemeValues@ff29671
  .shadow$_klass_ : java.lang.Class = class miui.content.res.ThemeResources$FilterInfo
  .shadow$_monitor_ : int = 0
[TOP6] jw1.d  ×12
  .a : int = 1
  .b : int = 16
  .c : boolean = true
  .d : boolean = false
  .e : java.lang.ref.WeakReference = null
  .f : fw1.b = null
  .shadow$_klass_ : java.lang.Class = class jw1.d
  .shadow$_monitor_ : int = 0
[TOP7] kc5.y  ×12
  .d : com.tencent.mm.storage.l4 = com.tencent.mm.storage.l4@1b109c7
  .e : java.lang.CharSequence = 公众号
  .f : java.lang.String = 公众号
  .g : java.lang.CharSequence = 昨天
  .h : java.lang.CharSequence = 快讯: 贵定暴雨致7320人受灾，应急救援工作正有序开展，当地：今晚预报还有中到大雨，存在水位上涨可能
  .i : int = -1
  .m : int = 13
  .n : int = 0
  .o : int = 0
  .p : boolean = false
  .q : boolean = false
  .r : boolean = false
  .s : boolean = false
  .t : boolean = false
  .u : boolean = true
  .v : boolean = false
  .w : z15.fe7 = z15.fe7@a40d58c
  .x : boolean = false
  .y : java.lang.String = null
  .z : int = 1
  .shadow$_klass_ : java.lang.Class = class kc5.y
  .shadow$_monitor_ : int = 0
[TOP8] dalvik.system.DexPathList$NativeLibraryElement  ×11
  .initialized : boolean = false
  .path : java.io.File = /system/app/MiuiContentCatcher/MiuiContentCatcher.apk
  .urlHandler : libcore.io.ClassPathURLStreamHandler = null
  .zipDir : java.lang.String = lib/arm64-v8a
  .shadow$_klass_ : java.lang.Class = class dalvik.system.DexPathList$NativeLibraryElement
  .shadow$_monitor_ : int = 0
[TOP9] wq.y0  ×10
  .a : wq.r = wq.s@c7449e3
  .b : int = -1
  .shadow$_klass_ : java.lang.Class = class wq.y0
  .shadow$_monitor_ : int = 536870912
[TOP10] mx5.a1  ×6
  .e : mx5.c2 = TypedList
  .f : java.util.List = []
  .g : boolean = false
  .h : fx5.s = kx5.h@bd964fd
  .i : fv5.l = yv5.a@d6b5ac0
  .d : int = 0
[TOP11] kc5.c0  ×4
  .d : kc5.n = kc5.n@7e4ce95
  .shadow$_klass_ : java.lang.Class = class kc5.c0
  .shadow$_monitor_ : int = 0
[TOP12] com.android.org.conscrypt.OpenSSLX509Certificate  ×4
  .mContext : long = 495778570760
  .mHashCode : java.lang.Integer = 257618496
  .notAfter : java.util.Date = Sat Sep 12 07:59:59 GMT+08:00 2026
  .notBefore : java.util.Date = Wed Feb 25 08:00:00 GMT+08:00 2026
  .serialVersionUID : long = 1992239142393372128
  .issuerX500Principal : javax.security.auth.x500.X500Principal = null
  .subjectX500Principal : javax.security.auth.x500.X500Principal = null
  .serialVersionUID : long = -2491127588187038216
  .hash : int = 257618496
  .type : java.lang.String = X.509
  .serialVersionUID : long = -3585440601605666277
  .shadow$_klass_ : java.lang.Class = class com.android.org.conscrypt.OpenSSLX509Certificate
  .shadow$_monitor_ : int = 0
[TOP13] za3.u  ×4
  .d : fv5.l = null
  .e : int = -1
  .a : z93.e = null
  .b : ca3.c = null
  .c : java.lang.String = null
  .shadow$_klass_ : java.lang.Class = class za3.u
  .shadow$_monitor_ : int = 0
[TOP14] za3.v  ×4
  .d : fv5.l = null
  .e : int = -1
  .a : z93.e = null
  .b : ca3.c = null
  .c : java.lang.String = null
  .shadow$_klass_ : java.lang.Class = class za3.v
  .shadow$_monitor_ : int = 0
[TOP15] za3.c  ×4
  .d : fv5.l = null
  .e : int = -1
  .a : z93.e = null
  .b : ca3.c = null
  .c : java.lang.String = null
  .shadow$_klass_ : java.lang.Class = class za3.c
  .shadow$_monitor_ : int = 0
==================================================


========== addAll 类名统计（total=1060）==========
[TOP1] com.tencent.mm.storage.emotion.EmojiInfo  ×712
  .A2 : java.lang.String = /data/user/0/com.tencent.mm/MicroMsg/b7c5fabdba77ec4298df1f8e53d9af0c/emoji/
  .B2 : java.lang.String = null
  .C2 : java.lang.String = null
  .D2 : int = 0
  .E2 : int = 2
  .F2 : java.lang.String = 
  .G2 : java.lang.String = null
  .H2 : com.tencent.mm.api.EmotionStrategyInfo = null
  .I2 : fk.z6 = SEND_FROM_SCENE_DEFAULT
  .CREATOR : android.os.Parcelable$Creator = g65.i@c3636e5
  .J2 : s45.e0 = s45.e0@1ed55ba
  .A : boolean = true
  .B : boolean = true
  .C : boolean = true
  .D : boolean = true
  .E : boolean = true
  .F : boolean = true
  .G : boolean = true
  .H : boolean = true
  .I : boolean = true
  .J : boolean = true
  .K : boolean = true
  .L : boolean = true
  .M : boolean = true
  .N : boolean = true
  .P : boolean = true
  .Q : boolean = true
  .R : boolean = true
  .S : boolean = true
  .T : boolean = true
  .U : boolean = true
  .V : boolean = true
  .W : boolean = true
  .X : boolean = true
  .Y : boolean = true
  .Z : boolean = true
  .d : boolean = true
  .e : boolean = true
  .f : boolean = true
  .field_activityid : java.lang.String = Selfie:e5b8090c05e2b96e041b06deaf5c4e3b
  .field_aeskey : java.lang.String = 8d2ed35c639d313349d5150015c54869
  .field_app_id : java.lang.String = 
  .field_attachTextColor : java.lang.String = FFFFFF
  .field_attachedEmojiMD5 : [B = [B@a085c6b
  .field_attachedText : java.lang.String = 硬醒
  .field_attr : java.lang.String = 
  .field_captureEnterTime : long = 0
  .field_captureScene : int = 0
  .field_captureStatus : int = 0
  .field_captureUploadCounter : int = 0
  .field_captureUploadErrCode : int = 0
  .field_catalog : int = 81
  .field_cdnUrl : java.lang.String = http://wxapp.tc.qq.com/262/20304/stodownload?m=31fa2d85114d70f4749adc54f090a915&
  .field_content : java.lang.String = 
  .field_custom_meaning : java.lang.String = null
  .field_designerID : java.lang.String = 
  .field_emojiFlag : long = 0
  .field_encrypturl : java.lang.String = http://wxapp.tc.qq.com/262/20304/stodownload?m=552437ce2890fbc99d8aa01931cd7ee8&
  .field_externMd5 : java.lang.String = e4e9fc259e7ea26a531dafd579f938a5
  .field_externUrl : java.lang.String = http://wxapp.tc.qq.com/262/20304/stodownload?m=0f25cb37f419cf311002c007d2a7ed81&
  .field_framesInfo : java.lang.String = 
  .field_groupId : java.lang.String = 
  .field_height : int = 0
  .field_idx : int = 0
  .field_imitateMd5 : java.lang.String = 
  .field_isOcrProcessed : int = 0
  .field_lastUseTime : long = 1779193464705
  .field_lensId : java.lang.String = 
  .field_linkId : java.lang.String = 
  .field_md5 : java.lang.String = 31fa2d85114d70f4749adc54f090a915
  .field_meanings : java.lang.String = null
  .field_name : java.lang.String = 
  .field_needupload : int = 0
  .field_reserved1 : java.lang.String = 
  .field_reserved2 : java.lang.String = 
  .field_reserved3 : int = 1
  .field_reserved4 : int = 1
  .field_size : int = 53970
  .field_source : int = 1
  .field_start : int = 0
  .field_state : int = 3
  .field_storeUnique : int = 0
  .field_svrid : java.lang.String = 
  .field_temp : int = 0
  .field_thumbUrl : java.lang.String = 
  .field_tpauthkey : java.lang.String = null
  .field_tpurl : java.lang.String = null
  .field_type : int = 1
  .field_width : int = 0
  .field_wxamMd5 : java.lang.String = null
  .g : boolean = true
  .h : boolean = true
  .i : boolean = true
  .l1 : boolean = true
  .m : boolean = true
  .n : boolean = true
  .o : boolean = true
  .p : boolean = true
  .p0 : boolean = true
  .p1 : boolean = true
  .q : boolean = true
  .r : boolean = true
  .s : boolean = true
  .t : boolean = true
  .u : boolean = true
  .v : boolean = true
  .v1 : boolean = true
  .w : boolean = true
  .x : boolean = true
  .x0 : boolean = true
  .y : boolean = true
  .y0 : boolean = true
  .z : boolean = true
  .A1 : int = 555704345
  .B1 : int = 3575610
  .C1 : int = 3530753
  .D1 : int = 109757538
  .E1 : int = 109757585
  .F1 : int = 3373707
  .G1 : int = 951530617
  .H1 : int = 2022955529
  .I1 : int = 2022955530
  .J1 : int = 2022955531
  .K1 : int = 2022955532
  .L1 : int = -1411074055
  .M1 : int = 293428218
  .N1 : int = 1736147326
  .O1 : int = -253322636
  .P1 : int = 104125
  .Q1 : int = 3556308
  .R1 : int = -896505829
  .S1 : int = -363311593
  .T1 : int = -28946106
  .U1 : int = 1566917561
  .V1 : int = -1364966910
  .W1 : int = -1512620822
  .X1 : int = -1421131984
  .Y1 : int = 113126854
  .Z1 : int = -1221029593
  .a2 : int = -609031761
  .b2 : int = -609039938
  .c2 : int = 2048620650
  .d2 : int = 110581107
  .e2 : int = 2063396283
  .f2 : int = 1767159665
  .g2 : int = -1664826127
  .h2 : int = 1961195224
  .i2 : int = -212895428
  .j2 : int = -1828144229
  .k2 : int = 1581142539
  .l2 : int = -275695851
  .m2 : int = -1555904225
  .n2 : int = -1106353479
  .o2 : int = 1822793073
  .p2 : int = 755498214
  .q2 : int = 3004913
  .r2 : int = -1102667083
  .s2 : int = -981791210
  .t2 : int = -1141075430
  .u2 : int = 411788079
  .v2 : int = 1686003922
  .w1 : w45.i0 = w45.i0@77a23c8
  .w2 : int = -1776909294
  .x1 : [Ljava.lang.String; = [Ljava.lang.String;@b4e5447
  .x2 : int = 108705909
  .y1 : int = 107902
  .y2 : s45.e0 = s45.e0@3f1b474
  .z1 : int = 109833162
  .z2 : v45.e = v45.e@89d5d9d
  .systemRowid : long = -1
  .COL_ROWID : java.lang.String = rowid
  .FIELD_PREFIX : java.lang.String = field_
  .SYSTEM_ROWID_FIELD : java.lang.String = rowid
  .TAG : java.lang.String = MicroMsg.SDK.IAutoDBItem
  .shadow$_klass_ : java.lang.Class = class com.tencent.mm.storage.emotion.EmojiInfo
  .shadow$_monitor_ : int = 0
[TOP2] com.tencent.mm.plugin.appbrand.appusage.AppBrandRecentTaskInfo  ×128
  .A : int = 0
  .B : boolean = false
  .C : long = 1776746062
  .D : int = 103967
  .E : int = 0
  .F : int = 0
  .G : boolean = false
  .v : java.lang.String = 119855199
  .w : java.lang.String = gh_870576f3c6f9@app
  .x : java.lang.String = 美团丨外卖团购特价美食酒店电影
  .y : java.lang.String = http://wx.qlogo.cn/mmhead/OM4v0FU2h0uaKUxzTLeRmuQ9GibmzugclJyqD36q6AYfaRFUoYALQs
  .z : int = 0
  .d : java.lang.String = gh_870576f3c6f9@app
  .e : java.lang.String = wxde8ac0a21135c07d
  .f : int = 0
  .g : int = 1543
  .h : java.lang.String = 美团丨外卖团购特价美食酒店电影
  .i : java.lang.String = null
  .m : java.lang.String = 
  .n : java.lang.String = http://wx.qlogo.cn/mmhead/OM4v0FU2h0uaKUxzTLeRmuQ9GibmzugclJyqD36q6AYfaRFUoYALQs
  .o : boolean = false
  .p : long = 0
  .q : long = 0
  .r : boolean = false
  .s : java.lang.String = null
  .t : java.lang.String = 
  .u : com.tencent.mm.plugin.appbrand.appusage.AppBrandCommUseInfo = null
  .CREATOR : android.os.Parcelable$Creator = com.tencent.mm.plugin.appbrand.appusage.h6@4f00d22
  .shadow$_klass_ : java.lang.Class = class com.tencent.mm.plugin.appbrand.appusage.AppBrandRecentTaskInfo
  .shadow$_monitor_ : int = 0
[TOP3] uw5.c  ×24
  .a : uw5.e = kotlin.Char
  .b : uw5.c = kotlin
  .c : uw5.c = <root>
  .shadow$_klass_ : java.lang.Class = class uw5.c
  .shadow$_monitor_ : int = 536870912
[TOP4] rc.g  ×23
  .a : java.util.Map = {isCNPayWalletRegion=rc.f@f6276d5, getAccountInfo=rc.f@adfaeea}
  .b : java.util.Map = {}
  .c : java.lang.Class = class com.tencent.mm.plugin.lite.dynamic_module.LiteAppModuleWx
  .d : java.lang.String = wx
  .shadow$_klass_ : java.lang.Class = class rc.g
  .shadow$_monitor_ : int = 0
[TOP5] miui.content.res.ThemeResources$FilterInfo  ×16
  .mFallback : com.miui.internal.content.res.ThemeFallback = com.miui.internal.content.res.ThemeFallback@cefbc18
  .mNightMode : boolean = false
  .mPackages : java.util.HashSet = null
  .mPath : java.lang.String = 
  .mValues : miui.content.res.ThemeValues = miui.content.res.ThemeValues@ff29671
  .shadow$_klass_ : java.lang.Class = class miui.content.res.ThemeResources$FilterInfo
  .shadow$_monitor_ : int = 0
[TOP6] jw1.d  ×12
  .a : int = 1
  .b : int = 16
  .c : boolean = true
  .d : boolean = false
  .e : java.lang.ref.WeakReference = null
  .f : fw1.b = null
  .shadow$_klass_ : java.lang.Class = class jw1.d
  .shadow$_monitor_ : int = 0
[TOP7] kc5.y  ×12
  .d : com.tencent.mm.storage.l4 = com.tencent.mm.storage.l4@1b109c7
  .e : java.lang.CharSequence = 公众号
  .f : java.lang.String = 公众号
  .g : java.lang.CharSequence = 昨天
  .h : java.lang.CharSequence = 快讯: 贵定暴雨致7320人受灾，应急救援工作正有序开展，当地：今晚预报还有中到大雨，存在水位上涨可能
  .i : int = -1
  .m : int = 13
  .n : int = 0
  .o : int = 0
  .p : boolean = false
  .q : boolean = false
  .r : boolean = false
  .s : boolean = false
  .t : boolean = false
  .u : boolean = true
  .v : boolean = false
  .w : z15.fe7 = z15.fe7@a40d58c
  .x : boolean = false
  .y : java.lang.String = null
  .z : int = 1
  .shadow$_klass_ : java.lang.Class = class kc5.y
  .shadow$_monitor_ : int = 0
[TOP8] dalvik.system.DexPathList$NativeLibraryElement  ×11
  .initialized : boolean = false
  .path : java.io.File = /system/app/MiuiContentCatcher/MiuiContentCatcher.apk
  .urlHandler : libcore.io.ClassPathURLStreamHandler = null
  .zipDir : java.lang.String = lib/arm64-v8a
  .shadow$_klass_ : java.lang.Class = class dalvik.system.DexPathList$NativeLibraryElement
  .shadow$_monitor_ : int = 0
[TOP9] wq.y0  ×10
  .a : wq.r = wq.s@c7449e3
  .b : int = -1
  .shadow$_klass_ : java.lang.Class = class wq.y0
  .shadow$_monitor_ : int = 536870912
[TOP10] mx5.a1  ×6
  .e : mx5.c2 = TypedList
  .f : java.util.List = []
  .g : boolean = false
  .h : fx5.s = kx5.h@bd964fd
  .i : fv5.l = yv5.a@d6b5ac0
  .d : int = 0
[TOP11] kc5.c0  ×4
  .d : kc5.n = kc5.n@7e4ce95
  .shadow$_klass_ : java.lang.Class = class kc5.c0
  .shadow$_monitor_ : int = 0
[TOP12] com.android.org.conscrypt.OpenSSLX509Certificate  ×4
  .mContext : long = 495778570760
  .mHashCode : java.lang.Integer = 257618496
  .notAfter : java.util.Date = Sat Sep 12 07:59:59 GMT+08:00 2026
  .notBefore : java.util.Date = Wed Feb 25 08:00:00 GMT+08:00 2026
  .serialVersionUID : long = 1992239142393372128
  .issuerX500Principal : javax.security.auth.x500.X500Principal = null
  .subjectX500Principal : javax.security.auth.x500.X500Principal = null
  .serialVersionUID : long = -2491127588187038216
  .hash : int = 257618496
  .type : java.lang.String = X.509
  .serialVersionUID : long = -3585440601605666277
  .shadow$_klass_ : java.lang.Class = class com.android.org.conscrypt.OpenSSLX509Certificate
  .shadow$_monitor_ : int = 0
[TOP13] za3.u  ×4
  .d : fv5.l = null
  .e : int = -1
  .a : z93.e = null
  .b : ca3.c = null
  .c : java.lang.String = null
  .shadow$_klass_ : java.lang.Class = class za3.u
  .shadow$_monitor_ : int = 0
[TOP14] za3.v  ×4
  .d : fv5.l = null
  .e : int = -1
  .a : z93.e = null
  .b : ca3.c = null
  .c : java.lang.String = null
  .shadow$_klass_ : java.lang.Class = class za3.v
  .shadow$_monitor_ : int = 0
[TOP15] za3.c  ×4
  .d : fv5.l = null
  .e : int = -1
  .a : z93.e = null
  .b : ca3.c = null
  .c : java.lang.String = null
  .shadow$_klass_ : java.lang.Class = class za3.c
  .shadow$_monitor_ : int = 0
==================================================


========== addAll 类名统计（total=1060）==========
[TOP1] com.tencent.mm.storage.emotion.EmojiInfo  ×712
  .A2 : java.lang.String = /data/user/0/com.tencent.mm/MicroMsg/b7c5fabdba77ec4298df1f8e53d9af0c/emoji/
  .B2 : java.lang.String = null
  .C2 : java.lang.String = null
  .D2 : int = 0
  .E2 : int = 2
  .F2 : java.lang.String = 
  .G2 : java.lang.String = null
  .H2 : com.tencent.mm.api.EmotionStrategyInfo = null
  .I2 : fk.z6 = SEND_FROM_SCENE_DEFAULT
  .CREATOR : android.os.Parcelable$Creator = g65.i@c3636e5
  .J2 : s45.e0 = s45.e0@1ed55ba
  .A : boolean = true
  .B : boolean = true
  .C : boolean = true
  .D : boolean = true
  .E : boolean = true
  .F : boolean = true
  .G : boolean = true
  .H : boolean = true
  .I : boolean = true
  .J : boolean = true
  .K : boolean = true
  .L : boolean = true
  .M : boolean = true
  .N : boolean = true
  .P : boolean = true
  .Q : boolean = true
  .R : boolean = true
  .S : boolean = true
  .T : boolean = true
  .U : boolean = true
  .V : boolean = true
  .W : boolean = true
  .X : boolean = true
  .Y : boolean = true
  .Z : boolean = true
  .d : boolean = true
  .e : boolean = true
  .f : boolean = true
  .field_activityid : java.lang.String = Selfie:e5b8090c05e2b96e041b06deaf5c4e3b
  .field_aeskey : java.lang.String = 8d2ed35c639d313349d5150015c54869
  .field_app_id : java.lang.String = 
  .field_attachTextColor : java.lang.String = FFFFFF
  .field_attachedEmojiMD5 : [B = [B@a085c6b
  .field_attachedText : java.lang.String = 硬醒
  .field_attr : java.lang.String = 
  .field_captureEnterTime : long = 0
  .field_captureScene : int = 0
  .field_captureStatus : int = 0
  .field_captureUploadCounter : int = 0
  .field_captureUploadErrCode : int = 0
  .field_catalog : int = 81
  .field_cdnUrl : java.lang.String = http://wxapp.tc.qq.com/262/20304/stodownload?m=31fa2d85114d70f4749adc54f090a915&
  .field_content : java.lang.String = 
  .field_custom_meaning : java.lang.String = null
  .field_designerID : java.lang.String = 
  .field_emojiFlag : long = 0
  .field_encrypturl : java.lang.String = http://wxapp.tc.qq.com/262/20304/stodownload?m=552437ce2890fbc99d8aa01931cd7ee8&
  .field_externMd5 : java.lang.String = e4e9fc259e7ea26a531dafd579f938a5
  .field_externUrl : java.lang.String = http://wxapp.tc.qq.com/262/20304/stodownload?m=0f25cb37f419cf311002c007d2a7ed81&
  .field_framesInfo : java.lang.String = 
  .field_groupId : java.lang.String = 
  .field_height : int = 0
  .field_idx : int = 0
  .field_imitateMd5 : java.lang.String = 
  .field_isOcrProcessed : int = 0
  .field_lastUseTime : long = 1779193464705
  .field_lensId : java.lang.String = 
  .field_linkId : java.lang.String = 
  .field_md5 : java.lang.String = 31fa2d85114d70f4749adc54f090a915
  .field_meanings : java.lang.String = null
  .field_name : java.lang.String = 
  .field_needupload : int = 0
  .field_reserved1 : java.lang.String = 
  .field_reserved2 : java.lang.String = 
  .field_reserved3 : int = 1
  .field_reserved4 : int = 1
  .field_size : int = 53970
  .field_source : int = 1
  .field_start : int = 0
  .field_state : int = 3
  .field_storeUnique : int = 0
  .field_svrid : java.lang.String = 
  .field_temp : int = 0
  .field_thumbUrl : java.lang.String = 
  .field_tpauthkey : java.lang.String = null
  .field_tpurl : java.lang.String = null
  .field_type : int = 1
  .field_width : int = 0
  .field_wxamMd5 : java.lang.String = null
  .g : boolean = true
  .h : boolean = true
  .i : boolean = true
  .l1 : boolean = true
  .m : boolean = true
  .n : boolean = true
  .o : boolean = true
  .p : boolean = true
  .p0 : boolean = true
  .p1 : boolean = true
  .q : boolean = true
  .r : boolean = true
  .s : boolean = true
  .t : boolean = true
  .u : boolean = true
  .v : boolean = true
  .v1 : boolean = true
  .w : boolean = true
  .x : boolean = true
  .x0 : boolean = true
  .y : boolean = true
  .y0 : boolean = true
  .z : boolean = true
  .A1 : int = 555704345
  .B1 : int = 3575610
  .C1 : int = 3530753
  .D1 : int = 109757538
  .E1 : int = 109757585
  .F1 : int = 3373707
  .G1 : int = 951530617
  .H1 : int = 2022955529
  .I1 : int = 2022955530
  .J1 : int = 2022955531
  .K1 : int = 2022955532
  .L1 : int = -1411074055
  .M1 : int = 293428218
  .N1 : int = 1736147326
  .O1 : int = -253322636
  .P1 : int = 104125
  .Q1 : int = 3556308
  .R1 : int = -896505829
  .S1 : int = -363311593
  .T1 : int = -28946106
  .U1 : int = 1566917561
  .V1 : int = -1364966910
  .W1 : int = -1512620822
  .X1 : int = -1421131984
  .Y1 : int = 113126854
  .Z1 : int = -1221029593
  .a2 : int = -609031761
  .b2 : int = -609039938
  .c2 : int = 2048620650
  .d2 : int = 110581107
  .e2 : int = 2063396283
  .f2 : int = 1767159665
  .g2 : int = -1664826127
  .h2 : int = 1961195224
  .i2 : int = -212895428
  .j2 : int = -1828144229
  .k2 : int = 1581142539
  .l2 : int = -275695851
  .m2 : int = -1555904225
  .n2 : int = -1106353479
  .o2 : int = 1822793073
  .p2 : int = 755498214
  .q2 : int = 3004913
  .r2 : int = -1102667083
  .s2 : int = -981791210
  .t2 : int = -1141075430
  .u2 : int = 411788079
  .v2 : int = 1686003922
  .w1 : w45.i0 = w45.i0@77a23c8
  .w2 : int = -1776909294
  .x1 : [Ljava.lang.String; = [Ljava.lang.String;@b4e5447
  .x2 : int = 108705909
  .y1 : int = 107902
  .y2 : s45.e0 = s45.e0@3f1b474
  .z1 : int = 109833162
  .z2 : v45.e = v45.e@89d5d9d
  .systemRowid : long = -1
  .COL_ROWID : java.lang.String = rowid
  .FIELD_PREFIX : java.lang.String = field_
  .SYSTEM_ROWID_FIELD : java.lang.String = rowid
  .TAG : java.lang.String = MicroMsg.SDK.IAutoDBItem
  .shadow$_klass_ : java.lang.Class = class com.tencent.mm.storage.emotion.EmojiInfo
  .shadow$_monitor_ : int = 0
[TOP2] com.tencent.mm.plugin.appbrand.appusage.AppBrandRecentTaskInfo  ×128
  .A : int = 0
  .B : boolean = false
  .C : long = 1776746062
  .D : int = 103967
  .E : int = 0
  .F : int = 0
  .G : boolean = false
  .v : java.lang.String = 119855199
  .w : java.lang.String = gh_870576f3c6f9@app
  .x : java.lang.String = 美团丨外卖团购特价美食酒店电影
  .y : java.lang.String = http://wx.qlogo.cn/mmhead/OM4v0FU2h0uaKUxzTLeRmuQ9GibmzugclJyqD36q6AYfaRFUoYALQs
  .z : int = 0
  .d : java.lang.String = gh_870576f3c6f9@app
  .e : java.lang.String = wxde8ac0a21135c07d
  .f : int = 0
  .g : int = 1543
  .h : java.lang.String = 美团丨外卖团购特价美食酒店电影
  .i : java.lang.String = null
  .m : java.lang.String = 
  .n : java.lang.String = http://wx.qlogo.cn/mmhead/OM4v0FU2h0uaKUxzTLeRmuQ9GibmzugclJyqD36q6AYfaRFUoYALQs
  .o : boolean = false
  .p : long = 0
  .q : long = 0
  .r : boolean = false
  .s : java.lang.String = null
  .t : java.lang.String = 
  .u : com.tencent.mm.plugin.appbrand.appusage.AppBrandCommUseInfo = null
  .CREATOR : android.os.Parcelable$Creator = com.tencent.mm.plugin.appbrand.appusage.h6@4f00d22
  .shadow$_klass_ : java.lang.Class = class com.tencent.mm.plugin.appbrand.appusage.AppBrandRecentTaskInfo
  .shadow$_monitor_ : int = 0
[TOP3] uw5.c  ×24
  .a : uw5.e = kotlin.Char
  .b : uw5.c = kotlin
  .c : uw5.c = <root>
  .shadow$_klass_ : java.lang.Class = class uw5.c
  .shadow$_monitor_ : int = 536870912
[TOP4] rc.g  ×23
  .a : java.util.Map = {isCNPayWalletRegion=rc.f@f6276d5, getAccountInfo=rc.f@adfaeea}
  .b : java.util.Map = {}
  .c : java.lang.Class = class com.tencent.mm.plugin.lite.dynamic_module.LiteAppModuleWx
  .d : java.lang.String = wx
  .shadow$_klass_ : java.lang.Class = class rc.g
  .shadow$_monitor_ : int = 0
[TOP5] miui.content.res.ThemeResources$FilterInfo  ×16
  .mFallback : com.miui.internal.content.res.ThemeFallback = com.miui.internal.content.res.ThemeFallback@cefbc18
  .mNightMode : boolean = false
  .mPackages : java.util.HashSet = null
  .mPath : java.lang.String = 
  .mValues : miui.content.res.ThemeValues = miui.content.res.ThemeValues@ff29671
  .shadow$_klass_ : java.lang.Class = class miui.content.res.ThemeResources$FilterInfo
  .shadow$_monitor_ : int = 0
[TOP6] jw1.d  ×12
  .a : int = 1
  .b : int = 16
  .c : boolean = true
  .d : boolean = false
  .e : java.lang.ref.WeakReference = null
  .f : fw1.b = null
  .shadow$_klass_ : java.lang.Class = class jw1.d
  .shadow$_monitor_ : int = 0
[TOP7] kc5.y  ×12
  .d : com.tencent.mm.storage.l4 = com.tencent.mm.storage.l4@1b109c7
  .e : java.lang.CharSequence = 公众号
  .f : java.lang.String = 公众号
  .g : java.lang.CharSequence = 昨天
  .h : java.lang.CharSequence = 快讯: 贵定暴雨致7320人受灾，应急救援工作正有序开展，当地：今晚预报还有中到大雨，存在水位上涨可能
  .i : int = -1
  .m : int = 13
  .n : int = 0
  .o : int = 0
  .p : boolean = false
  .q : boolean = false
  .r : boolean = false
  .s : boolean = false
  .t : boolean = false
  .u : boolean = true
  .v : boolean = false
  .w : z15.fe7 = z15.fe7@a40d58c
  .x : boolean = false
  .y : java.lang.String = null
  .z : int = 1
  .shadow$_klass_ : java.lang.Class = class kc5.y
  .shadow$_monitor_ : int = 0
[TOP8] dalvik.system.DexPathList$NativeLibraryElement  ×11
  .initialized : boolean = false
  .path : java.io.File = /system/app/MiuiContentCatcher/MiuiContentCatcher.apk
  .urlHandler : libcore.io.ClassPathURLStreamHandler = null
  .zipDir : java.lang.String = lib/arm64-v8a
  .shadow$_klass_ : java.lang.Class = class dalvik.system.DexPathList$NativeLibraryElement
  .shadow$_monitor_ : int = 0
[TOP9] wq.y0  ×10
  .a : wq.r = wq.s@c7449e3
  .b : int = -1
  .shadow$_klass_ : java.lang.Class = class wq.y0
  .shadow$_monitor_ : int = 536870912
[TOP10] mx5.a1  ×6
  .e : mx5.c2 = TypedList
  .f : java.util.List = []
  .g : boolean = false
  .h : fx5.s = kx5.h@bd964fd
  .i : fv5.l = yv5.a@d6b5ac0
  .d : int = 0
[TOP11] kc5.c0  ×4
  .d : kc5.n = kc5.n@7e4ce95
  .shadow$_klass_ : java.lang.Class = class kc5.c0
  .shadow$_monitor_ : int = 0
[TOP12] com.android.org.conscrypt.OpenSSLX509Certificate  ×4
  .mContext : long = 495778570760
  .mHashCode : java.lang.Integer = 257618496
  .notAfter : java.util.Date = Sat Sep 12 07:59:59 GMT+08:00 2026
  .notBefore : java.util.Date = Wed Feb 25 08:00:00 GMT+08:00 2026
  .serialVersionUID : long = 1992239142393372128
  .issuerX500Principal : javax.security.auth.x500.X500Principal = null
  .subjectX500Principal : javax.security.auth.x500.X500Principal = null
  .serialVersionUID : long = -2491127588187038216
  .hash : int = 257618496
  .type : java.lang.String = X.509
  .serialVersionUID : long = -3585440601605666277
  .shadow$_klass_ : java.lang.Class = class com.android.org.conscrypt.OpenSSLX509Certificate
  .shadow$_monitor_ : int = 0
[TOP13] za3.u  ×4
  .d : fv5.l = null
  .e : int = -1
  .a : z93.e = null
  .b : ca3.c = null
  .c : java.lang.String = null
  .shadow$_klass_ : java.lang.Class = class za3.u
  .shadow$_monitor_ : int = 0
[TOP14] za3.v  ×4
  .d : fv5.l = null
  .e : int = -1
  .a : z93.e = null
  .b : ca3.c = null
  .c : java.lang.String = null
  .shadow$_klass_ : java.lang.Class = class za3.v
  .shadow$_monitor_ : int = 0
[TOP15] za3.c  ×4
  .d : fv5.l = null
  .e : int = -1
  .a : z93.e = null
  .b : ca3.c = null
  .c : java.lang.String = null
  .shadow$_klass_ : java.lang.Class = class za3.c
  .shadow$_monitor_ : int = 0
==================================================


========== addAll 类名统计（total=1060）==========
[TOP1] com.tencent.mm.storage.emotion.EmojiInfo  ×712
  .A2 : java.lang.String = /data/user/0/com.tencent.mm/MicroMsg/b7c5fabdba77ec4298df1f8e53d9af0c/emoji/
  .B2 : java.lang.String = null
  .C2 : java.lang.String = null
  .D2 : int = 0
  .E2 : int = 2
  .F2 : java.lang.String = 
  .G2 : java.lang.String = null
  .H2 : com.tencent.mm.api.EmotionStrategyInfo = null
  .I2 : fk.z6 = SEND_FROM_SCENE_DEFAULT
  .CREATOR : android.os.Parcelable$Creator = g65.i@c3636e5
  .J2 : s45.e0 = s45.e0@1ed55ba
  .A : boolean = true
  .B : boolean = true
  .C : boolean = true
  .D : boolean = true
  .E : boolean = true
  .F : boolean = true
  .G : boolean = true
  .H : boolean = true
  .I : boolean = true
  .J : boolean = true
  .K : boolean = true
  .L : boolean = true
  .M : boolean = true
  .N : boolean = true
  .P : boolean = true
  .Q : boolean = true
  .R : boolean = true
  .S : boolean = true
  .T : boolean = true
  .U : boolean = true
  .V : boolean = true
  .W : boolean = true
  .X : boolean = true
  .Y : boolean = true
  .Z : boolean = true
  .d : boolean = true
  .e : boolean = true
  .f : boolean = true
  .field_activityid : java.lang.String = Selfie:e5b8090c05e2b96e041b06deaf5c4e3b
  .field_aeskey : java.lang.String = 8d2ed35c639d313349d5150015c54869
  .field_app_id : java.lang.String = 
  .field_attachTextColor : java.lang.String = FFFFFF
  .field_attachedEmojiMD5 : [B = [B@a085c6b
  .field_attachedText : java.lang.String = 硬醒
  .field_attr : java.lang.String = 
  .field_captureEnterTime : long = 0
  .field_captureScene : int = 0
  .field_captureStatus : int = 0
  .field_captureUploadCounter : int = 0
  .field_captureUploadErrCode : int = 0
  .field_catalog : int = 81
  .field_cdnUrl : java.lang.String = http://wxapp.tc.qq.com/262/20304/stodownload?m=31fa2d85114d70f4749adc54f090a915&
  .field_content : java.lang.String = 
  .field_custom_meaning : java.lang.String = null
  .field_designerID : java.lang.String = 
  .field_emojiFlag : long = 0
  .field_encrypturl : java.lang.String = http://wxapp.tc.qq.com/262/20304/stodownload?m=552437ce2890fbc99d8aa01931cd7ee8&
  .field_externMd5 : java.lang.String = e4e9fc259e7ea26a531dafd579f938a5
  .field_externUrl : java.lang.String = http://wxapp.tc.qq.com/262/20304/stodownload?m=0f25cb37f419cf311002c007d2a7ed81&
  .field_framesInfo : java.lang.String = 
  .field_groupId : java.lang.String = 
  .field_height : int = 0
  .field_idx : int = 0
  .field_imitateMd5 : java.lang.String = 
  .field_isOcrProcessed : int = 0
  .field_lastUseTime : long = 1779193464705
  .field_lensId : java.lang.String = 
  .field_linkId : java.lang.String = 
  .field_md5 : java.lang.String = 31fa2d85114d70f4749adc54f090a915
  .field_meanings : java.lang.String = null
  .field_name : java.lang.String = 
  .field_needupload : int = 0
  .field_reserved1 : java.lang.String = 
  .field_reserved2 : java.lang.String = 
  .field_reserved3 : int = 1
  .field_reserved4 : int = 1
  .field_size : int = 53970
  .field_source : int = 1
  .field_start : int = 0
  .field_state : int = 3
  .field_storeUnique : int = 0
  .field_svrid : java.lang.String = 
  .field_temp : int = 0
  .field_thumbUrl : java.lang.String = 
  .field_tpauthkey : java.lang.String = null
  .field_tpurl : java.lang.String = null
  .field_type : int = 1
  .field_width : int = 0
  .field_wxamMd5 : java.lang.String = null
  .g : boolean = true
  .h : boolean = true
  .i : boolean = true
  .l1 : boolean = true
  .m : boolean = true
  .n : boolean = true
  .o : boolean = true
  .p : boolean = true
  .p0 : boolean = true
  .p1 : boolean = true
  .q : boolean = true
  .r : boolean = true
  .s : boolean = true
  .t : boolean = true
  .u : boolean = true
  .v : boolean = true
  .v1 : boolean = true
  .w : boolean = true
  .x : boolean = true
  .x0 : boolean = true
  .y : boolean = true
  .y0 : boolean = true
  .z : boolean = true
  .A1 : int = 555704345
  .B1 : int = 3575610
  .C1 : int = 3530753
  .D1 : int = 109757538
  .E1 : int = 109757585
  .F1 : int = 3373707
  .G1 : int = 951530617
  .H1 : int = 2022955529
  .I1 : int = 2022955530
  .J1 : int = 2022955531
  .K1 : int = 2022955532
  .L1 : int = -1411074055
  .M1 : int = 293428218
  .N1 : int = 1736147326
  .O1 : int = -253322636
  .P1 : int = 104125
  .Q1 : int = 3556308
  .R1 : int = -896505829
  .S1 : int = -363311593
  .T1 : int = -28946106
  .U1 : int = 1566917561
  .V1 : int = -1364966910
  .W1 : int = -1512620822
  .X1 : int = -1421131984
  .Y1 : int = 113126854
  .Z1 : int = -1221029593
  .a2 : int = -609031761
  .b2 : int = -609039938
  .c2 : int = 2048620650
  .d2 : int = 110581107
  .e2 : int = 2063396283
  .f2 : int = 1767159665
  .g2 : int = -1664826127
  .h2 : int = 1961195224
  .i2 : int = -212895428
  .j2 : int = -1828144229
  .k2 : int = 1581142539
  .l2 : int = -275695851
  .m2 : int = -1555904225
  .n2 : int = -1106353479
  .o2 : int = 1822793073
  .p2 : int = 755498214
  .q2 : int = 3004913
  .r2 : int = -1102667083
  .s2 : int = -981791210
  .t2 : int = -1141075430
  .u2 : int = 411788079
  .v2 : int = 1686003922
  .w1 : w45.i0 = w45.i0@77a23c8
  .w2 : int = -1776909294
  .x1 : [Ljava.lang.String; = [Ljava.lang.String;@b4e5447
  .x2 : int = 108705909
  .y1 : int = 107902
  .y2 : s45.e0 = s45.e0@3f1b474
  .z1 : int = 109833162
  .z2 : v45.e = v45.e@89d5d9d
  .systemRowid : long = -1
  .COL_ROWID : java.lang.String = rowid
  .FIELD_PREFIX : java.lang.String = field_
  .SYSTEM_ROWID_FIELD : java.lang.String = rowid
  .TAG : java.lang.String = MicroMsg.SDK.IAutoDBItem
  .shadow$_klass_ : java.lang.Class = class com.tencent.mm.storage.emotion.EmojiInfo
  .shadow$_monitor_ : int = 0
[TOP2] com.tencent.mm.plugin.appbrand.appusage.AppBrandRecentTaskInfo  ×128
  .A : int = 0
  .B : boolean = false
  .C : long = 1776746062
  .D : int = 103967
  .E : int = 0
  .F : int = 0
  .G : boolean = false
  .v : java.lang.String = 119855199
  .w : java.lang.String = gh_870576f3c6f9@app
  .x : java.lang.String = 美团丨外卖团购特价美食酒店电影
  .y : java.lang.String = http://wx.qlogo.cn/mmhead/OM4v0FU2h0uaKUxzTLeRmuQ9GibmzugclJyqD36q6AYfaRFUoYALQs
  .z : int = 0
  .d : java.lang.String = gh_870576f3c6f9@app
  .e : java.lang.String = wxde8ac0a21135c07d
  .f : int = 0
  .g : int = 1543
  .h : java.lang.String = 美团丨外卖团购特价美食酒店电影
  .i : java.lang.String = null
  .m : java.lang.String = 
  .n : java.lang.String = http://wx.qlogo.cn/mmhead/OM4v0FU2h0uaKUxzTLeRmuQ9GibmzugclJyqD36q6AYfaRFUoYALQs
  .o : boolean = false
  .p : long = 0
  .q : long = 0
  .r : boolean = false
  .s : java.lang.String = null
  .t : java.lang.String = 
  .u : com.tencent.mm.plugin.appbrand.appusage.AppBrandCommUseInfo = null
  .CREATOR : android.os.Parcelable$Creator = com.tencent.mm.plugin.appbrand.appusage.h6@4f00d22
  .shadow$_klass_ : java.lang.Class = class com.tencent.mm.plugin.appbrand.appusage.AppBrandRecentTaskInfo
  .shadow$_monitor_ : int = 0
[TOP3] uw5.c  ×24
  .a : uw5.e = kotlin.Char
  .b : uw5.c = kotlin
  .c : uw5.c = <root>
  .shadow$_klass_ : java.lang.Class = class uw5.c
  .shadow$_monitor_ : int = 536870912
[TOP4] rc.g  ×23
  .a : java.util.Map = {isCNPayWalletRegion=rc.f@f6276d5, getAccountInfo=rc.f@adfaeea}
  .b : java.util.Map = {}
  .c : java.lang.Class = class com.tencent.mm.plugin.lite.dynamic_module.LiteAppModuleWx
  .d : java.lang.String = wx
  .shadow$_klass_ : java.lang.Class = class rc.g
  .shadow$_monitor_ : int = 0
[TOP5] miui.content.res.ThemeResources$FilterInfo  ×16
  .mFallback : com.miui.internal.content.res.ThemeFallback = com.miui.internal.content.res.ThemeFallback@cefbc18
  .mNightMode : boolean = false
  .mPackages : java.util.HashSet = null
  .mPath : java.lang.String = 
  .mValues : miui.content.res.ThemeValues = miui.content.res.ThemeValues@ff29671
  .shadow$_klass_ : java.lang.Class = class miui.content.res.ThemeResources$FilterInfo
  .shadow$_monitor_ : int = 0
[TOP6] jw1.d  ×12
  .a : int = 1
  .b : int = 16
  .c : boolean = true
  .d : boolean = false
  .e : java.lang.ref.WeakReference = null
  .f : fw1.b = null
  .shadow$_klass_ : java.lang.Class = class jw1.d
  .shadow$_monitor_ : int = 0
[TOP7] kc5.y  ×12
  .d : com.tencent.mm.storage.l4 = com.tencent.mm.storage.l4@1b109c7
  .e : java.lang.CharSequence = 公众号
  .f : java.lang.String = 公众号
  .g : java.lang.CharSequence = 昨天
  .h : java.lang.CharSequence = 快讯: 贵定暴雨致7320人受灾，应急救援工作正有序开展，当地：今晚预报还有中到大雨，存在水位上涨可能
  .i : int = -1
  .m : int = 13
  .n : int = 0
  .o : int = 0
  .p : boolean = false
  .q : boolean = false
  .r : boolean = false
  .s : boolean = false
  .t : boolean = false
  .u : boolean = true
  .v : boolean = false
  .w : z15.fe7 = z15.fe7@a40d58c
  .x : boolean = false
  .y : java.lang.String = null
  .z : int = 1
  .shadow$_klass_ : java.lang.Class = class kc5.y
  .shadow$_monitor_ : int = 0
[TOP8] dalvik.system.DexPathList$NativeLibraryElement  ×11
  .initialized : boolean = false
  .path : java.io.File = /system/app/MiuiContentCatcher/MiuiContentCatcher.apk
  .urlHandler : libcore.io.ClassPathURLStreamHandler = null
  .zipDir : java.lang.String = lib/arm64-v8a
  .shadow$_klass_ : java.lang.Class = class dalvik.system.DexPathList$NativeLibraryElement
  .shadow$_monitor_ : int = 0
[TOP9] wq.y0  ×10
  .a : wq.r = wq.s@c7449e3
  .b : int = -1
  .shadow$_klass_ : java.lang.Class = class wq.y0
  .shadow$_monitor_ : int = 536870912
[TOP10] mx5.a1  ×6
  .e : mx5.c2 = TypedList
  .f : java.util.List = []
  .g : boolean = false
  .h : fx5.s = kx5.h@bd964fd
  .i : fv5.l = yv5.a@d6b5ac0
  .d : int = 0
[TOP11] kc5.c0  ×4
  .d : kc5.n = kc5.n@7e4ce95
  .shadow$_klass_ : java.lang.Class = class kc5.c0
  .shadow$_monitor_ : int = 0
[TOP12] com.android.org.conscrypt.OpenSSLX509Certificate  ×4
  .mContext : long = 495778570760
  .mHashCode : java.lang.Integer = 257618496
  .notAfter : java.util.Date = Sat Sep 12 07:59:59 GMT+08:00 2026
  .notBefore : java.util.Date = Wed Feb 25 08:00:00 GMT+08:00 2026
  .serialVersionUID : long = 1992239142393372128
  .issuerX500Principal : javax.security.auth.x500.X500Principal = null
  .subjectX500Principal : javax.security.auth.x500.X500Principal = null
  .serialVersionUID : long = -2491127588187038216
  .hash : int = 257618496
  .type : java.lang.String = X.509
  .serialVersionUID : long = -3585440601605666277
  .shadow$_klass_ : java.lang.Class = class com.android.org.conscrypt.OpenSSLX509Certificate
  .shadow$_monitor_ : int = 0
[TOP13] za3.u  ×4
  .d : fv5.l = null
  .e : int = -1
  .a : z93.e = null
  .b : ca3.c = null
  .c : java.lang.String = null
  .shadow$_klass_ : java.lang.Class = class za3.u
  .shadow$_monitor_ : int = 0
[TOP14] za3.v  ×4
  .d : fv5.l = null
  .e : int = -1
  .a : z93.e = null
  .b : ca3.c = null
  .c : java.lang.String = null
  .shadow$_klass_ : java.lang.Class = class za3.v
  .shadow$_monitor_ : int = 0
[TOP15] za3.c  ×4
  .d : fv5.l = null
  .e : int = -1
  .a : z93.e = null
  .b : ca3.c = null
  .c : java.lang.String = null
  .shadow$_klass_ : java.lang.Class = class za3.c
  .shadow$_monitor_ : int = 0
==================================================


========== addAll 类名统计（total=1060）==========
[TOP1] com.tencent.mm.storage.emotion.EmojiInfo  ×712
  .A2 : java.lang.String = /data/user/0/com.tencent.mm/MicroMsg/b7c5fabdba77ec4298df1f8e53d9af0c/emoji/
  .B2 : java.lang.String = null
  .C2 : java.lang.String = null
  .D2 : int = 0
  .E2 : int = 2
  .F2 : java.lang.String = 
  .G2 : java.lang.String = null
  .H2 : com.tencent.mm.api.EmotionStrategyInfo = null
  .I2 : fk.z6 = SEND_FROM_SCENE_DEFAULT
  .CREATOR : android.os.Parcelable$Creator = g65.i@c3636e5
  .J2 : s45.e0 = s45.e0@1ed55ba
  .A : boolean = true
  .B : boolean = true
  .C : boolean = true
  .D : boolean = true
  .E : boolean = true
  .F : boolean = true
  .G : boolean = true
  .H : boolean = true
  .I : boolean = true
  .J : boolean = true
  .K : boolean = true
  .L : boolean = true
  .M : boolean = true
  .N : boolean = true
  .P : boolean = true
  .Q : boolean = true
  .R : boolean = true
  .S : boolean = true
  .T : boolean = true
  .U : boolean = true
  .V : boolean = true
  .W : boolean = true
  .X : boolean = true
  .Y : boolean = true
  .Z : boolean = true
  .d : boolean = true
  .e : boolean = true
  .f : boolean = true
  .field_activityid : java.lang.String = Selfie:e5b8090c05e2b96e041b06deaf5c4e3b
  .field_aeskey : java.lang.String = 8d2ed35c639d313349d5150015c54869
  .field_app_id : java.lang.String = 
  .field_attachTextColor : java.lang.String = FFFFFF
  .field_attachedEmojiMD5 : [B = [B@a085c6b
  .field_attachedText : java.lang.String = 硬醒
  .field_attr : java.lang.String = 
  .field_captureEnterTime : long = 0
  .field_captureScene : int = 0
  .field_captureStatus : int = 0
  .field_captureUploadCounter : int = 0
  .field_captureUploadErrCode : int = 0
  .field_catalog : int = 81
  .field_cdnUrl : java.lang.String = http://wxapp.tc.qq.com/262/20304/stodownload?m=31fa2d85114d70f4749adc54f090a915&
  .field_content : java.lang.String = 
  .field_custom_meaning : java.lang.String = null
  .field_designerID : java.lang.String = 
  .field_emojiFlag : long = 0
  .field_encrypturl : java.lang.String = http://wxapp.tc.qq.com/262/20304/stodownload?m=552437ce2890fbc99d8aa01931cd7ee8&
  .field_externMd5 : java.lang.String = e4e9fc259e7ea26a531dafd579f938a5
  .field_externUrl : java.lang.String = http://wxapp.tc.qq.com/262/20304/stodownload?m=0f25cb37f419cf311002c007d2a7ed81&
  .field_framesInfo : java.lang.String = 
  .field_groupId : java.lang.String = 
  .field_height : int = 0
  .field_idx : int = 0
  .field_imitateMd5 : java.lang.String = 
  .field_isOcrProcessed : int = 0
  .field_lastUseTime : long = 1779193464705
  .field_lensId : java.lang.String = 
  .field_linkId : java.lang.String = 
  .field_md5 : java.lang.String = 31fa2d85114d70f4749adc54f090a915
  .field_meanings : java.lang.String = null
  .field_name : java.lang.String = 
  .field_needupload : int = 0
  .field_reserved1 : java.lang.String = 
  .field_reserved2 : java.lang.String = 
  .field_reserved3 : int = 1
  .field_reserved4 : int = 1
  .field_size : int = 53970
  .field_source : int = 1
  .field_start : int = 0
  .field_state : int = 3
  .field_storeUnique : int = 0
  .field_svrid : java.lang.String = 
  .field_temp : int = 0
  .field_thumbUrl : java.lang.String = 
  .field_tpauthkey : java.lang.String = null
  .field_tpurl : java.lang.String = null
  .field_type : int = 1
  .field_width : int = 0
  .field_wxamMd5 : java.lang.String = null
  .g : boolean = true
  .h : boolean = true
  .i : boolean = true
  .l1 : boolean = true
  .m : boolean = true
  .n : boolean = true
  .o : boolean = true
  .p : boolean = true
  .p0 : boolean = true
  .p1 : boolean = true
  .q : boolean = true
  .r : boolean = true
  .s : boolean = true
  .t : boolean = true
  .u : boolean = true
  .v : boolean = true
  .v1 : boolean = true
  .w : boolean = true
  .x : boolean = true
  .x0 : boolean = true
  .y : boolean = true
  .y0 : boolean = true
  .z : boolean = true
  .A1 : int = 555704345
  .B1 : int = 3575610
  .C1 : int = 3530753
  .D1 : int = 109757538
  .E1 : int = 109757585
  .F1 : int = 3373707
  .G1 : int = 951530617
  .H1 : int = 2022955529
  .I1 : int = 2022955530
  .J1 : int = 2022955531
  .K1 : int = 2022955532
  .L1 : int = -1411074055
  .M1 : int = 293428218
  .N1 : int = 1736147326
  .O1 : int = -253322636
  .P1 : int = 104125
  .Q1 : int = 3556308
  .R1 : int = -896505829
  .S1 : int = -363311593
  .T1 : int = -28946106
  .U1 : int = 1566917561
  .V1 : int = -1364966910
  .W1 : int = -1512620822
  .X1 : int = -1421131984
  .Y1 : int = 113126854
  .Z1 : int = -1221029593
  .a2 : int = -609031761
  .b2 : int = -609039938
  .c2 : int = 2048620650
  .d2 : int = 110581107
  .e2 : int = 2063396283
  .f2 : int = 1767159665
  .g2 : int = -1664826127
  .h2 : int = 1961195224
  .i2 : int = -212895428
  .j2 : int = -1828144229
  .k2 : int = 1581142539
  .l2 : int = -275695851
  .m2 : int = -1555904225
  .n2 : int = -1106353479
  .o2 : int = 1822793073
  .p2 : int = 755498214
  .q2 : int = 3004913
  .r2 : int = -1102667083
  .s2 : int = -981791210
  .t2 : int = -1141075430
  .u2 : int = 411788079
  .v2 : int = 1686003922
  .w1 : w45.i0 = w45.i0@77a23c8
  .w2 : int = -1776909294
  .x1 : [Ljava.lang.String; = [Ljava.lang.String;@b4e5447
  .x2 : int = 108705909
  .y1 : int = 107902
  .y2 : s45.e0 = s45.e0@3f1b474
  .z1 : int = 109833162
  .z2 : v45.e = v45.e@89d5d9d
  .systemRowid : long = -1
  .COL_ROWID : java.lang.String = rowid
  .FIELD_PREFIX : java.lang.String = field_
  .SYSTEM_ROWID_FIELD : java.lang.String = rowid
  .TAG : java.lang.String = MicroMsg.SDK.IAutoDBItem
  .shadow$_klass_ : java.lang.Class = class com.tencent.mm.storage.emotion.EmojiInfo
  .shadow$_monitor_ : int = 0
[TOP2] com.tencent.mm.plugin.appbrand.appusage.AppBrandRecentTaskInfo  ×128
  .A : int = 0
  .B : boolean = false
  .C : long = 1776746062
  .D : int = 103967
  .E : int = 0
  .F : int = 0
  .G : boolean = false
  .v : java.lang.String = 119855199
  .w : java.lang.String = gh_870576f3c6f9@app
  .x : java.lang.String = 美团丨外卖团购特价美食酒店电影
  .y : java.lang.String = http://wx.qlogo.cn/mmhead/OM4v0FU2h0uaKUxzTLeRmuQ9GibmzugclJyqD36q6AYfaRFUoYALQs
  .z : int = 0
  .d : java.lang.String = gh_870576f3c6f9@app
  .e : java.lang.String = wxde8ac0a21135c07d
  .f : int = 0
  .g : int = 1543
  .h : java.lang.String = 美团丨外卖团购特价美食酒店电影
  .i : java.lang.String = null
  .m : java.lang.String = 
  .n : java.lang.String = http://wx.qlogo.cn/mmhead/OM4v0FU2h0uaKUxzTLeRmuQ9GibmzugclJyqD36q6AYfaRFUoYALQs
  .o : boolean = false
  .p : long = 0
  .q : long = 0
  .r : boolean = false
  .s : java.lang.String = null
  .t : java.lang.String = 
  .u : com.tencent.mm.plugin.appbrand.appusage.AppBrandCommUseInfo = null
  .CREATOR : android.os.Parcelable$Creator = com.tencent.mm.plugin.appbrand.appusage.h6@4f00d22
  .shadow$_klass_ : java.lang.Class = class com.tencent.mm.plugin.appbrand.appusage.AppBrandRecentTaskInfo
  .shadow$_monitor_ : int = 0
[TOP3] uw5.c  ×24
  .a : uw5.e = kotlin.Char
  .b : uw5.c = kotlin
  .c : uw5.c = <root>
  .shadow$_klass_ : java.lang.Class = class uw5.c
  .shadow$_monitor_ : int = 536870912
[TOP4] rc.g  ×23
  .a : java.util.Map = {isCNPayWalletRegion=rc.f@f6276d5, getAccountInfo=rc.f@adfaeea}
  .b : java.util.Map = {}
  .c : java.lang.Class = class com.tencent.mm.plugin.lite.dynamic_module.LiteAppModuleWx
  .d : java.lang.String = wx
  .shadow$_klass_ : java.lang.Class = class rc.g
  .shadow$_monitor_ : int = 0
[TOP5] miui.content.res.ThemeResources$FilterInfo  ×16
  .mFallback : com.miui.internal.content.res.ThemeFallback = com.miui.internal.content.res.ThemeFallback@cefbc18
  .mNightMode : boolean = false
  .mPackages : java.util.HashSet = null
  .mPath : java.lang.String = 
  .mValues : miui.content.res.ThemeValues = miui.content.res.ThemeValues@ff29671
  .shadow$_klass_ : java.lang.Class = class miui.content.res.ThemeResources$FilterInfo
  .shadow$_monitor_ : int = 0
[TOP6] jw1.d  ×12
  .a : int = 1
  .b : int = 16
  .c : boolean = true
  .d : boolean = false
  .e : java.lang.ref.WeakReference = null
  .f : fw1.b = null
  .shadow$_klass_ : java.lang.Class = class jw1.d
  .shadow$_monitor_ : int = 0
[TOP7] kc5.y  ×12
  .d : com.tencent.mm.storage.l4 = com.tencent.mm.storage.l4@1b109c7
  .e : java.lang.CharSequence = 公众号
  .f : java.lang.String = 公众号
  .g : java.lang.CharSequence = 昨天
  .h : java.lang.CharSequence = 快讯: 贵定暴雨致7320人受灾，应急救援工作正有序开展，当地：今晚预报还有中到大雨，存在水位上涨可能
  .i : int = -1
  .m : int = 13
  .n : int = 0
  .o : int = 0
  .p : boolean = false
  .q : boolean = false
  .r : boolean = false
  .s : boolean = false
  .t : boolean = false
  .u : boolean = true
  .v : boolean = false
  .w : z15.fe7 = z15.fe7@a40d58c
  .x : boolean = false
  .y : java.lang.String = null
  .z : int = 1
  .shadow$_klass_ : java.lang.Class = class kc5.y
  .shadow$_monitor_ : int = 0
[TOP8] dalvik.system.DexPathList$NativeLibraryElement  ×11
  .initialized : boolean = false
  .path : java.io.File = /system/app/MiuiContentCatcher/MiuiContentCatcher.apk
  .urlHandler : libcore.io.ClassPathURLStreamHandler = null
  .zipDir : java.lang.String = lib/arm64-v8a
  .shadow$_klass_ : java.lang.Class = class dalvik.system.DexPathList$NativeLibraryElement
  .shadow$_monitor_ : int = 0
[TOP9] wq.y0  ×10
  .a : wq.r = wq.s@c7449e3
  .b : int = -1
  .shadow$_klass_ : java.lang.Class = class wq.y0
  .shadow$_monitor_ : int = 536870912
[TOP10] mx5.a1  ×6
  .e : mx5.c2 = TypedList
  .f : java.util.List = []
  .g : boolean = false
  .h : fx5.s = kx5.h@bd964fd
  .i : fv5.l = yv5.a@d6b5ac0
  .d : int = 0
[TOP11] kc5.c0  ×4
  .d : kc5.n = kc5.n@7e4ce95
  .shadow$_klass_ : java.lang.Class = class kc5.c0
  .shadow$_monitor_ : int = 0
[TOP12] com.android.org.conscrypt.OpenSSLX509Certificate  ×4
  .mContext : long = 495778570760
  .mHashCode : java.lang.Integer = 257618496
  .notAfter : java.util.Date = Sat Sep 12 07:59:59 GMT+08:00 2026
  .notBefore : java.util.Date = Wed Feb 25 08:00:00 GMT+08:00 2026
  .serialVersionUID : long = 1992239142393372128
  .issuerX500Principal : javax.security.auth.x500.X500Principal = null
  .subjectX500Principal : javax.security.auth.x500.X500Principal = null
  .serialVersionUID : long = -2491127588187038216
  .hash : int = 257618496
  .type : java.lang.String = X.509
  .serialVersionUID : long = -3585440601605666277
  .shadow$_klass_ : java.lang.Class = class com.android.org.conscrypt.OpenSSLX509Certificate
  .shadow$_monitor_ : int = 0
[TOP13] za3.u  ×4
  .d : fv5.l = null
  .e : int = -1
  .a : z93.e = null
  .b : ca3.c = null
  .c : java.lang.String = null
  .shadow$_klass_ : java.lang.Class = class za3.u
  .shadow$_monitor_ : int = 0
[TOP14] za3.v  ×4
  .d : fv5.l = null
  .e : int = -1
  .a : z93.e = null
  .b : ca3.c = null
  .c : java.lang.String = null
  .shadow$_klass_ : java.lang.Class = class za3.v
  .shadow$_monitor_ : int = 0
[TOP15] za3.c  ×4
  .d : fv5.l = null
  .e : int = -1
  .a : z93.e = null
  .b : ca3.c = null
  .c : java.lang.String = null
  .shadow$_klass_ : java.lang.Class = class za3.c
  .shadow$_monitor_ : int = 0
==================================================


========== addAll 类名统计（total=1060）==========
[TOP1] com.tencent.mm.storage.emotion.EmojiInfo  ×712
  .A2 : java.lang.String = /data/user/0/com.tencent.mm/MicroMsg/b7c5fabdba77ec4298df1f8e53d9af0c/emoji/
  .B2 : java.lang.String = null
  .C2 : java.lang.String = null
  .D2 : int = 0
  .E2 : int = 2
  .F2 : java.lang.String = 
  .G2 : java.lang.String = null
  .H2 : com.tencent.mm.api.EmotionStrategyInfo = null
  .I2 : fk.z6 = SEND_FROM_SCENE_DEFAULT
  .CREATOR : android.os.Parcelable$Creator = g65.i@c3636e5
  .J2 : s45.e0 = s45.e0@1ed55ba
  .A : boolean = true
  .B : boolean = true
  .C : boolean = true
  .D : boolean = true
  .E : boolean = true
  .F : boolean = true
  .G : boolean = true
  .H : boolean = true
  .I : boolean = true
  .J : boolean = true
  .K : boolean = true
  .L : boolean = true
  .M : boolean = true
  .N : boolean = true
  .P : boolean = true
  .Q : boolean = true
  .R : boolean = true
  .S : boolean = true
  .T : boolean = true
  .U : boolean = true
  .V : boolean = true
  .W : boolean = true
  .X : boolean = true
  .Y : boolean = true
  .Z : boolean = true
  .d : boolean = true
  .e : boolean = true
  .f : boolean = true
  .field_activityid : java.lang.String = Selfie:e5b8090c05e2b96e041b06deaf5c4e3b
  .field_aeskey : java.lang.String = 8d2ed35c639d313349d5150015c54869
  .field_app_id : java.lang.String = 
  .field_attachTextColor : java.lang.String = FFFFFF
  .field_attachedEmojiMD5 : [B = [B@a085c6b
  .field_attachedText : java.lang.String = 硬醒
  .field_attr : java.lang.String = 
  .field_captureEnterTime : long = 0
  .field_captureScene : int = 0
  .field_captureStatus : int = 0
  .field_captureUploadCounter : int = 0
  .field_captureUploadErrCode : int = 0
  .field_catalog : int = 81
  .field_cdnUrl : java.lang.String = http://wxapp.tc.qq.com/262/20304/stodownload?m=31fa2d85114d70f4749adc54f090a915&
  .field_content : java.lang.String = 
  .field_custom_meaning : java.lang.String = null
  .field_designerID : java.lang.String = 
  .field_emojiFlag : long = 0
  .field_encrypturl : java.lang.String = http://wxapp.tc.qq.com/262/20304/stodownload?m=552437ce2890fbc99d8aa01931cd7ee8&
  .field_externMd5 : java.lang.String = e4e9fc259e7ea26a531dafd579f938a5
  .field_externUrl : java.lang.String = http://wxapp.tc.qq.com/262/20304/stodownload?m=0f25cb37f419cf311002c007d2a7ed81&
  .field_framesInfo : java.lang.String = 
  .field_groupId : java.lang.String = 
  .field_height : int = 0
  .field_idx : int = 0
  .field_imitateMd5 : java.lang.String = 
  .field_isOcrProcessed : int = 0
  .field_lastUseTime : long = 1779193464705
  .field_lensId : java.lang.String = 
  .field_linkId : java.lang.String = 
  .field_md5 : java.lang.String = 31fa2d85114d70f4749adc54f090a915
  .field_meanings : java.lang.String = null
  .field_name : java.lang.String = 
  .field_needupload : int = 0
  .field_reserved1 : java.lang.String = 
  .field_reserved2 : java.lang.String = 
  .field_reserved3 : int = 1
  .field_reserved4 : int = 1
  .field_size : int = 53970
  .field_source : int = 1
  .field_start : int = 0
  .field_state : int = 3
  .field_storeUnique : int = 0
  .field_svrid : java.lang.String = 
  .field_temp : int = 0
  .field_thumbUrl : java.lang.String = 
  .field_tpauthkey : java.lang.String = null
  .field_tpurl : java.lang.String = null
  .field_type : int = 1
  .field_width : int = 0
  .field_wxamMd5 : java.lang.String = null
  .g : boolean = true
  .h : boolean = true
  .i : boolean = true
  .l1 : boolean = true
  .m : boolean = true
  .n : boolean = true
  .o : boolean = true
  .p : boolean = true
  .p0 : boolean = true
  .p1 : boolean = true
  .q : boolean = true
  .r : boolean = true
  .s : boolean = true
  .t : boolean = true
  .u : boolean = true
  .v : boolean = true
  .v1 : boolean = true
  .w : boolean = true
  .x : boolean = true
  .x0 : boolean = true
  .y : boolean = true
  .y0 : boolean = true
  .z : boolean = true
  .A1 : int = 555704345
  .B1 : int = 3575610
  .C1 : int = 3530753
  .D1 : int = 109757538
  .E1 : int = 109757585
  .F1 : int = 3373707
  .G1 : int = 951530617
  .H1 : int = 2022955529
  .I1 : int = 2022955530
  .J1 : int = 2022955531
  .K1 : int = 2022955532
  .L1 : int = -1411074055
  .M1 : int = 293428218
  .N1 : int = 1736147326
  .O1 : int = -253322636
  .P1 : int = 104125
  .Q1 : int = 3556308
  .R1 : int = -896505829
  .S1 : int = -363311593
  .T1 : int = -28946106
  .U1 : int = 1566917561
  .V1 : int = -1364966910
  .W1 : int = -1512620822
  .X1 : int = -1421131984
  .Y1 : int = 113126854
  .Z1 : int = -1221029593
  .a2 : int = -609031761
  .b2 : int = -609039938
  .c2 : int = 2048620650
  .d2 : int = 110581107
  .e2 : int = 2063396283
  .f2 : int = 1767159665
  .g2 : int = -1664826127
  .h2 : int = 1961195224
  .i2 : int = -212895428
  .j2 : int = -1828144229
  .k2 : int = 1581142539
  .l2 : int = -275695851
  .m2 : int = -1555904225
  .n2 : int = -1106353479
  .o2 : int = 1822793073
  .p2 : int = 755498214
  .q2 : int = 3004913
  .r2 : int = -1102667083
  .s2 : int = -981791210
  .t2 : int = -1141075430
  .u2 : int = 411788079
  .v2 : int = 1686003922
  .w1 : w45.i0 = w45.i0@77a23c8
  .w2 : int = -1776909294
  .x1 : [Ljava.lang.String; = [Ljava.lang.String;@b4e5447
  .x2 : int = 108705909
  .y1 : int = 107902
  .y2 : s45.e0 = s45.e0@3f1b474
  .z1 : int = 109833162
  .z2 : v45.e = v45.e@89d5d9d
  .systemRowid : long = -1
  .COL_ROWID : java.lang.String = rowid
  .FIELD_PREFIX : java.lang.String = field_
  .SYSTEM_ROWID_FIELD : java.lang.String = rowid
  .TAG : java.lang.String = MicroMsg.SDK.IAutoDBItem
  .shadow$_klass_ : java.lang.Class = class com.tencent.mm.storage.emotion.EmojiInfo
  .shadow$_monitor_ : int = 0
[TOP2] com.tencent.mm.plugin.appbrand.appusage.AppBrandRecentTaskInfo  ×128
  .A : int = 0
  .B : boolean = false
  .C : long = 1776746062
  .D : int = 103967
  .E : int = 0
  .F : int = 0
  .G : boolean = false
  .v : java.lang.String = 119855199
  .w : java.lang.String = gh_870576f3c6f9@app
  .x : java.lang.String = 美团丨外卖团购特价美食酒店电影
  .y : java.lang.String = http://wx.qlogo.cn/mmhead/OM4v0FU2h0uaKUxzTLeRmuQ9GibmzugclJyqD36q6AYfaRFUoYALQs
  .z : int = 0
  .d : java.lang.String = gh_870576f3c6f9@app
  .e : java.lang.String = wxde8ac0a21135c07d
  .f : int = 0
  .g : int = 1543
  .h : java.lang.String = 美团丨外卖团购特价美食酒店电影
  .i : java.lang.String = null
  .m : java.lang.String = 
  .n : java.lang.String = http://wx.qlogo.cn/mmhead/OM4v0FU2h0uaKUxzTLeRmuQ9GibmzugclJyqD36q6AYfaRFUoYALQs
  .o : boolean = false
  .p : long = 0
  .q : long = 0
  .r : boolean = false
  .s : java.lang.String = null
  .t : java.lang.String = 
  .u : com.tencent.mm.plugin.appbrand.appusage.AppBrandCommUseInfo = null
  .CREATOR : android.os.Parcelable$Creator = com.tencent.mm.plugin.appbrand.appusage.h6@4f00d22
  .shadow$_klass_ : java.lang.Class = class com.tencent.mm.plugin.appbrand.appusage.AppBrandRecentTaskInfo
  .shadow$_monitor_ : int = 0
[TOP3] uw5.c  ×24
  .a : uw5.e = kotlin.Char
  .b : uw5.c = kotlin
  .c : uw5.c = <root>
  .shadow$_klass_ : java.lang.Class = class uw5.c
  .shadow$_monitor_ : int = 536870912
[TOP4] rc.g  ×23
  .a : java.util.Map = {isCNPayWalletRegion=rc.f@f6276d5, getAccountInfo=rc.f@adfaeea}
  .b : java.util.Map = {}
  .c : java.lang.Class = class com.tencent.mm.plugin.lite.dynamic_module.LiteAppModuleWx
  .d : java.lang.String = wx
  .shadow$_klass_ : java.lang.Class = class rc.g
  .shadow$_monitor_ : int = 0
[TOP5] miui.content.res.ThemeResources$FilterInfo  ×16
  .mFallback : com.miui.internal.content.res.ThemeFallback = com.miui.internal.content.res.ThemeFallback@cefbc18
  .mNightMode : boolean = false
  .mPackages : java.util.HashSet = null
  .mPath : java.lang.String = 
  .mValues : miui.content.res.ThemeValues = miui.content.res.ThemeValues@ff29671
  .shadow$_klass_ : java.lang.Class = class miui.content.res.ThemeResources$FilterInfo
  .shadow$_monitor_ : int = 0
[TOP6] jw1.d  ×12
  .a : int = 1
  .b : int = 16
  .c : boolean = true
  .d : boolean = false
  .e : java.lang.ref.WeakReference = null
  .f : fw1.b = null
  .shadow$_klass_ : java.lang.Class = class jw1.d
  .shadow$_monitor_ : int = 0
[TOP7] kc5.y  ×12
  .d : com.tencent.mm.storage.l4 = com.tencent.mm.storage.l4@1b109c7
  .e : java.lang.CharSequence = 公众号
  .f : java.lang.String = 公众号
  .g : java.lang.CharSequence = 昨天
  .h : java.lang.CharSequence = 快讯: 贵定暴雨致7320人受灾，应急救援工作正有序开展，当地：今晚预报还有中到大雨，存在水位上涨可能
  .i : int = -1
  .m : int = 13
  .n : int = 0
  .o : int = 0
  .p : boolean = false
  .q : boolean = false
  .r : boolean = false
  .s : boolean = false
  .t : boolean = false
  .u : boolean = true
  .v : boolean = false
  .w : z15.fe7 = z15.fe7@a40d58c
  .x : boolean = false
  .y : java.lang.String = null
  .z : int = 1
  .shadow$_klass_ : java.lang.Class = class kc5.y
  .shadow$_monitor_ : int = 0
[TOP8] dalvik.system.DexPathList$NativeLibraryElement  ×11
  .initialized : boolean = false
  .path : java.io.File = /system/app/MiuiContentCatcher/MiuiContentCatcher.apk
  .urlHandler : libcore.io.ClassPathURLStreamHandler = null
  .zipDir : java.lang.String = lib/arm64-v8a
  .shadow$_klass_ : java.lang.Class = class dalvik.system.DexPathList$NativeLibraryElement
  .shadow$_monitor_ : int = 0
[TOP9] wq.y0  ×10
  .a : wq.r = wq.s@c7449e3
  .b : int = -1
  .shadow$_klass_ : java.lang.Class = class wq.y0
  .shadow$_monitor_ : int = 536870912
[TOP10] mx5.a1  ×6
  .e : mx5.c2 = TypedList
  .f : java.util.List = []
  .g : boolean = false
  .h : fx5.s = kx5.h@bd964fd
  .i : fv5.l = yv5.a@d6b5ac0
  .d : int = 0
[TOP11] kc5.c0  ×4
  .d : kc5.n = kc5.n@7e4ce95
  .shadow$_klass_ : java.lang.Class = class kc5.c0
  .shadow$_monitor_ : int = 0
[TOP12] com.android.org.conscrypt.OpenSSLX509Certificate  ×4
  .mContext : long = 495778570760
  .mHashCode : java.lang.Integer = 257618496
  .notAfter : java.util.Date = Sat Sep 12 07:59:59 GMT+08:00 2026
  .notBefore : java.util.Date = Wed Feb 25 08:00:00 GMT+08:00 2026
  .serialVersionUID : long = 1992239142393372128
  .issuerX500Principal : javax.security.auth.x500.X500Principal = null
  .subjectX500Principal : javax.security.auth.x500.X500Principal = null
  .serialVersionUID : long = -2491127588187038216
  .hash : int = 257618496
  .type : java.lang.String = X.509
  .serialVersionUID : long = -3585440601605666277
  .shadow$_klass_ : java.lang.Class = class com.android.org.conscrypt.OpenSSLX509Certificate
  .shadow$_monitor_ : int = 0
[TOP13] za3.u  ×4
  .d : fv5.l = null
  .e : int = -1
  .a : z93.e = null
  .b : ca3.c = null
  .c : java.lang.String = null
  .shadow$_klass_ : java.lang.Class = class za3.u
  .shadow$_monitor_ : int = 0
[TOP14] za3.v  ×4
  .d : fv5.l = null
  .e : int = -1
  .a : z93.e = null
  .b : ca3.c = null
  .c : java.lang.String = null
  .shadow$_klass_ : java.lang.Class = class za3.v
  .shadow$_monitor_ : int = 0
[TOP15] za3.c  ×4
  .d : fv5.l = null
  .e : int = -1
  .a : z93.e = null
  .b : ca3.c = null
  .c : java.lang.String = null
  .shadow$_klass_ : java.lang.Class = class za3.c
  .shadow$_monitor_ : int = 0
==================================================


========== addAll 类名统计（total=1060）==========
[TOP1] com.tencent.mm.storage.emotion.EmojiInfo  ×712
  .A2 : java.lang.String = /data/user/0/com.tencent.mm/MicroMsg/b7c5fabdba77ec4298df1f8e53d9af0c/emoji/
  .B2 : java.lang.String = null
  .C2 : java.lang.String = null
  .D2 : int = 0
  .E2 : int = 2
  .F2 : java.lang.String = 
  .G2 : java.lang.String = null
  .H2 : com.tencent.mm.api.EmotionStrategyInfo = null
  .I2 : fk.z6 = SEND_FROM_SCENE_DEFAULT
  .CREATOR : android.os.Parcelable$Creator = g65.i@c3636e5
  .J2 : s45.e0 = s45.e0@1ed55ba
  .A : boolean = true
  .B : boolean = true
  .C : boolean = true
  .D : boolean = true
  .E : boolean = true
  .F : boolean = true
  .G : boolean = true
  .H : boolean = true
  .I : boolean = true
  .J : boolean = true
  .K : boolean = true
  .L : boolean = true
  .M : boolean = true
  .N : boolean = true
  .P : boolean = true
  .Q : boolean = true
  .R : boolean = true
  .S : boolean = true
  .T : boolean = true
  .U : boolean = true
  .V : boolean = true
  .W : boolean = true
  .X : boolean = true
  .Y : boolean = true
  .Z : boolean = true
  .d : boolean = true
  .e : boolean = true
  .f : boolean = true
  .field_activityid : java.lang.String = Selfie:e5b8090c05e2b96e041b06deaf5c4e3b
  .field_aeskey : java.lang.String = 8d2ed35c639d313349d5150015c54869
  .field_app_id : java.lang.String = 
  .field_attachTextColor : java.lang.String = FFFFFF
  .field_attachedEmojiMD5 : [B = [B@a085c6b
  .field_attachedText : java.lang.String = 硬醒
  .field_attr : java.lang.String = 
  .field_captureEnterTime : long = 0
  .field_captureScene : int = 0
  .field_captureStatus : int = 0
  .field_captureUploadCounter : int = 0
  .field_captureUploadErrCode : int = 0
  .field_catalog : int = 81
  .field_cdnUrl : java.lang.String = http://wxapp.tc.qq.com/262/20304/stodownload?m=31fa2d85114d70f4749adc54f090a915&
  .field_content : java.lang.String = 
  .field_custom_meaning : java.lang.String = null
  .field_designerID : java.lang.String = 
  .field_emojiFlag : long = 0
  .field_encrypturl : java.lang.String = http://wxapp.tc.qq.com/262/20304/stodownload?m=552437ce2890fbc99d8aa01931cd7ee8&
  .field_externMd5 : java.lang.String = e4e9fc259e7ea26a531dafd579f938a5
  .field_externUrl : java.lang.String = http://wxapp.tc.qq.com/262/20304/stodownload?m=0f25cb37f419cf311002c007d2a7ed81&
  .field_framesInfo : java.lang.String = 
  .field_groupId : java.lang.String = 
  .field_height : int = 0
  .field_idx : int = 0
  .field_imitateMd5 : java.lang.String = 
  .field_isOcrProcessed : int = 0
  .field_lastUseTime : long = 1779193464705
  .field_lensId : java.lang.String = 
  .field_linkId : java.lang.String = 
  .field_md5 : java.lang.String = 31fa2d85114d70f4749adc54f090a915
  .field_meanings : java.lang.String = null
  .field_name : java.lang.String = 
  .field_needupload : int = 0
  .field_reserved1 : java.lang.String = 
  .field_reserved2 : java.lang.String = 
  .field_reserved3 : int = 1
  .field_reserved4 : int = 1
  .field_size : int = 53970
  .field_source : int = 1
  .field_start : int = 0
  .field_state : int = 3
  .field_storeUnique : int = 0
  .field_svrid : java.lang.String = 
  .field_temp : int = 0
  .field_thumbUrl : java.lang.String = 
  .field_tpauthkey : java.lang.String = null
  .field_tpurl : java.lang.String = null
  .field_type : int = 1
  .field_width : int = 0
  .field_wxamMd5 : java.lang.String = null
  .g : boolean = true
  .h : boolean = true
  .i : boolean = true
  .l1 : boolean = true
  .m : boolean = true
  .n : boolean = true
  .o : boolean = true
  .p : boolean = true
  .p0 : boolean = true
  .p1 : boolean = true
  .q : boolean = true
  .r : boolean = true
  .s : boolean = true
  .t : boolean = true
  .u : boolean = true
  .v : boolean = true
  .v1 : boolean = true
  .w : boolean = true
  .x : boolean = true
  .x0 : boolean = true
  .y : boolean = true
  .y0 : boolean = true
  .z : boolean = true
  .A1 : int = 555704345
  .B1 : int = 3575610
  .C1 : int = 3530753
  .D1 : int = 109757538
  .E1 : int = 109757585
  .F1 : int = 3373707
  .G1 : int = 951530617
  .H1 : int = 2022955529
  .I1 : int = 2022955530
  .J1 : int = 2022955531
  .K1 : int = 2022955532
  .L1 : int = -1411074055
  .M1 : int = 293428218
  .N1 : int = 1736147326
  .O1 : int = -253322636
  .P1 : int = 104125
  .Q1 : int = 3556308
  .R1 : int = -896505829
  .S1 : int = -363311593
  .T1 : int = -28946106
  .U1 : int = 1566917561
  .V1 : int = -1364966910
  .W1 : int = -1512620822
  .X1 : int = -1421131984
  .Y1 : int = 113126854
  .Z1 : int = -1221029593
  .a2 : int = -609031761
  .b2 : int = -609039938
  .c2 : int = 2048620650
  .d2 : int = 110581107
  .e2 : int = 2063396283
  .f2 : int = 1767159665
  .g2 : int = -1664826127
  .h2 : int = 1961195224
  .i2 : int = -212895428
  .j2 : int = -1828144229
  .k2 : int = 1581142539
  .l2 : int = -275695851
  .m2 : int = -1555904225
  .n2 : int = -1106353479
  .o2 : int = 1822793073
  .p2 : int = 755498214
  .q2 : int = 3004913
  .r2 : int = -1102667083
  .s2 : int = -981791210
  .t2 : int = -1141075430
  .u2 : int = 411788079
  .v2 : int = 1686003922
  .w1 : w45.i0 = w45.i0@77a23c8
  .w2 : int = -1776909294
  .x1 : [Ljava.lang.String; = [Ljava.lang.String;@b4e5447
  .x2 : int = 108705909
  .y1 : int = 107902
  .y2 : s45.e0 = s45.e0@3f1b474
  .z1 : int = 109833162
  .z2 : v45.e = v45.e@89d5d9d
  .systemRowid : long = -1
  .COL_ROWID : java.lang.String = rowid
  .FIELD_PREFIX : java.lang.String = field_
  .SYSTEM_ROWID_FIELD : java.lang.String = rowid
  .TAG : java.lang.String = MicroMsg.SDK.IAutoDBItem
  .shadow$_klass_ : java.lang.Class = class com.tencent.mm.storage.emotion.EmojiInfo
  .shadow$_monitor_ : int = 0
[TOP2] com.tencent.mm.plugin.appbrand.appusage.AppBrandRecentTaskInfo  ×128
  .A : int = 0
  .B : boolean = false
  .C : long = 1776746062
  .D : int = 103967
  .E : int = 0
  .F : int = 0
  .G : boolean = false
  .v : java.lang.String = 119855199
  .w : java.lang.String = gh_870576f3c6f9@app
  .x : java.lang.String = 美团丨外卖团购特价美食酒店电影
  .y : java.lang.String = http://wx.qlogo.cn/mmhead/OM4v0FU2h0uaKUxzTLeRmuQ9GibmzugclJyqD36q6AYfaRFUoYALQs
  .z : int = 0
  .d : java.lang.String = gh_870576f3c6f9@app
  .e : java.lang.String = wxde8ac0a21135c07d
  .f : int = 0
  .g : int = 1543
  .h : java.lang.String = 美团丨外卖团购特价美食酒店电影
  .i : java.lang.String = null
  .m : java.lang.String = 
  .n : java.lang.String = http://wx.qlogo.cn/mmhead/OM4v0FU2h0uaKUxzTLeRmuQ9GibmzugclJyqD36q6AYfaRFUoYALQs
  .o : boolean = false
  .p : long = 0
  .q : long = 0
  .r : boolean = false
  .s : java.lang.String = null
  .t : java.lang.String = 
  .u : com.tencent.mm.plugin.appbrand.appusage.AppBrandCommUseInfo = null
  .CREATOR : android.os.Parcelable$Creator = com.tencent.mm.plugin.appbrand.appusage.h6@4f00d22
  .shadow$_klass_ : java.lang.Class = class com.tencent.mm.plugin.appbrand.appusage.AppBrandRecentTaskInfo
  .shadow$_monitor_ : int = 0
[TOP3] uw5.c  ×24
  .a : uw5.e = kotlin.Char
  .b : uw5.c = kotlin
  .c : uw5.c = <root>
  .shadow$_klass_ : java.lang.Class = class uw5.c
  .shadow$_monitor_ : int = 536870912
[TOP4] rc.g  ×23
  .a : java.util.Map = {isCNPayWalletRegion=rc.f@f6276d5, getAccountInfo=rc.f@adfaeea}
  .b : java.util.Map = {}
  .c : java.lang.Class = class com.tencent.mm.plugin.lite.dynamic_module.LiteAppModuleWx
  .d : java.lang.String = wx
  .shadow$_klass_ : java.lang.Class = class rc.g
  .shadow$_monitor_ : int = 0
[TOP5] miui.content.res.ThemeResources$FilterInfo  ×16
  .mFallback : com.miui.internal.content.res.ThemeFallback = com.miui.internal.content.res.ThemeFallback@cefbc18
  .mNightMode : boolean = false
  .mPackages : java.util.HashSet = null
  .mPath : java.lang.String = 
  .mValues : miui.content.res.ThemeValues = miui.content.res.ThemeValues@ff29671
  .shadow$_klass_ : java.lang.Class = class miui.content.res.ThemeResources$FilterInfo
  .shadow$_monitor_ : int = 0
[TOP6] jw1.d  ×12
  .a : int = 1
  .b : int = 16
  .c : boolean = true
  .d : boolean = false
  .e : java.lang.ref.WeakReference = null
  .f : fw1.b = null
  .shadow$_klass_ : java.lang.Class = class jw1.d
  .shadow$_monitor_ : int = 0
[TOP7] kc5.y  ×12
  .d : com.tencent.mm.storage.l4 = com.tencent.mm.storage.l4@1b109c7
  .e : java.lang.CharSequence = 公众号
  .f : java.lang.String = 公众号
  .g : java.lang.CharSequence = 昨天
  .h : java.lang.CharSequence = 快讯: 贵定暴雨致7320人受灾，应急救援工作正有序开展，当地：今晚预报还有中到大雨，存在水位上涨可能
  .i : int = -1
  .m : int = 13
  .n : int = 0
  .o : int = 0
  .p : boolean = false
  .q : boolean = false
  .r : boolean = false
  .s : boolean = false
  .t : boolean = false
  .u : boolean = true
  .v : boolean = false
  .w : z15.fe7 = z15.fe7@a40d58c
  .x : boolean = false
  .y : java.lang.String = null
  .z : int = 1
  .shadow$_klass_ : java.lang.Class = class kc5.y
  .shadow$_monitor_ : int = 0
[TOP8] dalvik.system.DexPathList$NativeLibraryElement  ×11
  .initialized : boolean = false
  .path : java.io.File = /system/app/MiuiContentCatcher/MiuiContentCatcher.apk
  .urlHandler : libcore.io.ClassPathURLStreamHandler = null
  .zipDir : java.lang.String = lib/arm64-v8a
  .shadow$_klass_ : java.lang.Class = class dalvik.system.DexPathList$NativeLibraryElement
  .shadow$_monitor_ : int = 0
[TOP9] wq.y0  ×10
  .a : wq.r = wq.s@c7449e3
  .b : int = -1
  .shadow$_klass_ : java.lang.Class = class wq.y0
  .shadow$_monitor_ : int = 536870912
[TOP10] mx5.a1  ×6
  .e : mx5.c2 = TypedList
  .f : java.util.List = []
  .g : boolean = false
  .h : fx5.s = kx5.h@bd964fd
  .i : fv5.l = yv5.a@d6b5ac0
  .d : int = 0
[TOP11] kc5.c0  ×4
  .d : kc5.n = kc5.n@7e4ce95
  .shadow$_klass_ : java.lang.Class = class kc5.c0
  .shadow$_monitor_ : int = 0
[TOP12] com.android.org.conscrypt.OpenSSLX509Certificate  ×4
  .mContext : long = 495778570760
  .mHashCode : java.lang.Integer = 257618496
  .notAfter : java.util.Date = Sat Sep 12 07:59:59 GMT+08:00 2026
  .notBefore : java.util.Date = Wed Feb 25 08:00:00 GMT+08:00 2026
  .serialVersionUID : long = 1992239142393372128
  .issuerX500Principal : javax.security.auth.x500.X500Principal = null
  .subjectX500Principal : javax.security.auth.x500.X500Principal = null
  .serialVersionUID : long = -2491127588187038216
  .hash : int = 257618496
  .type : java.lang.String = X.509
  .serialVersionUID : long = -3585440601605666277
  .shadow$_klass_ : java.lang.Class = class com.android.org.conscrypt.OpenSSLX509Certificate
  .shadow$_monitor_ : int = 0
[TOP13] za3.u  ×4
  .d : fv5.l = null
  .e : int = -1
  .a : z93.e = null
  .b : ca3.c = null
  .c : java.lang.String = null
  .shadow$_klass_ : java.lang.Class = class za3.u
  .shadow$_monitor_ : int = 0
[TOP14] za3.v  ×4
  .d : fv5.l = null
  .e : int = -1
  .a : z93.e = null
  .b : ca3.c = null
  .c : java.lang.String = null
  .shadow$_klass_ : java.lang.Class = class za3.v
  .shadow$_monitor_ : int = 0
[TOP15] za3.c  ×4
  .d : fv5.l = null
  .e : int = -1
  .a : z93.e = null
  .b : ca3.c = null
  .c : java.lang.String = null
  .shadow$_klass_ : java.lang.Class = class za3.c
  .shadow$_monitor_ : int = 0
==================================================


========== addAll 类名统计（total=1060）==========
[TOP1] com.tencent.mm.storage.emotion.EmojiInfo  ×712
  .A2 : java.lang.String = /data/user/0/com.tencent.mm/MicroMsg/b7c5fabdba77ec4298df1f8e53d9af0c/emoji/
  .B2 : java.lang.String = null
  .C2 : java.lang.String = null
  .D2 : int = 0
  .E2 : int = 2
  .F2 : java.lang.String = 
  .G2 : java.lang.String = null
  .H2 : com.tencent.mm.api.EmotionStrategyInfo = null
  .I2 : fk.z6 = SEND_FROM_SCENE_DEFAULT
  .CREATOR : android.os.Parcelable$Creator = g65.i@c3636e5
  .J2 : s45.e0 = s45.e0@1ed55ba
  .A : boolean = true
  .B : boolean = true
  .C : boolean = true
  .D : boolean = true
  .E : boolean = true
  .F : boolean = true
  .G : boolean = true
  .H : boolean = true
  .I : boolean = true
  .J : boolean = true
  .K : boolean = true
  .L : boolean = true
  .M : boolean = true
  .N : boolean = true
  .P : boolean = true
  .Q : boolean = true
  .R : boolean = true
  .S : boolean = true
  .T : boolean = true
  .U : boolean = true
  .V : boolean = true
  .W : boolean = true
  .X : boolean = true
  .Y : boolean = true
  .Z : boolean = true
  .d : boolean = true
  .e : boolean = true
  .f : boolean = true
  .field_activityid : java.lang.String = Selfie:e5b8090c05e2b96e041b06deaf5c4e3b
  .field_aeskey : java.lang.String = 8d2ed35c639d313349d5150015c54869
  .field_app_id : java.lang.String = 
  .field_attachTextColor : java.lang.String = FFFFFF
  .field_attachedEmojiMD5 : [B = [B@a085c6b
  .field_attachedText : java.lang.String = 硬醒
  .field_attr : java.lang.String = 
  .field_captureEnterTime : long = 0
  .field_captureScene : int = 0
  .field_captureStatus : int = 0
  .field_captureUploadCounter : int = 0
  .field_captureUploadErrCode : int = 0
  .field_catalog : int = 81
  .field_cdnUrl : java.lang.String = http://wxapp.tc.qq.com/262/20304/stodownload?m=31fa2d85114d70f4749adc54f090a915&
  .field_content : java.lang.String = 
  .field_custom_meaning : java.lang.String = null
  .field_designerID : java.lang.String = 
  .field_emojiFlag : long = 0
  .field_encrypturl : java.lang.String = http://wxapp.tc.qq.com/262/20304/stodownload?m=552437ce2890fbc99d8aa01931cd7ee8&
  .field_externMd5 : java.lang.String = e4e9fc259e7ea26a531dafd579f938a5
  .field_externUrl : java.lang.String = http://wxapp.tc.qq.com/262/20304/stodownload?m=0f25cb37f419cf311002c007d2a7ed81&
  .field_framesInfo : java.lang.String = 
  .field_groupId : java.lang.String = 
  .field_height : int = 0
  .field_idx : int = 0
  .field_imitateMd5 : java.lang.String = 
  .field_isOcrProcessed : int = 0
  .field_lastUseTime : long = 1779193464705
  .field_lensId : java.lang.String = 
  .field_linkId : java.lang.String = 
  .field_md5 : java.lang.String = 31fa2d85114d70f4749adc54f090a915
  .field_meanings : java.lang.String = null
  .field_name : java.lang.String = 
  .field_needupload : int = 0
  .field_reserved1 : java.lang.String = 
  .field_reserved2 : java.lang.String = 
  .field_reserved3 : int = 1
  .field_reserved4 : int = 1
  .field_size : int = 53970
  .field_source : int = 1
  .field_start : int = 0
  .field_state : int = 3
  .field_storeUnique : int = 0
  .field_svrid : java.lang.String = 
  .field_temp : int = 0
  .field_thumbUrl : java.lang.String = 
  .field_tpauthkey : java.lang.String = null
  .field_tpurl : java.lang.String = null
  .field_type : int = 1
  .field_width : int = 0
  .field_wxamMd5 : java.lang.String = null
  .g : boolean = true
  .h : boolean = true
  .i : boolean = true
  .l1 : boolean = true
  .m : boolean = true
  .n : boolean = true
  .o : boolean = true
  .p : boolean = true
  .p0 : boolean = true
  .p1 : boolean = true
  .q : boolean = true
  .r : boolean = true
  .s : boolean = true
  .t : boolean = true
  .u : boolean = true
  .v : boolean = true
  .v1 : boolean = true
  .w : boolean = true
  .x : boolean = true
  .x0 : boolean = true
  .y : boolean = true
  .y0 : boolean = true
  .z : boolean = true
  .A1 : int = 555704345
  .B1 : int = 3575610
  .C1 : int = 3530753
  .D1 : int = 109757538
  .E1 : int = 109757585
  .F1 : int = 3373707
  .G1 : int = 951530617
  .H1 : int = 2022955529
  .I1 : int = 2022955530
  .J1 : int = 2022955531
  .K1 : int = 2022955532
  .L1 : int = -1411074055
  .M1 : int = 293428218
  .N1 : int = 1736147326
  .O1 : int = -253322636
  .P1 : int = 104125
  .Q1 : int = 3556308
  .R1 : int = -896505829
  .S1 : int = -363311593
  .T1 : int = -28946106
  .U1 : int = 1566917561
  .V1 : int = -1364966910
  .W1 : int = -1512620822
  .X1 : int = -1421131984
  .Y1 : int = 113126854
  .Z1 : int = -1221029593
  .a2 : int = -609031761
  .b2 : int = -609039938
  .c2 : int = 2048620650
  .d2 : int = 110581107
  .e2 : int = 2063396283
  .f2 : int = 1767159665
  .g2 : int = -1664826127
  .h2 : int = 1961195224
  .i2 : int = -212895428
  .j2 : int = -1828144229
  .k2 : int = 1581142539
  .l2 : int = -275695851
  .m2 : int = -1555904225
  .n2 : int = -1106353479
  .o2 : int = 1822793073
  .p2 : int = 755498214
  .q2 : int = 3004913
  .r2 : int = -1102667083
  .s2 : int = -981791210
  .t2 : int = -1141075430
  .u2 : int = 411788079
  .v2 : int = 1686003922
  .w1 : w45.i0 = w45.i0@77a23c8
  .w2 : int = -1776909294
  .x1 : [Ljava.lang.String; = [Ljava.lang.String;@b4e5447
  .x2 : int = 108705909
  .y1 : int = 107902
  .y2 : s45.e0 = s45.e0@3f1b474
  .z1 : int = 109833162
  .z2 : v45.e = v45.e@89d5d9d
  .systemRowid : long = -1
  .COL_ROWID : java.lang.String = rowid
  .FIELD_PREFIX : java.lang.String = field_
  .SYSTEM_ROWID_FIELD : java.lang.String = rowid
  .TAG : java.lang.String = MicroMsg.SDK.IAutoDBItem
  .shadow$_klass_ : java.lang.Class = class com.tencent.mm.storage.emotion.EmojiInfo
  .shadow$_monitor_ : int = 0
[TOP2] com.tencent.mm.plugin.appbrand.appusage.AppBrandRecentTaskInfo  ×128
  .A : int = 0
  .B : boolean = false
  .C : long = 1776746062
  .D : int = 103967
  .E : int = 0
  .F : int = 0
  .G : boolean = false
  .v : java.lang.String = 119855199
  .w : java.lang.String = gh_870576f3c6f9@app
  .x : java.lang.String = 美团丨外卖团购特价美食酒店电影
  .y : java.lang.String = http://wx.qlogo.cn/mmhead/OM4v0FU2h0uaKUxzTLeRmuQ9GibmzugclJyqD36q6AYfaRFUoYALQs
  .z : int = 0
  .d : java.lang.String = gh_870576f3c6f9@app
  .e : java.lang.String = wxde8ac0a21135c07d
  .f : int = 0
  .g : int = 1543
  .h : java.lang.String = 美团丨外卖团购特价美食酒店电影
  .i : java.lang.String = null
  .m : java.lang.String = 
  .n : java.lang.String = http://wx.qlogo.cn/mmhead/OM4v0FU2h0uaKUxzTLeRmuQ9GibmzugclJyqD36q6AYfaRFUoYALQs
  .o : boolean = false
  .p : long = 0
  .q : long = 0
  .r : boolean = false
  .s : java.lang.String = null
  .t : java.lang.String = 
  .u : com.tencent.mm.plugin.appbrand.appusage.AppBrandCommUseInfo = null
  .CREATOR : android.os.Parcelable$Creator = com.tencent.mm.plugin.appbrand.appusage.h6@4f00d22
  .shadow$_klass_ : java.lang.Class = class com.tencent.mm.plugin.appbrand.appusage.AppBrandRecentTaskInfo
  .shadow$_monitor_ : int = 0
[TOP3] uw5.c  ×24
  .a : uw5.e = kotlin.Char
  .b : uw5.c = kotlin
  .c : uw5.c = <root>
  .shadow$_klass_ : java.lang.Class = class uw5.c
  .shadow$_monitor_ : int = 536870912
[TOP4] rc.g  ×23
  .a : java.util.Map = {isCNPayWalletRegion=rc.f@f6276d5, getAccountInfo=rc.f@adfaeea}
  .b : java.util.Map = {}
  .c : java.lang.Class = class com.tencent.mm.plugin.lite.dynamic_module.LiteAppModuleWx
  .d : java.lang.String = wx
  .shadow$_klass_ : java.lang.Class = class rc.g
  .shadow$_monitor_ : int = 0
[TOP5] miui.content.res.ThemeResources$FilterInfo  ×16
  .mFallback : com.miui.internal.content.res.ThemeFallback = com.miui.internal.content.res.ThemeFallback@cefbc18
  .mNightMode : boolean = false
  .mPackages : java.util.HashSet = null
  .mPath : java.lang.String = 
  .mValues : miui.content.res.ThemeValues = miui.content.res.ThemeValues@ff29671
  .shadow$_klass_ : java.lang.Class = class miui.content.res.ThemeResources$FilterInfo
  .shadow$_monitor_ : int = 0
[TOP6] jw1.d  ×12
  .a : int = 1
  .b : int = 16
  .c : boolean = true
  .d : boolean = false
  .e : java.lang.ref.WeakReference = null
  .f : fw1.b = null
  .shadow$_klass_ : java.lang.Class = class jw1.d
  .shadow$_monitor_ : int = 0
[TOP7] kc5.y  ×12
  .d : com.tencent.mm.storage.l4 = com.tencent.mm.storage.l4@1b109c7
  .e : java.lang.CharSequence = 公众号
  .f : java.lang.String = 公众号
  .g : java.lang.CharSequence = 昨天
  .h : java.lang.CharSequence = 快讯: 贵定暴雨致7320人受灾，应急救援工作正有序开展，当地：今晚预报还有中到大雨，存在水位上涨可能
  .i : int = -1
  .m : int = 13
  .n : int = 0
  .o : int = 0
  .p : boolean = false
  .q : boolean = false
  .r : boolean = false
  .s : boolean = false
  .t : boolean = false
  .u : boolean = true
  .v : boolean = false
  .w : z15.fe7 = z15.fe7@a40d58c
  .x : boolean = false
  .y : java.lang.String = null
  .z : int = 1
  .shadow$_klass_ : java.lang.Class = class kc5.y
  .shadow$_monitor_ : int = 0
[TOP8] dalvik.system.DexPathList$NativeLibraryElement  ×11
  .initialized : boolean = false
  .path : java.io.File = /system/app/MiuiContentCatcher/MiuiContentCatcher.apk
  .urlHandler : libcore.io.ClassPathURLStreamHandler = null
  .zipDir : java.lang.String = lib/arm64-v8a
  .shadow$_klass_ : java.lang.Class = class dalvik.system.DexPathList$NativeLibraryElement
  .shadow$_monitor_ : int = 0
[TOP9] wq.y0  ×10
  .a : wq.r = wq.s@c7449e3
  .b : int = -1
  .shadow$_klass_ : java.lang.Class = class wq.y0
  .shadow$_monitor_ : int = 536870912
[TOP10] mx5.a1  ×6
  .e : mx5.c2 = TypedList
  .f : java.util.List = []
  .g : boolean = false
  .h : fx5.s = kx5.h@bd964fd
  .i : fv5.l = yv5.a@d6b5ac0
  .d : int = 0
[TOP11] kc5.c0  ×4
  .d : kc5.n = kc5.n@7e4ce95
  .shadow$_klass_ : java.lang.Class = class kc5.c0
  .shadow$_monitor_ : int = 0
[TOP12] com.android.org.conscrypt.OpenSSLX509Certificate  ×4
  .mContext : long = 495778570760
  .mHashCode : java.lang.Integer = 257618496
  .notAfter : java.util.Date = Sat Sep 12 07:59:59 GMT+08:00 2026
  .notBefore : java.util.Date = Wed Feb 25 08:00:00 GMT+08:00 2026
  .serialVersionUID : long = 1992239142393372128
  .issuerX500Principal : javax.security.auth.x500.X500Principal = null
  .subjectX500Principal : javax.security.auth.x500.X500Principal = null
  .serialVersionUID : long = -2491127588187038216
  .hash : int = 257618496
  .type : java.lang.String = X.509
  .serialVersionUID : long = -3585440601605666277
  .shadow$_klass_ : java.lang.Class = class com.android.org.conscrypt.OpenSSLX509Certificate
  .shadow$_monitor_ : int = 0
[TOP13] za3.u  ×4
  .d : fv5.l = null
  .e : int = -1
  .a : z93.e = null
  .b : ca3.c = null
  .c : java.lang.String = null
  .shadow$_klass_ : java.lang.Class = class za3.u
  .shadow$_monitor_ : int = 0
[TOP14] za3.v  ×4
  .d : fv5.l = null
  .e : int = -1
  .a : z93.e = null
  .b : ca3.c = null
  .c : java.lang.String = null
  .shadow$_klass_ : java.lang.Class = class za3.v
  .shadow$_monitor_ : int = 0
[TOP15] za3.c  ×4
  .d : fv5.l = null
  .e : int = -1
  .a : z93.e = null
  .b : ca3.c = null
  .c : java.lang.String = null
  .shadow$_klass_ : java.lang.Class = class za3.c
  .shadow$_monitor_ : int = 0
==================================================


========== addAll 类名统计（total=1060）==========
[TOP1] com.tencent.mm.storage.emotion.EmojiInfo  ×712
  .A2 : java.lang.String = /data/user/0/com.tencent.mm/MicroMsg/b7c5fabdba77ec4298df1f8e53d9af0c/emoji/
  .B2 : java.lang.String = null
  .C2 : java.lang.String = null
  .D2 : int = 0
  .E2 : int = 2
  .F2 : java.lang.String = 
  .G2 : java.lang.String = null
  .H2 : com.tencent.mm.api.EmotionStrategyInfo = null
  .I2 : fk.z6 = SEND_FROM_SCENE_DEFAULT
  .CREATOR : android.os.Parcelable$Creator = g65.i@c3636e5
  .J2 : s45.e0 = s45.e0@1ed55ba
  .A : boolean = true
  .B : boolean = true
  .C : boolean = true
  .D : boolean = true
  .E : boolean = true
  .F : boolean = true
  .G : boolean = true
  .H : boolean = true
  .I : boolean = true
  .J : boolean = true
  .K : boolean = true
  .L : boolean = true
  .M : boolean = true
  .N : boolean = true
  .P : boolean = true
  .Q : boolean = true
  .R : boolean = true
  .S : boolean = true
  .T : boolean = true
  .U : boolean = true
  .V : boolean = true
  .W : boolean = true
  .X : boolean = true
  .Y : boolean = true
  .Z : boolean = true
  .d : boolean = true
  .e : boolean = true
  .f : boolean = true
  .field_activityid : java.lang.String = Selfie:e5b8090c05e2b96e041b06deaf5c4e3b
  .field_aeskey : java.lang.String = 8d2ed35c639d313349d5150015c54869
  .field_app_id : java.lang.String = 
  .field_attachTextColor : java.lang.String = FFFFFF
  .field_attachedEmojiMD5 : [B = [B@a085c6b
  .field_attachedText : java.lang.String = 硬醒
  .field_attr : java.lang.String = 
  .field_captureEnterTime : long = 0
  .field_captureScene : int = 0
  .field_captureStatus : int = 0
  .field_captureUploadCounter : int = 0
  .field_captureUploadErrCode : int = 0
  .field_catalog : int = 81
  .field_cdnUrl : java.lang.String = http://wxapp.tc.qq.com/262/20304/stodownload?m=31fa2d85114d70f4749adc54f090a915&
  .field_content : java.lang.String = 
  .field_custom_meaning : java.lang.String = null
  .field_designerID : java.lang.String = 
  .field_emojiFlag : long = 0
  .field_encrypturl : java.lang.String = http://wxapp.tc.qq.com/262/20304/stodownload?m=552437ce2890fbc99d8aa01931cd7ee8&
  .field_externMd5 : java.lang.String = e4e9fc259e7ea26a531dafd579f938a5
  .field_externUrl : java.lang.String = http://wxapp.tc.qq.com/262/20304/stodownload?m=0f25cb37f419cf311002c007d2a7ed81&
  .field_framesInfo : java.lang.String = 
  .field_groupId : java.lang.String = 
  .field_height : int = 0
  .field_idx : int = 0
  .field_imitateMd5 : java.lang.String = 
  .field_isOcrProcessed : int = 0
  .field_lastUseTime : long = 1779193464705
  .field_lensId : java.lang.String = 
  .field_linkId : java.lang.String = 
  .field_md5 : java.lang.String = 31fa2d85114d70f4749adc54f090a915
  .field_meanings : java.lang.String = null
  .field_name : java.lang.String = 
  .field_needupload : int = 0
  .field_reserved1 : java.lang.String = 
  .field_reserved2 : java.lang.String = 
  .field_reserved3 : int = 1
  .field_reserved4 : int = 1
  .field_size : int = 53970
  .field_source : int = 1
  .field_start : int = 0
  .field_state : int = 3
  .field_storeUnique : int = 0
  .field_svrid : java.lang.String = 
  .field_temp : int = 0
  .field_thumbUrl : java.lang.String = 
  .field_tpauthkey : java.lang.String = null
  .field_tpurl : java.lang.String = null
  .field_type : int = 1
  .field_width : int = 0
  .field_wxamMd5 : java.lang.String = null
  .g : boolean = true
  .h : boolean = true
  .i : boolean = true
  .l1 : boolean = true
  .m : boolean = true
  .n : boolean = true
  .o : boolean = true
  .p : boolean = true
  .p0 : boolean = true
  .p1 : boolean = true
  .q : boolean = true
  .r : boolean = true
  .s : boolean = true
  .t : boolean = true
  .u : boolean = true
  .v : boolean = true
  .v1 : boolean = true
  .w : boolean = true
  .x : boolean = true
  .x0 : boolean = true
  .y : boolean = true
  .y0 : boolean = true
  .z : boolean = true
  .A1 : int = 555704345
  .B1 : int = 3575610
  .C1 : int = 3530753
  .D1 : int = 109757538
  .E1 : int = 109757585
  .F1 : int = 3373707
  .G1 : int = 951530617
  .H1 : int = 2022955529
  .I1 : int = 2022955530
  .J1 : int = 2022955531
  .K1 : int = 2022955532
  .L1 : int = -1411074055
  .M1 : int = 293428218
  .N1 : int = 1736147326
  .O1 : int = -253322636
  .P1 : int = 104125
  .Q1 : int = 3556308
  .R1 : int = -896505829
  .S1 : int = -363311593
  .T1 : int = -28946106
  .U1 : int = 1566917561
  .V1 : int = -1364966910
  .W1 : int = -1512620822
  .X1 : int = -1421131984
  .Y1 : int = 113126854
  .Z1 : int = -1221029593
  .a2 : int = -609031761
  .b2 : int = -609039938
  .c2 : int = 2048620650
  .d2 : int = 110581107
  .e2 : int = 2063396283
  .f2 : int = 1767159665
  .g2 : int = -1664826127
  .h2 : int = 1961195224
  .i2 : int = -212895428
  .j2 : int = -1828144229
  .k2 : int = 1581142539
  .l2 : int = -275695851
  .m2 : int = -1555904225
  .n2 : int = -1106353479
  .o2 : int = 1822793073
  .p2 : int = 755498214
  .q2 : int = 3004913
  .r2 : int = -1102667083
  .s2 : int = -981791210
  .t2 : int = -1141075430
  .u2 : int = 411788079
  .v2 : int = 1686003922
  .w1 : w45.i0 = w45.i0@77a23c8
  .w2 : int = -1776909294
  .x1 : [Ljava.lang.String; = [Ljava.lang.String;@b4e5447
  .x2 : int = 108705909
  .y1 : int = 107902
  .y2 : s45.e0 = s45.e0@3f1b474
  .z1 : int = 109833162
  .z2 : v45.e = v45.e@89d5d9d
  .systemRowid : long = -1
  .COL_ROWID : java.lang.String = rowid
  .FIELD_PREFIX : java.lang.String = field_
  .SYSTEM_ROWID_FIELD : java.lang.String = rowid
  .TAG : java.lang.String = MicroMsg.SDK.IAutoDBItem
  .shadow$_klass_ : java.lang.Class = class com.tencent.mm.storage.emotion.EmojiInfo
  .shadow$_monitor_ : int = 0
[TOP2] com.tencent.mm.plugin.appbrand.appusage.AppBrandRecentTaskInfo  ×128
  .A : int = 0
  .B : boolean = false
  .C : long = 1776746062
  .D : int = 103967
  .E : int = 0
  .F : int = 0
  .G : boolean = false
  .v : java.lang.String = 119855199
  .w : java.lang.String = gh_870576f3c6f9@app
  .x : java.lang.String = 美团丨外卖团购特价美食酒店电影
  .y : java.lang.String = http://wx.qlogo.cn/mmhead/OM4v0FU2h0uaKUxzTLeRmuQ9GibmzugclJyqD36q6AYfaRFUoYALQs
  .z : int = 0
  .d : java.lang.String = gh_870576f3c6f9@app
  .e : java.lang.String = wxde8ac0a21135c07d
  .f : int = 0
  .g : int = 1543
  .h : java.lang.String = 美团丨外卖团购特价美食酒店电影
  .i : java.lang.String = null
  .m : java.lang.String = 
  .n : java.lang.String = http://wx.qlogo.cn/mmhead/OM4v0FU2h0uaKUxzTLeRmuQ9GibmzugclJyqD36q6AYfaRFUoYALQs
  .o : boolean = false
  .p : long = 0
  .q : long = 0
  .r : boolean = false
  .s : java.lang.String = null
  .t : java.lang.String = 
  .u : com.tencent.mm.plugin.appbrand.appusage.AppBrandCommUseInfo = null
  .CREATOR : android.os.Parcelable$Creator = com.tencent.mm.plugin.appbrand.appusage.h6@4f00d22
  .shadow$_klass_ : java.lang.Class = class com.tencent.mm.plugin.appbrand.appusage.AppBrandRecentTaskInfo
  .shadow$_monitor_ : int = 0
[TOP3] uw5.c  ×24
  .a : uw5.e = kotlin.Char
  .b : uw5.c = kotlin
  .c : uw5.c = <root>
  .shadow$_klass_ : java.lang.Class = class uw5.c
  .shadow$_monitor_ : int = 536870912
[TOP4] rc.g  ×23
  .a : java.util.Map = {isCNPayWalletRegion=rc.f@f6276d5, getAccountInfo=rc.f@adfaeea}
  .b : java.util.Map = {}
  .c : java.lang.Class = class com.tencent.mm.plugin.lite.dynamic_module.LiteAppModuleWx
  .d : java.lang.String = wx
  .shadow$_klass_ : java.lang.Class = class rc.g
  .shadow$_monitor_ : int = 0
[TOP5] miui.content.res.ThemeResources$FilterInfo  ×16
  .mFallback : com.miui.internal.content.res.ThemeFallback = com.miui.internal.content.res.ThemeFallback@cefbc18
  .mNightMode : boolean = false
  .mPackages : java.util.HashSet = null
  .mPath : java.lang.String = 
  .mValues : miui.content.res.ThemeValues = miui.content.res.ThemeValues@ff29671
  .shadow$_klass_ : java.lang.Class = class miui.content.res.ThemeResources$FilterInfo
  .shadow$_monitor_ : int = 0
[TOP6] jw1.d  ×12
  .a : int = 1
  .b : int = 16
  .c : boolean = true
  .d : boolean = false
  .e : java.lang.ref.WeakReference = null
  .f : fw1.b = null
  .shadow$_klass_ : java.lang.Class = class jw1.d
  .shadow$_monitor_ : int = 0
[TOP7] kc5.y  ×12
  .d : com.tencent.mm.storage.l4 = com.tencent.mm.storage.l4@1b109c7
  .e : java.lang.CharSequence = 公众号
  .f : java.lang.String = 公众号
  .g : java.lang.CharSequence = 昨天
  .h : java.lang.CharSequence = 快讯: 贵定暴雨致7320人受灾，应急救援工作正有序开展，当地：今晚预报还有中到大雨，存在水位上涨可能
  .i : int = -1
  .m : int = 13
  .n : int = 0
  .o : int = 0
  .p : boolean = false
  .q : boolean = false
  .r : boolean = false
  .s : boolean = false
  .t : boolean = false
  .u : boolean = true
  .v : boolean = false
  .w : z15.fe7 = z15.fe7@a40d58c
  .x : boolean = false
  .y : java.lang.String = null
  .z : int = 1
  .shadow$_klass_ : java.lang.Class = class kc5.y
  .shadow$_monitor_ : int = 0
[TOP8] dalvik.system.DexPathList$NativeLibraryElement  ×11
  .initialized : boolean = false
  .path : java.io.File = /system/app/MiuiContentCatcher/MiuiContentCatcher.apk
  .urlHandler : libcore.io.ClassPathURLStreamHandler = null
  .zipDir : java.lang.String = lib/arm64-v8a
  .shadow$_klass_ : java.lang.Class = class dalvik.system.DexPathList$NativeLibraryElement
  .shadow$_monitor_ : int = 0
[TOP9] wq.y0  ×10
  .a : wq.r = wq.s@c7449e3
  .b : int = -1
  .shadow$_klass_ : java.lang.Class = class wq.y0
  .shadow$_monitor_ : int = 536870912
[TOP10] mx5.a1  ×6
  .e : mx5.c2 = TypedList
  .f : java.util.List = []
  .g : boolean = false
  .h : fx5.s = kx5.h@bd964fd
  .i : fv5.l = yv5.a@d6b5ac0
  .d : int = 0
[TOP11] kc5.c0  ×4
  .d : kc5.n = kc5.n@7e4ce95
  .shadow$_klass_ : java.lang.Class = class kc5.c0
  .shadow$_monitor_ : int = 0
[TOP12] com.android.org.conscrypt.OpenSSLX509Certificate  ×4
  .mContext : long = 495778570760
  .mHashCode : java.lang.Integer = 257618496
  .notAfter : java.util.Date = Sat Sep 12 07:59:59 GMT+08:00 2026
  .notBefore : java.util.Date = Wed Feb 25 08:00:00 GMT+08:00 2026
  .serialVersionUID : long = 1992239142393372128
  .issuerX500Principal : javax.security.auth.x500.X500Principal = null
  .subjectX500Principal : javax.security.auth.x500.X500Principal = null
  .serialVersionUID : long = -2491127588187038216
  .hash : int = 257618496
  .type : java.lang.String = X.509
  .serialVersionUID : long = -3585440601605666277
  .shadow$_klass_ : java.lang.Class = class com.android.org.conscrypt.OpenSSLX509Certificate
  .shadow$_monitor_ : int = 0
[TOP13] za3.u  ×4
  .d : fv5.l = null
  .e : int = -1
  .a : z93.e = null
  .b : ca3.c = null
  .c : java.lang.String = null
  .shadow$_klass_ : java.lang.Class = class za3.u
  .shadow$_monitor_ : int = 0
[TOP14] za3.v  ×4
  .d : fv5.l = null
  .e : int = -1
  .a : z93.e = null
  .b : ca3.c = null
  .c : java.lang.String = null
  .shadow$_klass_ : java.lang.Class = class za3.v
  .shadow$_monitor_ : int = 0
[TOP15] za3.c  ×4
  .d : fv5.l = null
  .e : int = -1
  .a : z93.e = null
  .b : ca3.c = null
  .c : java.lang.String = null
  .shadow$_klass_ : java.lang.Class = class za3.c
  .shadow$_monitor_ : int = 0
==================================================


========== addAll 类名统计（total=1060）==========
[TOP1] com.tencent.mm.storage.emotion.EmojiInfo  ×712
  .A2 : java.lang.String = /data/user/0/com.tencent.mm/MicroMsg/b7c5fabdba77ec4298df1f8e53d9af0c/emoji/
  .B2 : java.lang.String = null
  .C2 : java.lang.String = null
  .D2 : int = 0
  .E2 : int = 2
  .F2 : java.lang.String = 
  .G2 : java.lang.String = null
  .H2 : com.tencent.mm.api.EmotionStrategyInfo = null
  .I2 : fk.z6 = SEND_FROM_SCENE_DEFAULT
  .CREATOR : android.os.Parcelable$Creator = g65.i@c3636e5
  .J2 : s45.e0 = s45.e0@1ed55ba
  .A : boolean = true
  .B : boolean = true
  .C : boolean = true
  .D : boolean = true
  .E : boolean = true
  .F : boolean = true
  .G : boolean = true
  .H : boolean = true
  .I : boolean = true
  .J : boolean = true
  .K : boolean = true
  .L : boolean = true
  .M : boolean = true
  .N : boolean = true
  .P : boolean = true
  .Q : boolean = true
  .R : boolean = true
  .S : boolean = true
  .T : boolean = true
  .U : boolean = true
  .V : boolean = true
  .W : boolean = true
  .X : boolean = true
  .Y : boolean = true
  .Z : boolean = true
  .d : boolean = true
  .e : boolean = true
  .f : boolean = true
  .field_activityid : java.lang.String = Selfie:e5b8090c05e2b96e041b06deaf5c4e3b
  .field_aeskey : java.lang.String = 8d2ed35c639d313349d5150015c54869
  .field_app_id : java.lang.String = 
  .field_attachTextColor : java.lang.String = FFFFFF
  .field_attachedEmojiMD5 : [B = [B@a085c6b
  .field_attachedText : java.lang.String = 硬醒
  .field_attr : java.lang.String = 
  .field_captureEnterTime : long = 0
  .field_captureScene : int = 0
  .field_captureStatus : int = 0
  .field_captureUploadCounter : int = 0
  .field_captureUploadErrCode : int = 0
  .field_catalog : int = 81
  .field_cdnUrl : java.lang.String = http://wxapp.tc.qq.com/262/20304/stodownload?m=31fa2d85114d70f4749adc54f090a915&
  .field_content : java.lang.String = 
  .field_custom_meaning : java.lang.String = null
  .field_designerID : java.lang.String = 
  .field_emojiFlag : long = 0
  .field_encrypturl : java.lang.String = http://wxapp.tc.qq.com/262/20304/stodownload?m=552437ce2890fbc99d8aa01931cd7ee8&
  .field_externMd5 : java.lang.String = e4e9fc259e7ea26a531dafd579f938a5
  .field_externUrl : java.lang.String = http://wxapp.tc.qq.com/262/20304/stodownload?m=0f25cb37f419cf311002c007d2a7ed81&
  .field_framesInfo : java.lang.String = 
  .field_groupId : java.lang.String = 
  .field_height : int = 0
  .field_idx : int = 0
  .field_imitateMd5 : java.lang.String = 
  .field_isOcrProcessed : int = 0
  .field_lastUseTime : long = 1779193464705
  .field_lensId : java.lang.String = 
  .field_linkId : java.lang.String = 
  .field_md5 : java.lang.String = 31fa2d85114d70f4749adc54f090a915
  .field_meanings : java.lang.String = null
  .field_name : java.lang.String = 
  .field_needupload : int = 0
  .field_reserved1 : java.lang.String = 
  .field_reserved2 : java.lang.String = 
  .field_reserved3 : int = 1
  .field_reserved4 : int = 1
  .field_size : int = 53970
  .field_source : int = 1
  .field_start : int = 0
  .field_state : int = 3
  .field_storeUnique : int = 0
  .field_svrid : java.lang.String = 
  .field_temp : int = 0
  .field_thumbUrl : java.lang.String = 
  .field_tpauthkey : java.lang.String = null
  .field_tpurl : java.lang.String = null
  .field_type : int = 1
  .field_width : int = 0
  .field_wxamMd5 : java.lang.String = null
  .g : boolean = true
  .h : boolean = true
  .i : boolean = true
  .l1 : boolean = true
  .m : boolean = true
  .n : boolean = true
  .o : boolean = true
  .p : boolean = true
  .p0 : boolean = true
  .p1 : boolean = true
  .q : boolean = true
  .r : boolean = true
  .s : boolean = true
  .t : boolean = true
  .u : boolean = true
  .v : boolean = true
  .v1 : boolean = true
  .w : boolean = true
  .x : boolean = true
  .x0 : boolean = true
  .y : boolean = true
  .y0 : boolean = true
  .z : boolean = true
  .A1 : int = 555704345
  .B1 : int = 3575610
  .C1 : int = 3530753
  .D1 : int = 109757538
  .E1 : int = 109757585
  .F1 : int = 3373707
  .G1 : int = 951530617
  .H1 : int = 2022955529
  .I1 : int = 2022955530
  .J1 : int = 2022955531
  .K1 : int = 2022955532
  .L1 : int = -1411074055
  .M1 : int = 293428218
  .N1 : int = 1736147326
  .O1 : int = -253322636
  .P1 : int = 104125
  .Q1 : int = 3556308
  .R1 : int = -896505829
  .S1 : int = -363311593
  .T1 : int = -28946106
  .U1 : int = 1566917561
  .V1 : int = -1364966910
  .W1 : int = -1512620822
  .X1 : int = -1421131984
  .Y1 : int = 113126854
  .Z1 : int = -1221029593
  .a2 : int = -609031761
  .b2 : int = -609039938
  .c2 : int = 2048620650
  .d2 : int = 110581107
  .e2 : int = 2063396283
  .f2 : int = 1767159665
  .g2 : int = -1664826127
  .h2 : int = 1961195224
  .i2 : int = -212895428
  .j2 : int = -1828144229
  .k2 : int = 1581142539
  .l2 : int = -275695851
  .m2 : int = -1555904225
  .n2 : int = -1106353479
  .o2 : int = 1822793073
  .p2 : int = 755498214
  .q2 : int = 3004913
  .r2 : int = -1102667083
  .s2 : int = -981791210
  .t2 : int = -1141075430
  .u2 : int = 411788079
  .v2 : int = 1686003922
  .w1 : w45.i0 = w45.i0@77a23c8
  .w2 : int = -1776909294
  .x1 : [Ljava.lang.String; = [Ljava.lang.String;@b4e5447
  .x2 : int = 108705909
  .y1 : int = 107902
  .y2 : s45.e0 = s45.e0@3f1b474
  .z1 : int = 109833162
  .z2 : v45.e = v45.e@89d5d9d
  .systemRowid : long = -1
  .COL_ROWID : java.lang.String = rowid
  .FIELD_PREFIX : java.lang.String = field_
  .SYSTEM_ROWID_FIELD : java.lang.String = rowid
  .TAG : java.lang.String = MicroMsg.SDK.IAutoDBItem
  .shadow$_klass_ : java.lang.Class = class com.tencent.mm.storage.emotion.EmojiInfo
  .shadow$_monitor_ : int = 0
[TOP2] com.tencent.mm.plugin.appbrand.appusage.AppBrandRecentTaskInfo  ×128
  .A : int = 0
  .B : boolean = false
  .C : long = 1776746062
  .D : int = 103967
  .E : int = 0
  .F : int = 0
  .G : boolean = false
  .v : java.lang.String = 119855199
  .w : java.lang.String = gh_870576f3c6f9@app
  .x : java.lang.String = 美团丨外卖团购特价美食酒店电影
  .y : java.lang.String = http://wx.qlogo.cn/mmhead/OM4v0FU2h0uaKUxzTLeRmuQ9GibmzugclJyqD36q6AYfaRFUoYALQs
  .z : int = 0
  .d : java.lang.String = gh_870576f3c6f9@app
  .e : java.lang.String = wxde8ac0a21135c07d
  .f : int = 0
  .g : int = 1543
  .h : java.lang.String = 美团丨外卖团购特价美食酒店电影
  .i : java.lang.String = null
  .m : java.lang.String = 
  .n : java.lang.String = http://wx.qlogo.cn/mmhead/OM4v0FU2h0uaKUxzTLeRmuQ9GibmzugclJyqD36q6AYfaRFUoYALQs
  .o : boolean = false
  .p : long = 0
  .q : long = 0
  .r : boolean = false
  .s : java.lang.String = null
  .t : java.lang.String = 
  .u : com.tencent.mm.plugin.appbrand.appusage.AppBrandCommUseInfo = null
  .CREATOR : android.os.Parcelable$Creator = com.tencent.mm.plugin.appbrand.appusage.h6@4f00d22
  .shadow$_klass_ : java.lang.Class = class com.tencent.mm.plugin.appbrand.appusage.AppBrandRecentTaskInfo
  .shadow$_monitor_ : int = 0
[TOP3] uw5.c  ×24
  .a : uw5.e = kotlin.Char
  .b : uw5.c = kotlin
  .c : uw5.c = <root>
  .shadow$_klass_ : java.lang.Class = class uw5.c
  .shadow$_monitor_ : int = 536870912
[TOP4] rc.g  ×23
  .a : java.util.Map = {isCNPayWalletRegion=rc.f@f6276d5, getAccountInfo=rc.f@adfaeea}
  .b : java.util.Map = {}
  .c : java.lang.Class = class com.tencent.mm.plugin.lite.dynamic_module.LiteAppModuleWx
  .d : java.lang.String = wx
  .shadow$_klass_ : java.lang.Class = class rc.g
  .shadow$_monitor_ : int = 0
[TOP5] miui.content.res.ThemeResources$FilterInfo  ×16
  .mFallback : com.miui.internal.content.res.ThemeFallback = com.miui.internal.content.res.ThemeFallback@cefbc18
  .mNightMode : boolean = false
  .mPackages : java.util.HashSet = null
  .mPath : java.lang.String = 
  .mValues : miui.content.res.ThemeValues = miui.content.res.ThemeValues@ff29671
  .shadow$_klass_ : java.lang.Class = class miui.content.res.ThemeResources$FilterInfo
  .shadow$_monitor_ : int = 0
[TOP6] jw1.d  ×12
  .a : int = 1
  .b : int = 16
  .c : boolean = true
  .d : boolean = false
  .e : java.lang.ref.WeakReference = null
  .f : fw1.b = null
  .shadow$_klass_ : java.lang.Class = class jw1.d
  .shadow$_monitor_ : int = 0
[TOP7] kc5.y  ×12
  .d : com.tencent.mm.storage.l4 = com.tencent.mm.storage.l4@1b109c7
  .e : java.lang.CharSequence = 公众号
  .f : java.lang.String = 公众号
  .g : java.lang.CharSequence = 昨天
  .h : java.lang.CharSequence = 快讯: 贵定暴雨致7320人受灾，应急救援工作正有序开展，当地：今晚预报还有中到大雨，存在水位上涨可能
  .i : int = -1
  .m : int = 13
  .n : int = 0
  .o : int = 0
  .p : boolean = false
  .q : boolean = false
  .r : boolean = false
  .s : boolean = false
  .t : boolean = false
  .u : boolean = true
  .v : boolean = false
  .w : z15.fe7 = z15.fe7@a40d58c
  .x : boolean = false
  .y : java.lang.String = null
  .z : int = 1
  .shadow$_klass_ : java.lang.Class = class kc5.y
  .shadow$_monitor_ : int = 0
[TOP8] dalvik.system.DexPathList$NativeLibraryElement  ×11
  .initialized : boolean = false
  .path : java.io.File = /system/app/MiuiContentCatcher/MiuiContentCatcher.apk
  .urlHandler : libcore.io.ClassPathURLStreamHandler = null
  .zipDir : java.lang.String = lib/arm64-v8a
  .shadow$_klass_ : java.lang.Class = class dalvik.system.DexPathList$NativeLibraryElement
  .shadow$_monitor_ : int = 0
[TOP9] wq.y0  ×10
  .a : wq.r = wq.s@c7449e3
  .b : int = -1
  .shadow$_klass_ : java.lang.Class = class wq.y0
  .shadow$_monitor_ : int = 536870912
[TOP10] mx5.a1  ×6
  .e : mx5.c2 = TypedList
  .f : java.util.List = []
  .g : boolean = false
  .h : fx5.s = kx5.h@bd964fd
  .i : fv5.l = yv5.a@d6b5ac0
  .d : int = 0
[TOP11] kc5.c0  ×4
  .d : kc5.n = kc5.n@7e4ce95
  .shadow$_klass_ : java.lang.Class = class kc5.c0
  .shadow$_monitor_ : int = 0
[TOP12] com.android.org.conscrypt.OpenSSLX509Certificate  ×4
  .mContext : long = 495778570760
  .mHashCode : java.lang.Integer = 257618496
  .notAfter : java.util.Date = Sat Sep 12 07:59:59 GMT+08:00 2026
  .notBefore : java.util.Date = Wed Feb 25 08:00:00 GMT+08:00 2026
  .serialVersionUID : long = 1992239142393372128
  .issuerX500Principal : javax.security.auth.x500.X500Principal = null
  .subjectX500Principal : javax.security.auth.x500.X500Principal = null
  .serialVersionUID : long = -2491127588187038216
  .hash : int = 257618496
  .type : java.lang.String = X.509
  .serialVersionUID : long = -3585440601605666277
  .shadow$_klass_ : java.lang.Class = class com.android.org.conscrypt.OpenSSLX509Certificate
  .shadow$_monitor_ : int = 0
[TOP13] za3.u  ×4
  .d : fv5.l = null
  .e : int = -1
  .a : z93.e = null
  .b : ca3.c = null
  .c : java.lang.String = null
  .shadow$_klass_ : java.lang.Class = class za3.u
  .shadow$_monitor_ : int = 0
[TOP14] za3.v  ×4
  .d : fv5.l = null
  .e : int = -1
  .a : z93.e = null
  .b : ca3.c = null
  .c : java.lang.String = null
  .shadow$_klass_ : java.lang.Class = class za3.v
  .shadow$_monitor_ : int = 0
[TOP15] za3.c  ×4
  .d : fv5.l = null
  .e : int = -1
  .a : z93.e = null
  .b : ca3.c = null
  .c : java.lang.String = null
  .shadow$_klass_ : java.lang.Class = class za3.c
  .shadow$_monitor_ : int = 0
==================================================


========== addAll 类名统计（total=1060）==========
[TOP1] com.tencent.mm.storage.emotion.EmojiInfo  ×712
  .A2 : java.lang.String = /data/user/0/com.tencent.mm/MicroMsg/b7c5fabdba77ec4298df1f8e53d9af0c/emoji/
  .B2 : java.lang.String = null
  .C2 : java.lang.String = null
  .D2 : int = 0
  .E2 : int = 2
  .F2 : java.lang.String = 
  .G2 : java.lang.String = null
  .H2 : com.tencent.mm.api.EmotionStrategyInfo = null
  .I2 : fk.z6 = SEND_FROM_SCENE_DEFAULT
  .CREATOR : android.os.Parcelable$Creator = g65.i@c3636e5
  .J2 : s45.e0 = s45.e0@1ed55ba
  .A : boolean = true
  .B : boolean = true
  .C : boolean = true
  .D : boolean = true
  .E : boolean = true
  .F : boolean = true
  .G : boolean = true
  .H : boolean = true
  .I : boolean = true
  .J : boolean = true
  .K : boolean = true
  .L : boolean = true
  .M : boolean = true
  .N : boolean = true
  .P : boolean = true
  .Q : boolean = true
  .R : boolean = true
  .S : boolean = true
  .T : boolean = true
  .U : boolean = true
  .V : boolean = true
  .W : boolean = true
  .X : boolean = true
  .Y : boolean = true
  .Z : boolean = true
  .d : boolean = true
  .e : boolean = true
  .f : boolean = true
  .field_activityid : java.lang.String = Selfie:e5b8090c05e2b96e041b06deaf5c4e3b
  .field_aeskey : java.lang.String = 8d2ed35c639d313349d5150015c54869
  .field_app_id : java.lang.String = 
  .field_attachTextColor : java.lang.String = FFFFFF
  .field_attachedEmojiMD5 : [B = [B@a085c6b
  .field_attachedText : java.lang.String = 硬醒
  .field_attr : java.lang.String = 
  .field_captureEnterTime : long = 0
  .field_captureScene : int = 0
  .field_captureStatus : int = 0
  .field_captureUploadCounter : int = 0
  .field_captureUploadErrCode : int = 0
  .field_catalog : int = 81
  .field_cdnUrl : java.lang.String = http://wxapp.tc.qq.com/262/20304/stodownload?m=31fa2d85114d70f4749adc54f090a915&
  .field_content : java.lang.String = 
  .field_custom_meaning : java.lang.String = null
  .field_designerID : java.lang.String = 
  .field_emojiFlag : long = 0
  .field_encrypturl : java.lang.String = http://wxapp.tc.qq.com/262/20304/stodownload?m=552437ce2890fbc99d8aa01931cd7ee8&
  .field_externMd5 : java.lang.String = e4e9fc259e7ea26a531dafd579f938a5
  .field_externUrl : java.lang.String = http://wxapp.tc.qq.com/262/20304/stodownload?m=0f25cb37f419cf311002c007d2a7ed81&
  .field_framesInfo : java.lang.String = 
  .field_groupId : java.lang.String = 
  .field_height : int = 0
  .field_idx : int = 0
  .field_imitateMd5 : java.lang.String = 
  .field_isOcrProcessed : int = 0
  .field_lastUseTime : long = 1779193464705
  .field_lensId : java.lang.String = 
  .field_linkId : java.lang.String = 
  .field_md5 : java.lang.String = 31fa2d85114d70f4749adc54f090a915
  .field_meanings : java.lang.String = null
  .field_name : java.lang.String = 
  .field_needupload : int = 0
  .field_reserved1 : java.lang.String = 
  .field_reserved2 : java.lang.String = 
  .field_reserved3 : int = 1
  .field_reserved4 : int = 1
  .field_size : int = 53970
  .field_source : int = 1
  .field_start : int = 0
  .field_state : int = 3
  .field_storeUnique : int = 0
  .field_svrid : java.lang.String = 
  .field_temp : int = 0
  .field_thumbUrl : java.lang.String = 
  .field_tpauthkey : java.lang.String = null
  .field_tpurl : java.lang.String = null
  .field_type : int = 1
  .field_width : int = 0
  .field_wxamMd5 : java.lang.String = null
  .g : boolean = true
  .h : boolean = true
  .i : boolean = true
  .l1 : boolean = true
  .m : boolean = true
  .n : boolean = true
  .o : boolean = true
  .p : boolean = true
  .p0 : boolean = true
  .p1 : boolean = true
  .q : boolean = true
  .r : boolean = true
  .s : boolean = true
  .t : boolean = true
  .u : boolean = true
  .v : boolean = true
  .v1 : boolean = true
  .w : boolean = true
  .x : boolean = true
  .x0 : boolean = true
  .y : boolean = true
  .y0 : boolean = true
  .z : boolean = true
  .A1 : int = 555704345
  .B1 : int = 3575610
  .C1 : int = 3530753
  .D1 : int = 109757538
  .E1 : int = 109757585
  .F1 : int = 3373707
  .G1 : int = 951530617
  .H1 : int = 2022955529
  .I1 : int = 2022955530
  .J1 : int = 2022955531
  .K1 : int = 2022955532
  .L1 : int = -1411074055
  .M1 : int = 293428218
  .N1 : int = 1736147326
  .O1 : int = -253322636
  .P1 : int = 104125
  .Q1 : int = 3556308
  .R1 : int = -896505829
  .S1 : int = -363311593
  .T1 : int = -28946106
  .U1 : int = 1566917561
  .V1 : int = -1364966910
  .W1 : int = -1512620822
  .X1 : int = -1421131984
  .Y1 : int = 113126854
  .Z1 : int = -1221029593
  .a2 : int = -609031761
  .b2 : int = -609039938
  .c2 : int = 2048620650
  .d2 : int = 110581107
  .e2 : int = 2063396283
  .f2 : int = 1767159665
  .g2 : int = -1664826127
  .h2 : int = 1961195224
  .i2 : int = -212895428
  .j2 : int = -1828144229
  .k2 : int = 1581142539
  .l2 : int = -275695851
  .m2 : int = -1555904225
  .n2 : int = -1106353479
  .o2 : int = 1822793073
  .p2 : int = 755498214
  .q2 : int = 3004913
  .r2 : int = -1102667083
  .s2 : int = -981791210
  .t2 : int = -1141075430
  .u2 : int = 411788079
  .v2 : int = 1686003922
  .w1 : w45.i0 = w45.i0@77a23c8
  .w2 : int = -1776909294
  .x1 : [Ljava.lang.String; = [Ljava.lang.String;@b4e5447
  .x2 : int = 108705909
  .y1 : int = 107902
  .y2 : s45.e0 = s45.e0@3f1b474
  .z1 : int = 109833162
  .z2 : v45.e = v45.e@89d5d9d
  .systemRowid : long = -1
  .COL_ROWID : java.lang.String = rowid
  .FIELD_PREFIX : java.lang.String = field_
  .SYSTEM_ROWID_FIELD : java.lang.String = rowid
  .TAG : java.lang.String = MicroMsg.SDK.IAutoDBItem
  .shadow$_klass_ : java.lang.Class = class com.tencent.mm.storage.emotion.EmojiInfo
  .shadow$_monitor_ : int = 0
[TOP2] com.tencent.mm.plugin.appbrand.appusage.AppBrandRecentTaskInfo  ×128
  .A : int = 0
  .B : boolean = false
  .C : long = 1776746062
  .D : int = 103967
  .E : int = 0
  .F : int = 0
  .G : boolean = false
  .v : java.lang.String = 119855199
  .w : java.lang.String = gh_870576f3c6f9@app
  .x : java.lang.String = 美团丨外卖团购特价美食酒店电影
  .y : java.lang.String = http://wx.qlogo.cn/mmhead/OM4v0FU2h0uaKUxzTLeRmuQ9GibmzugclJyqD36q6AYfaRFUoYALQs
  .z : int = 0
  .d : java.lang.String = gh_870576f3c6f9@app
  .e : java.lang.String = wxde8ac0a21135c07d
  .f : int = 0
  .g : int = 1543
  .h : java.lang.String = 美团丨外卖团购特价美食酒店电影
  .i : java.lang.String = null
  .m : java.lang.String = 
  .n : java.lang.String = http://wx.qlogo.cn/mmhead/OM4v0FU2h0uaKUxzTLeRmuQ9GibmzugclJyqD36q6AYfaRFUoYALQs
  .o : boolean = false
  .p : long = 0
  .q : long = 0
  .r : boolean = false
  .s : java.lang.String = null
  .t : java.lang.String = 
  .u : com.tencent.mm.plugin.appbrand.appusage.AppBrandCommUseInfo = null
  .CREATOR : android.os.Parcelable$Creator = com.tencent.mm.plugin.appbrand.appusage.h6@4f00d22
  .shadow$_klass_ : java.lang.Class = class com.tencent.mm.plugin.appbrand.appusage.AppBrandRecentTaskInfo
  .shadow$_monitor_ : int = 0
[TOP3] uw5.c  ×24
  .a : uw5.e = kotlin.Char
  .b : uw5.c = kotlin
  .c : uw5.c = <root>
  .shadow$_klass_ : java.lang.Class = class uw5.c
  .shadow$_monitor_ : int = 536870912
[TOP4] rc.g  ×23
  .a : java.util.Map = {isCNPayWalletRegion=rc.f@f6276d5, getAccountInfo=rc.f@adfaeea}
  .b : java.util.Map = {}
  .c : java.lang.Class = class com.tencent.mm.plugin.lite.dynamic_module.LiteAppModuleWx
  .d : java.lang.String = wx
  .shadow$_klass_ : java.lang.Class = class rc.g
  .shadow$_monitor_ : int = 0
[TOP5] miui.content.res.ThemeResources$FilterInfo  ×16
  .mFallback : com.miui.internal.content.res.ThemeFallback = com.miui.internal.content.res.ThemeFallback@cefbc18
  .mNightMode : boolean = false
  .mPackages : java.util.HashSet = null
  .mPath : java.lang.String = 
  .mValues : miui.content.res.ThemeValues = miui.content.res.ThemeValues@ff29671
  .shadow$_klass_ : java.lang.Class = class miui.content.res.ThemeResources$FilterInfo
  .shadow$_monitor_ : int = 0
[TOP6] jw1.d  ×12
  .a : int = 1
  .b : int = 16
  .c : boolean = true
  .d : boolean = false
  .e : java.lang.ref.WeakReference = null
  .f : fw1.b = null
  .shadow$_klass_ : java.lang.Class = class jw1.d
  .shadow$_monitor_ : int = 0
[TOP7] kc5.y  ×12
  .d : com.tencent.mm.storage.l4 = com.tencent.mm.storage.l4@1b109c7
  .e : java.lang.CharSequence = 公众号
  .f : java.lang.String = 公众号
  .g : java.lang.CharSequence = 昨天
  .h : java.lang.CharSequence = 快讯: 贵定暴雨致7320人受灾，应急救援工作正有序开展，当地：今晚预报还有中到大雨，存在水位上涨可能
  .i : int = -1
  .m : int = 13
  .n : int = 0
  .o : int = 0
  .p : boolean = false
  .q : boolean = false
  .r : boolean = false
  .s : boolean = false
  .t : boolean = false
  .u : boolean = true
  .v : boolean = false
  .w : z15.fe7 = z15.fe7@a40d58c
  .x : boolean = false
  .y : java.lang.String = null
  .z : int = 1
  .shadow$_klass_ : java.lang.Class = class kc5.y
  .shadow$_monitor_ : int = 0
[TOP8] dalvik.system.DexPathList$NativeLibraryElement  ×11
  .initialized : boolean = false
  .path : java.io.File = /system/app/MiuiContentCatcher/MiuiContentCatcher.apk
  .urlHandler : libcore.io.ClassPathURLStreamHandler = null
  .zipDir : java.lang.String = lib/arm64-v8a
  .shadow$_klass_ : java.lang.Class = class dalvik.system.DexPathList$NativeLibraryElement
  .shadow$_monitor_ : int = 0
[TOP9] wq.y0  ×10
  .a : wq.r = wq.s@c7449e3
  .b : int = -1
  .shadow$_klass_ : java.lang.Class = class wq.y0
  .shadow$_monitor_ : int = 536870912
[TOP10] mx5.a1  ×6
  .e : mx5.c2 = TypedList
  .f : java.util.List = []
  .g : boolean = false
  .h : fx5.s = kx5.h@bd964fd
  .i : fv5.l = yv5.a@d6b5ac0
  .d : int = 0
[TOP11] kc5.c0  ×4
  .d : kc5.n = kc5.n@7e4ce95
  .shadow$_klass_ : java.lang.Class = class kc5.c0
  .shadow$_monitor_ : int = 0
[TOP12] com.android.org.conscrypt.OpenSSLX509Certificate  ×4
  .mContext : long = 495778570760
  .mHashCode : java.lang.Integer = 257618496
  .notAfter : java.util.Date = Sat Sep 12 07:59:59 GMT+08:00 2026
  .notBefore : java.util.Date = Wed Feb 25 08:00:00 GMT+08:00 2026
  .serialVersionUID : long = 1992239142393372128
  .issuerX500Principal : javax.security.auth.x500.X500Principal = null
  .subjectX500Principal : javax.security.auth.x500.X500Principal = null
  .serialVersionUID : long = -2491127588187038216
  .hash : int = 257618496
  .type : java.lang.String = X.509
  .serialVersionUID : long = -3585440601605666277
  .shadow$_klass_ : java.lang.Class = class com.android.org.conscrypt.OpenSSLX509Certificate
  .shadow$_monitor_ : int = 0
[TOP13] za3.u  ×4
  .d : fv5.l = null
  .e : int = -1
  .a : z93.e = null
  .b : ca3.c = null
  .c : java.lang.String = null
  .shadow$_klass_ : java.lang.Class = class za3.u
  .shadow$_monitor_ : int = 0
[TOP14] za3.v  ×4
  .d : fv5.l = null
  .e : int = -1
  .a : z93.e = null
  .b : ca3.c = null
  .c : java.lang.String = null
  .shadow$_klass_ : java.lang.Class = class za3.v
  .shadow$_monitor_ : int = 0
[TOP15] za3.c  ×4
  .d : fv5.l = null
  .e : int = -1
  .a : z93.e = null
  .b : ca3.c = null
  .c : java.lang.String = null
  .shadow$_klass_ : java.lang.Class = class za3.c
  .shadow$_monitor_ : int = 0
==================================================


========== addAll 类名统计（total=1060）==========
[TOP1] com.tencent.mm.storage.emotion.EmojiInfo  ×712
  .A2 : java.lang.String = /data/user/0/com.tencent.mm/MicroMsg/b7c5fabdba77ec4298df1f8e53d9af0c/emoji/
  .B2 : java.lang.String = null
  .C2 : java.lang.String = null
  .D2 : int = 0
  .E2 : int = 2
  .F2 : java.lang.String = 
  .G2 : java.lang.String = null
  .H2 : com.tencent.mm.api.EmotionStrategyInfo = null
  .I2 : fk.z6 = SEND_FROM_SCENE_DEFAULT
  .CREATOR : android.os.Parcelable$Creator = g65.i@c3636e5
  .J2 : s45.e0 = s45.e0@1ed55ba
  .A : boolean = true
  .B : boolean = true
  .C : boolean = true
  .D : boolean = true
  .E : boolean = true
  .F : boolean = true
  .G : boolean = true
  .H : boolean = true
  .I : boolean = true
  .J : boolean = true
  .K : boolean = true
  .L : boolean = true
  .M : boolean = true
  .N : boolean = true
  .P : boolean = true
  .Q : boolean = true
  .R : boolean = true
  .S : boolean = true
  .T : boolean = true
  .U : boolean = true
  .V : boolean = true
  .W : boolean = true
  .X : boolean = true
  .Y : boolean = true
  .Z : boolean = true
  .d : boolean = true
  .e : boolean = true
  .f : boolean = true
  .field_activityid : java.lang.String = Selfie:e5b8090c05e2b96e041b06deaf5c4e3b
  .field_aeskey : java.lang.String = 8d2ed35c639d313349d5150015c54869
  .field_app_id : java.lang.String = 
  .field_attachTextColor : java.lang.String = FFFFFF
  .field_attachedEmojiMD5 : [B = [B@a085c6b
  .field_attachedText : java.lang.String = 硬醒
  .field_attr : java.lang.String = 
  .field_captureEnterTime : long = 0
  .field_captureScene : int = 0
  .field_captureStatus : int = 0
  .field_captureUploadCounter : int = 0
  .field_captureUploadErrCode : int = 0
  .field_catalog : int = 81
  .field_cdnUrl : java.lang.String = http://wxapp.tc.qq.com/262/20304/stodownload?m=31fa2d85114d70f4749adc54f090a915&
  .field_content : java.lang.String = 
  .field_custom_meaning : java.lang.String = null
  .field_designerID : java.lang.String = 
  .field_emojiFlag : long = 0
  .field_encrypturl : java.lang.String = http://wxapp.tc.qq.com/262/20304/stodownload?m=552437ce2890fbc99d8aa01931cd7ee8&
  .field_externMd5 : java.lang.String = e4e9fc259e7ea26a531dafd579f938a5
  .field_externUrl : java.lang.String = http://wxapp.tc.qq.com/262/20304/stodownload?m=0f25cb37f419cf311002c007d2a7ed81&
  .field_framesInfo : java.lang.String = 
  .field_groupId : java.lang.String = 
  .field_height : int = 0
  .field_idx : int = 0
  .field_imitateMd5 : java.lang.String = 
  .field_isOcrProcessed : int = 0
  .field_lastUseTime : long = 1779193464705
  .field_lensId : java.lang.String = 
  .field_linkId : java.lang.String = 
  .field_md5 : java.lang.String = 31fa2d85114d70f4749adc54f090a915
  .field_meanings : java.lang.String = null
  .field_name : java.lang.String = 
  .field_needupload : int = 0
  .field_reserved1 : java.lang.String = 
  .field_reserved2 : java.lang.String = 
  .field_reserved3 : int = 1
  .field_reserved4 : int = 1
  .field_size : int = 53970
  .field_source : int = 1
  .field_start : int = 0
  .field_state : int = 3
  .field_storeUnique : int = 0
  .field_svrid : java.lang.String = 
  .field_temp : int = 0
  .field_thumbUrl : java.lang.String = 
  .field_tpauthkey : java.lang.String = null
  .field_tpurl : java.lang.String = null
  .field_type : int = 1
  .field_width : int = 0
  .field_wxamMd5 : java.lang.String = null
  .g : boolean = true
  .h : boolean = true
  .i : boolean = true
  .l1 : boolean = true
  .m : boolean = true
  .n : boolean = true
  .o : boolean = true
  .p : boolean = true
  .p0 : boolean = true
  .p1 : boolean = true
  .q : boolean = true
  .r : boolean = true
  .s : boolean = true
  .t : boolean = true
  .u : boolean = true
  .v : boolean = true
  .v1 : boolean = true
  .w : boolean = true
  .x : boolean = true
  .x0 : boolean = true
  .y : boolean = true
  .y0 : boolean = true
  .z : boolean = true
  .A1 : int = 555704345
  .B1 : int = 3575610
  .C1 : int = 3530753
  .D1 : int = 109757538
  .E1 : int = 109757585
  .F1 : int = 3373707
  .G1 : int = 951530617
  .H1 : int = 2022955529
  .I1 : int = 2022955530
  .J1 : int = 2022955531
  .K1 : int = 2022955532
  .L1 : int = -1411074055
  .M1 : int = 293428218
  .N1 : int = 1736147326
  .O1 : int = -253322636
  .P1 : int = 104125
  .Q1 : int = 3556308
  .R1 : int = -896505829
  .S1 : int = -363311593
  .T1 : int = -28946106
  .U1 : int = 1566917561
  .V1 : int = -1364966910
  .W1 : int = -1512620822
  .X1 : int = -1421131984
  .Y1 : int = 113126854
  .Z1 : int = -1221029593
  .a2 : int = -609031761
  .b2 : int = -609039938
  .c2 : int = 2048620650
  .d2 : int = 110581107
  .e2 : int = 2063396283
  .f2 : int = 1767159665
  .g2 : int = -1664826127
  .h2 : int = 1961195224
  .i2 : int = -212895428
  .j2 : int = -1828144229
  .k2 : int = 1581142539
  .l2 : int = -275695851
  .m2 : int = -1555904225
  .n2 : int = -1106353479
  .o2 : int = 1822793073
  .p2 : int = 755498214
  .q2 : int = 3004913
  .r2 : int = -1102667083
  .s2 : int = -981791210
  .t2 : int = -1141075430
  .u2 : int = 411788079
  .v2 : int = 1686003922
  .w1 : w45.i0 = w45.i0@77a23c8
  .w2 : int = -1776909294
  .x1 : [Ljava.lang.String; = [Ljava.lang.String;@b4e5447
  .x2 : int = 108705909
  .y1 : int = 107902
  .y2 : s45.e0 = s45.e0@3f1b474
  .z1 : int = 109833162
  .z2 : v45.e = v45.e@89d5d9d
  .systemRowid : long = -1
  .COL_ROWID : java.lang.String = rowid
  .FIELD_PREFIX : java.lang.String = field_
  .SYSTEM_ROWID_FIELD : java.lang.String = rowid
  .TAG : java.lang.String = MicroMsg.SDK.IAutoDBItem
  .shadow$_klass_ : java.lang.Class = class com.tencent.mm.storage.emotion.EmojiInfo
  .shadow$_monitor_ : int = 0
[TOP2] com.tencent.mm.plugin.appbrand.appusage.AppBrandRecentTaskInfo  ×128
  .A : int = 0
  .B : boolean = false
  .C : long = 1776746062
  .D : int = 103967
  .E : int = 0
  .F : int = 0
  .G : boolean = false
  .v : java.lang.String = 119855199
  .w : java.lang.String = gh_870576f3c6f9@app
  .x : java.lang.String = 美团丨外卖团购特价美食酒店电影
  .y : java.lang.String = http://wx.qlogo.cn/mmhead/OM4v0FU2h0uaKUxzTLeRmuQ9GibmzugclJyqD36q6AYfaRFUoYALQs
  .z : int = 0
  .d : java.lang.String = gh_870576f3c6f9@app
  .e : java.lang.String = wxde8ac0a21135c07d
  .f : int = 0
  .g : int = 1543
  .h : java.lang.String = 美团丨外卖团购特价美食酒店电影
  .i : java.lang.String = null
  .m : java.lang.String = 
  .n : java.lang.String = http://wx.qlogo.cn/mmhead/OM4v0FU2h0uaKUxzTLeRmuQ9GibmzugclJyqD36q6AYfaRFUoYALQs
  .o : boolean = false
  .p : long = 0
  .q : long = 0
  .r : boolean = false
  .s : java.lang.String = null
  .t : java.lang.String = 
  .u : com.tencent.mm.plugin.appbrand.appusage.AppBrandCommUseInfo = null
  .CREATOR : android.os.Parcelable$Creator = com.tencent.mm.plugin.appbrand.appusage.h6@4f00d22
  .shadow$_klass_ : java.lang.Class = class com.tencent.mm.plugin.appbrand.appusage.AppBrandRecentTaskInfo
  .shadow$_monitor_ : int = 0
[TOP3] uw5.c  ×24
  .a : uw5.e = kotlin.Char
  .b : uw5.c = kotlin
  .c : uw5.c = <root>
  .shadow$_klass_ : java.lang.Class = class uw5.c
  .shadow$_monitor_ : int = 536870912
[TOP4] rc.g  ×23
  .a : java.util.Map = {isCNPayWalletRegion=rc.f@f6276d5, getAccountInfo=rc.f@adfaeea}
  .b : java.util.Map = {}
  .c : java.lang.Class = class com.tencent.mm.plugin.lite.dynamic_module.LiteAppModuleWx
  .d : java.lang.String = wx
  .shadow$_klass_ : java.lang.Class = class rc.g
  .shadow$_monitor_ : int = 0
[TOP5] miui.content.res.ThemeResources$FilterInfo  ×16
  .mFallback : com.miui.internal.content.res.ThemeFallback = com.miui.internal.content.res.ThemeFallback@cefbc18
  .mNightMode : boolean = false
  .mPackages : java.util.HashSet = null
  .mPath : java.lang.String = 
  .mValues : miui.content.res.ThemeValues = miui.content.res.ThemeValues@ff29671
  .shadow$_klass_ : java.lang.Class = class miui.content.res.ThemeResources$FilterInfo
  .shadow$_monitor_ : int = 0
[TOP6] jw1.d  ×12
  .a : int = 1
  .b : int = 16
  .c : boolean = true
  .d : boolean = false
  .e : java.lang.ref.WeakReference = null
  .f : fw1.b = null
  .shadow$_klass_ : java.lang.Class = class jw1.d
  .shadow$_monitor_ : int = 0
[TOP7] kc5.y  ×12
  .d : com.tencent.mm.storage.l4 = com.tencent.mm.storage.l4@1b109c7
  .e : java.lang.CharSequence = 公众号
  .f : java.lang.String = 公众号
  .g : java.lang.CharSequence = 昨天
  .h : java.lang.CharSequence = 快讯: 贵定暴雨致7320人受灾，应急救援工作正有序开展，当地：今晚预报还有中到大雨，存在水位上涨可能
  .i : int = -1
  .m : int = 13
  .n : int = 0
  .o : int = 0
  .p : boolean = false
  .q : boolean = false
  .r : boolean = false
  .s : boolean = false
  .t : boolean = false
  .u : boolean = true
  .v : boolean = false
  .w : z15.fe7 = z15.fe7@a40d58c
  .x : boolean = false
  .y : java.lang.String = null
  .z : int = 1
  .shadow$_klass_ : java.lang.Class = class kc5.y
  .shadow$_monitor_ : int = 0
[TOP8] dalvik.system.DexPathList$NativeLibraryElement  ×11
  .initialized : boolean = false
  .path : java.io.File = /system/app/MiuiContentCatcher/MiuiContentCatcher.apk
  .urlHandler : libcore.io.ClassPathURLStreamHandler = null
  .zipDir : java.lang.String = lib/arm64-v8a
  .shadow$_klass_ : java.lang.Class = class dalvik.system.DexPathList$NativeLibraryElement
  .shadow$_monitor_ : int = 0
[TOP9] wq.y0  ×10
  .a : wq.r = wq.s@c7449e3
  .b : int = -1
  .shadow$_klass_ : java.lang.Class = class wq.y0
  .shadow$_monitor_ : int = 536870912
[TOP10] mx5.a1  ×6
  .e : mx5.c2 = TypedList
  .f : java.util.List = []
  .g : boolean = false
  .h : fx5.s = kx5.h@bd964fd
  .i : fv5.l = yv5.a@d6b5ac0
  .d : int = 0
[TOP11] kc5.c0  ×4
  .d : kc5.n = kc5.n@7e4ce95
  .shadow$_klass_ : java.lang.Class = class kc5.c0
  .shadow$_monitor_ : int = 0
[TOP12] com.android.org.conscrypt.OpenSSLX509Certificate  ×4
  .mContext : long = 495778570760
  .mHashCode : java.lang.Integer = 257618496
  .notAfter : java.util.Date = Sat Sep 12 07:59:59 GMT+08:00 2026
  .notBefore : java.util.Date = Wed Feb 25 08:00:00 GMT+08:00 2026
  .serialVersionUID : long = 1992239142393372128
  .issuerX500Principal : javax.security.auth.x500.X500Principal = null
  .subjectX500Principal : javax.security.auth.x500.X500Principal = null
  .serialVersionUID : long = -2491127588187038216
  .hash : int = 257618496
  .type : java.lang.String = X.509
  .serialVersionUID : long = -3585440601605666277
  .shadow$_klass_ : java.lang.Class = class com.android.org.conscrypt.OpenSSLX509Certificate
  .shadow$_monitor_ : int = 0
[TOP13] za3.u  ×4
  .d : fv5.l = null
  .e : int = -1
  .a : z93.e = null
  .b : ca3.c = null
  .c : java.lang.String = null
  .shadow$_klass_ : java.lang.Class = class za3.u
  .shadow$_monitor_ : int = 0
[TOP14] za3.v  ×4
  .d : fv5.l = null
  .e : int = -1
  .a : z93.e = null
  .b : ca3.c = null
  .c : java.lang.String = null
  .shadow$_klass_ : java.lang.Class = class za3.v
  .shadow$_monitor_ : int = 0
[TOP15] za3.c  ×4
  .d : fv5.l = null
  .e : int = -1
  .a : z93.e = null
  .b : ca3.c = null
  .c : java.lang.String = null
  .shadow$_klass_ : java.lang.Class = class za3.c
  .shadow$_monitor_ : int = 0
==================================================


========== addAll 类名统计（total=1060）==========
[TOP1] com.tencent.mm.storage.emotion.EmojiInfo  ×712
  .A2 : java.lang.String = /data/user/0/com.tencent.mm/MicroMsg/b7c5fabdba77ec4298df1f8e53d9af0c/emoji/
  .B2 : java.lang.String = null
  .C2 : java.lang.String = null
  .D2 : int = 0
  .E2 : int = 2
  .F2 : java.lang.String = 
  .G2 : java.lang.String = null
  .H2 : com.tencent.mm.api.EmotionStrategyInfo = null
  .I2 : fk.z6 = SEND_FROM_SCENE_DEFAULT
  .CREATOR : android.os.Parcelable$Creator = g65.i@c3636e5
  .J2 : s45.e0 = s45.e0@1ed55ba
  .A : boolean = true
  .B : boolean = true
  .C : boolean = true
  .D : boolean = true
  .E : boolean = true
  .F : boolean = true
  .G : boolean = true
  .H : boolean = true
  .I : boolean = true
  .J : boolean = true
  .K : boolean = true
  .L : boolean = true
  .M : boolean = true
  .N : boolean = true
  .P : boolean = true
  .Q : boolean = true
  .R : boolean = true
  .S : boolean = true
  .T : boolean = true
  .U : boolean = true
  .V : boolean = true
  .W : boolean = true
  .X : boolean = true
  .Y : boolean = true
  .Z : boolean = true
  .d : boolean = true
  .e : boolean = true
  .f : boolean = true
  .field_activityid : java.lang.String = Selfie:e5b8090c05e2b96e041b06deaf5c4e3b
  .field_aeskey : java.lang.String = 8d2ed35c639d313349d5150015c54869
  .field_app_id : java.lang.String = 
  .field_attachTextColor : java.lang.String = FFFFFF
  .field_attachedEmojiMD5 : [B = [B@a085c6b
  .field_attachedText : java.lang.String = 硬醒
  .field_attr : java.lang.String = 
  .field_captureEnterTime : long = 0
  .field_captureScene : int = 0
  .field_captureStatus : int = 0
  .field_captureUploadCounter : int = 0
  .field_captureUploadErrCode : int = 0
  .field_catalog : int = 81
  .field_cdnUrl : java.lang.String = http://wxapp.tc.qq.com/262/20304/stodownload?m=31fa2d85114d70f4749adc54f090a915&
  .field_content : java.lang.String = 
  .field_custom_meaning : java.lang.String = null
  .field_designerID : java.lang.String = 
  .field_emojiFlag : long = 0
  .field_encrypturl : java.lang.String = http://wxapp.tc.qq.com/262/20304/stodownload?m=552437ce2890fbc99d8aa01931cd7ee8&
  .field_externMd5 : java.lang.String = e4e9fc259e7ea26a531dafd579f938a5
  .field_externUrl : java.lang.String = http://wxapp.tc.qq.com/262/20304/stodownload?m=0f25cb37f419cf311002c007d2a7ed81&
  .field_framesInfo : java.lang.String = 
  .field_groupId : java.lang.String = 
  .field_height : int = 0
  .field_idx : int = 0
  .field_imitateMd5 : java.lang.String = 
  .field_isOcrProcessed : int = 0
  .field_lastUseTime : long = 1779193464705
  .field_lensId : java.lang.String = 
  .field_linkId : java.lang.String = 
  .field_md5 : java.lang.String = 31fa2d85114d70f4749adc54f090a915
  .field_meanings : java.lang.String = null
  .field_name : java.lang.String = 
  .field_needupload : int = 0
  .field_reserved1 : java.lang.String = 
  .field_reserved2 : java.lang.String = 
  .field_reserved3 : int = 1
  .field_reserved4 : int = 1
  .field_size : int = 53970
  .field_source : int = 1
  .field_start : int = 0
  .field_state : int = 3
  .field_storeUnique : int = 0
  .field_svrid : java.lang.String = 
  .field_temp : int = 0
  .field_thumbUrl : java.lang.String = 
  .field_tpauthkey : java.lang.String = null
  .field_tpurl : java.lang.String = null
  .field_type : int = 1
  .field_width : int = 0
  .field_wxamMd5 : java.lang.String = null
  .g : boolean = true
  .h : boolean = true
  .i : boolean = true
  .l1 : boolean = true
  .m : boolean = true
  .n : boolean = true
  .o : boolean = true
  .p : boolean = true
  .p0 : boolean = true
  .p1 : boolean = true
  .q : boolean = true
  .r : boolean = true
  .s : boolean = true
  .t : boolean = true
  .u : boolean = true
  .v : boolean = true
  .v1 : boolean = true
  .w : boolean = true
  .x : boolean = true
  .x0 : boolean = true
  .y : boolean = true
  .y0 : boolean = true
  .z : boolean = true
  .A1 : int = 555704345
  .B1 : int = 3575610
  .C1 : int = 3530753
  .D1 : int = 109757538
  .E1 : int = 109757585
  .F1 : int = 3373707
  .G1 : int = 951530617
  .H1 : int = 2022955529
  .I1 : int = 2022955530
  .J1 : int = 2022955531
  .K1 : int = 2022955532
  .L1 : int = -1411074055
  .M1 : int = 293428218
  .N1 : int = 1736147326
  .O1 : int = -253322636
  .P1 : int = 104125
  .Q1 : int = 3556308
  .R1 : int = -896505829
  .S1 : int = -363311593
  .T1 : int = -28946106
  .U1 : int = 1566917561
  .V1 : int = -1364966910
  .W1 : int = -1512620822
  .X1 : int = -1421131984
  .Y1 : int = 113126854
  .Z1 : int = -1221029593
  .a2 : int = -609031761
  .b2 : int = -609039938
  .c2 : int = 2048620650
  .d2 : int = 110581107
  .e2 : int = 2063396283
  .f2 : int = 1767159665
  .g2 : int = -1664826127
  .h2 : int = 1961195224
  .i2 : int = -212895428
  .j2 : int = -1828144229
  .k2 : int = 1581142539
  .l2 : int = -275695851
  .m2 : int = -1555904225
  .n2 : int = -1106353479
  .o2 : int = 1822793073
  .p2 : int = 755498214
  .q2 : int = 3004913
  .r2 : int = -1102667083
  .s2 : int = -981791210
  .t2 : int = -1141075430
  .u2 : int = 411788079
  .v2 : int = 1686003922
  .w1 : w45.i0 = w45.i0@77a23c8
  .w2 : int = -1776909294
  .x1 : [Ljava.lang.String; = [Ljava.lang.String;@b4e5447
  .x2 : int = 108705909
  .y1 : int = 107902
  .y2 : s45.e0 = s45.e0@3f1b474
  .z1 : int = 109833162
  .z2 : v45.e = v45.e@89d5d9d
  .systemRowid : long = -1
  .COL_ROWID : java.lang.String = rowid
  .FIELD_PREFIX : java.lang.String = field_
  .SYSTEM_ROWID_FIELD : java.lang.String = rowid
  .TAG : java.lang.String = MicroMsg.SDK.IAutoDBItem
  .shadow$_klass_ : java.lang.Class = class com.tencent.mm.storage.emotion.EmojiInfo
  .shadow$_monitor_ : int = 0
[TOP2] com.tencent.mm.plugin.appbrand.appusage.AppBrandRecentTaskInfo  ×128
  .A : int = 0
  .B : boolean = false
  .C : long = 1776746062
  .D : int = 103967
  .E : int = 0
  .F : int = 0
  .G : boolean = false
  .v : java.lang.String = 119855199
  .w : java.lang.String = gh_870576f3c6f9@app
  .x : java.lang.String = 美团丨外卖团购特价美食酒店电影
  .y : java.lang.String = http://wx.qlogo.cn/mmhead/OM4v0FU2h0uaKUxzTLeRmuQ9GibmzugclJyqD36q6AYfaRFUoYALQs
  .z : int = 0
  .d : java.lang.String = gh_870576f3c6f9@app
  .e : java.lang.String = wxde8ac0a21135c07d
  .f : int = 0
  .g : int = 1543
  .h : java.lang.String = 美团丨外卖团购特价美食酒店电影
  .i : java.lang.String = null
  .m : java.lang.String = 
  .n : java.lang.String = http://wx.qlogo.cn/mmhead/OM4v0FU2h0uaKUxzTLeRmuQ9GibmzugclJyqD36q6AYfaRFUoYALQs
  .o : boolean = false
  .p : long = 0
  .q : long = 0
  .r : boolean = false
  .s : java.lang.String = null
  .t : java.lang.String = 
  .u : com.tencent.mm.plugin.appbrand.appusage.AppBrandCommUseInfo = null
  .CREATOR : android.os.Parcelable$Creator = com.tencent.mm.plugin.appbrand.appusage.h6@4f00d22
  .shadow$_klass_ : java.lang.Class = class com.tencent.mm.plugin.appbrand.appusage.AppBrandRecentTaskInfo
  .shadow$_monitor_ : int = 0
[TOP3] uw5.c  ×24
  .a : uw5.e = kotlin.Char
  .b : uw5.c = kotlin
  .c : uw5.c = <root>
  .shadow$_klass_ : java.lang.Class = class uw5.c
  .shadow$_monitor_ : int = 536870912
[TOP4] rc.g  ×23
  .a : java.util.Map = {isCNPayWalletRegion=rc.f@f6276d5, getAccountInfo=rc.f@adfaeea}
  .b : java.util.Map = {}
  .c : java.lang.Class = class com.tencent.mm.plugin.lite.dynamic_module.LiteAppModuleWx
  .d : java.lang.String = wx
  .shadow$_klass_ : java.lang.Class = class rc.g
  .shadow$_monitor_ : int = 0
[TOP5] miui.content.res.ThemeResources$FilterInfo  ×16
  .mFallback : com.miui.internal.content.res.ThemeFallback = com.miui.internal.content.res.ThemeFallback@cefbc18
  .mNightMode : boolean = false
  .mPackages : java.util.HashSet = null
  .mPath : java.lang.String = 
  .mValues : miui.content.res.ThemeValues = miui.content.res.ThemeValues@ff29671
  .shadow$_klass_ : java.lang.Class = class miui.content.res.ThemeResources$FilterInfo
  .shadow$_monitor_ : int = 0
[TOP6] jw1.d  ×12
  .a : int = 1
  .b : int = 16
  .c : boolean = true
  .d : boolean = false
  .e : java.lang.ref.WeakReference = null
  .f : fw1.b = null
  .shadow$_klass_ : java.lang.Class = class jw1.d
  .shadow$_monitor_ : int = 0
[TOP7] kc5.y  ×12
  .d : com.tencent.mm.storage.l4 = com.tencent.mm.storage.l4@1b109c7
  .e : java.lang.CharSequence = 公众号
  .f : java.lang.String = 公众号
  .g : java.lang.CharSequence = 昨天
  .h : java.lang.CharSequence = 快讯: 贵定暴雨致7320人受灾，应急救援工作正有序开展，当地：今晚预报还有中到大雨，存在水位上涨可能
  .i : int = -1
  .m : int = 13
  .n : int = 0
  .o : int = 0
  .p : boolean = false
  .q : boolean = false
  .r : boolean = false
  .s : boolean = false
  .t : boolean = false
  .u : boolean = true
  .v : boolean = false
  .w : z15.fe7 = z15.fe7@a40d58c
  .x : boolean = false
  .y : java.lang.String = null
  .z : int = 1
  .shadow$_klass_ : java.lang.Class = class kc5.y
  .shadow$_monitor_ : int = 0
[TOP8] dalvik.system.DexPathList$NativeLibraryElement  ×11
  .initialized : boolean = false
  .path : java.io.File = /system/app/MiuiContentCatcher/MiuiContentCatcher.apk
  .urlHandler : libcore.io.ClassPathURLStreamHandler = null
  .zipDir : java.lang.String = lib/arm64-v8a
  .shadow$_klass_ : java.lang.Class = class dalvik.system.DexPathList$NativeLibraryElement
  .shadow$_monitor_ : int = 0
[TOP9] wq.y0  ×10
  .a : wq.r = wq.s@c7449e3
  .b : int = -1
  .shadow$_klass_ : java.lang.Class = class wq.y0
  .shadow$_monitor_ : int = 536870912
[TOP10] mx5.a1  ×6
  .e : mx5.c2 = TypedList
  .f : java.util.List = []
  .g : boolean = false
  .h : fx5.s = kx5.h@bd964fd
  .i : fv5.l = yv5.a@d6b5ac0
  .d : int = 0
[TOP11] kc5.c0  ×4
  .d : kc5.n = kc5.n@7e4ce95
  .shadow$_klass_ : java.lang.Class = class kc5.c0
  .shadow$_monitor_ : int = 0
[TOP12] com.android.org.conscrypt.OpenSSLX509Certificate  ×4
  .mContext : long = 495778570760
  .mHashCode : java.lang.Integer = 257618496
  .notAfter : java.util.Date = Sat Sep 12 07:59:59 GMT+08:00 2026
  .notBefore : java.util.Date = Wed Feb 25 08:00:00 GMT+08:00 2026
  .serialVersionUID : long = 1992239142393372128
  .issuerX500Principal : javax.security.auth.x500.X500Principal = null
  .subjectX500Principal : javax.security.auth.x500.X500Principal = null
  .serialVersionUID : long = -2491127588187038216
  .hash : int = 257618496
  .type : java.lang.String = X.509
  .serialVersionUID : long = -3585440601605666277
  .shadow$_klass_ : java.lang.Class = class com.android.org.conscrypt.OpenSSLX509Certificate
  .shadow$_monitor_ : int = 0
[TOP13] za3.u  ×4
  .d : fv5.l = null
  .e : int = -1
  .a : z93.e = null
  .b : ca3.c = null
  .c : java.lang.String = null
  .shadow$_klass_ : java.lang.Class = class za3.u
  .shadow$_monitor_ : int = 0
[TOP14] za3.v  ×4
  .d : fv5.l = null
  .e : int = -1
  .a : z93.e = null
  .b : ca3.c = null
  .c : java.lang.String = null
  .shadow$_klass_ : java.lang.Class = class za3.v
  .shadow$_monitor_ : int = 0
[TOP15] za3.c  ×4
  .d : fv5.l = null
  .e : int = -1
  .a : z93.e = null
  .b : ca3.c = null
  .c : java.lang.String = null
  .shadow$_klass_ : java.lang.Class = class za3.c
  .shadow$_monitor_ : int = 0
==================================================


========== addAll 类名统计（total=1060）==========
[TOP1] com.tencent.mm.storage.emotion.EmojiInfo  ×712
  .A2 : java.lang.String = /data/user/0/com.tencent.mm/MicroMsg/b7c5fabdba77ec4298df1f8e53d9af0c/emoji/
  .B2 : java.lang.String = null
  .C2 : java.lang.String = null
  .D2 : int = 0
  .E2 : int = 2
  .F2 : java.lang.String = 
  .G2 : java.lang.String = null
  .H2 : com.tencent.mm.api.EmotionStrategyInfo = null
  .I2 : fk.z6 = SEND_FROM_SCENE_DEFAULT
  .CREATOR : android.os.Parcelable$Creator = g65.i@c3636e5
  .J2 : s45.e0 = s45.e0@1ed55ba
  .A : boolean = true
  .B : boolean = true
  .C : boolean = true
  .D : boolean = true
  .E : boolean = true
  .F : boolean = true
  .G : boolean = true
  .H : boolean = true
  .I : boolean = true
  .J : boolean = true
  .K : boolean = true
  .L : boolean = true
  .M : boolean = true
  .N : boolean = true
  .P : boolean = true
  .Q : boolean = true
  .R : boolean = true
  .S : boolean = true
  .T : boolean = true
  .U : boolean = true
  .V : boolean = true
  .W : boolean = true
  .X : boolean = true
  .Y : boolean = true
  .Z : boolean = true
  .d : boolean = true
  .e : boolean = true
  .f : boolean = true
  .field_activityid : java.lang.String = Selfie:e5b8090c05e2b96e041b06deaf5c4e3b
  .field_aeskey : java.lang.String = 8d2ed35c639d313349d5150015c54869
  .field_app_id : java.lang.String = 
  .field_attachTextColor : java.lang.String = FFFFFF
  .field_attachedEmojiMD5 : [B = [B@a085c6b
  .field_attachedText : java.lang.String = 硬醒
  .field_attr : java.lang.String = 
  .field_captureEnterTime : long = 0
  .field_captureScene : int = 0
  .field_captureStatus : int = 0
  .field_captureUploadCounter : int = 0
  .field_captureUploadErrCode : int = 0
  .field_catalog : int = 81
  .field_cdnUrl : java.lang.String = http://wxapp.tc.qq.com/262/20304/stodownload?m=31fa2d85114d70f4749adc54f090a915&
  .field_content : java.lang.String = 
  .field_custom_meaning : java.lang.String = null
  .field_designerID : java.lang.String = 
  .field_emojiFlag : long = 0
  .field_encrypturl : java.lang.String = http://wxapp.tc.qq.com/262/20304/stodownload?m=552437ce2890fbc99d8aa01931cd7ee8&
  .field_externMd5 : java.lang.String = e4e9fc259e7ea26a531dafd579f938a5
  .field_externUrl : java.lang.String = http://wxapp.tc.qq.com/262/20304/stodownload?m=0f25cb37f419cf311002c007d2a7ed81&
  .field_framesInfo : java.lang.String = 
  .field_groupId : java.lang.String = 
  .field_height : int = 0
  .field_idx : int = 0
  .field_imitateMd5 : java.lang.String = 
  .field_isOcrProcessed : int = 0
  .field_lastUseTime : long = 1779193464705
  .field_lensId : java.lang.String = 
  .field_linkId : java.lang.String = 
  .field_md5 : java.lang.String = 31fa2d85114d70f4749adc54f090a915
  .field_meanings : java.lang.String = null
  .field_name : java.lang.String = 
  .field_needupload : int = 0
  .field_reserved1 : java.lang.String = 
  .field_reserved2 : java.lang.String = 
  .field_reserved3 : int = 1
  .field_reserved4 : int = 1
  .field_size : int = 53970
  .field_source : int = 1
  .field_start : int = 0
  .field_state : int = 3
  .field_storeUnique : int = 0
  .field_svrid : java.lang.String = 
  .field_temp : int = 0
  .field_thumbUrl : java.lang.String = 
  .field_tpauthkey : java.lang.String = null
  .field_tpurl : java.lang.String = null
  .field_type : int = 1
  .field_width : int = 0
  .field_wxamMd5 : java.lang.String = null
  .g : boolean = true
  .h : boolean = true
  .i : boolean = true
  .l1 : boolean = true
  .m : boolean = true
  .n : boolean = true
  .o : boolean = true
  .p : boolean = true
  .p0 : boolean = true
  .p1 : boolean = true
  .q : boolean = true
  .r : boolean = true
  .s : boolean = true
  .t : boolean = true
  .u : boolean = true
  .v : boolean = true
  .v1 : boolean = true
  .w : boolean = true
  .x : boolean = true
  .x0 : boolean = true
  .y : boolean = true
  .y0 : boolean = true
  .z : boolean = true
  .A1 : int = 555704345
  .B1 : int = 3575610
  .C1 : int = 3530753
  .D1 : int = 109757538
  .E1 : int = 109757585
  .F1 : int = 3373707
  .G1 : int = 951530617
  .H1 : int = 2022955529
  .I1 : int = 2022955530
  .J1 : int = 2022955531
  .K1 : int = 2022955532
  .L1 : int = -1411074055
  .M1 : int = 293428218
  .N1 : int = 1736147326
  .O1 : int = -253322636
  .P1 : int = 104125
  .Q1 : int = 3556308
  .R1 : int = -896505829
  .S1 : int = -363311593
  .T1 : int = -28946106
  .U1 : int = 1566917561
  .V1 : int = -1364966910
  .W1 : int = -1512620822
  .X1 : int = -1421131984
  .Y1 : int = 113126854
  .Z1 : int = -1221029593
  .a2 : int = -609031761
  .b2 : int = -609039938
  .c2 : int = 2048620650
  .d2 : int = 110581107
  .e2 : int = 2063396283
  .f2 : int = 1767159665
  .g2 : int = -1664826127
  .h2 : int = 1961195224
  .i2 : int = -212895428
  .j2 : int = -1828144229
  .k2 : int = 1581142539
  .l2 : int = -275695851
  .m2 : int = -1555904225
  .n2 : int = -1106353479
  .o2 : int = 1822793073
  .p2 : int = 755498214
  .q2 : int = 3004913
  .r2 : int = -1102667083
  .s2 : int = -981791210
  .t2 : int = -1141075430
  .u2 : int = 411788079
  .v2 : int = 1686003922
  .w1 : w45.i0 = w45.i0@77a23c8
  .w2 : int = -1776909294
  .x1 : [Ljava.lang.String; = [Ljava.lang.String;@b4e5447
  .x2 : int = 108705909
  .y1 : int = 107902
  .y2 : s45.e0 = s45.e0@3f1b474
  .z1 : int = 109833162
  .z2 : v45.e = v45.e@89d5d9d
  .systemRowid : long = -1
  .COL_ROWID : java.lang.String = rowid
  .FIELD_PREFIX : java.lang.String = field_
  .SYSTEM_ROWID_FIELD : java.lang.String = rowid
  .TAG : java.lang.String = MicroMsg.SDK.IAutoDBItem
  .shadow$_klass_ : java.lang.Class = class com.tencent.mm.storage.emotion.EmojiInfo
  .shadow$_monitor_ : int = 0
[TOP2] com.tencent.mm.plugin.appbrand.appusage.AppBrandRecentTaskInfo  ×128
  .A : int = 0
  .B : boolean = false
  .C : long = 1776746062
  .D : int = 103967
  .E : int = 0
  .F : int = 0
  .G : boolean = false
  .v : java.lang.String = 119855199
  .w : java.lang.String = gh_870576f3c6f9@app
  .x : java.lang.String = 美团丨外卖团购特价美食酒店电影
  .y : java.lang.String = http://wx.qlogo.cn/mmhead/OM4v0FU2h0uaKUxzTLeRmuQ9GibmzugclJyqD36q6AYfaRFUoYALQs
  .z : int = 0
  .d : java.lang.String = gh_870576f3c6f9@app
  .e : java.lang.String = wxde8ac0a21135c07d
  .f : int = 0
  .g : int = 1543
  .h : java.lang.String = 美团丨外卖团购特价美食酒店电影
  .i : java.lang.String = null
  .m : java.lang.String = 
  .n : java.lang.String = http://wx.qlogo.cn/mmhead/OM4v0FU2h0uaKUxzTLeRmuQ9GibmzugclJyqD36q6AYfaRFUoYALQs
  .o : boolean = false
  .p : long = 0
  .q : long = 0
  .r : boolean = false
  .s : java.lang.String = null
  .t : java.lang.String = 
  .u : com.tencent.mm.plugin.appbrand.appusage.AppBrandCommUseInfo = null
  .CREATOR : android.os.Parcelable$Creator = com.tencent.mm.plugin.appbrand.appusage.h6@4f00d22
  .shadow$_klass_ : java.lang.Class = class com.tencent.mm.plugin.appbrand.appusage.AppBrandRecentTaskInfo
  .shadow$_monitor_ : int = 0
[TOP3] uw5.c  ×24
  .a : uw5.e = kotlin.Char
  .b : uw5.c = kotlin
  .c : uw5.c = <root>
  .shadow$_klass_ : java.lang.Class = class uw5.c
  .shadow$_monitor_ : int = 536870912
[TOP4] rc.g  ×23
  .a : java.util.Map = {isCNPayWalletRegion=rc.f@f6276d5, getAccountInfo=rc.f@adfaeea}
  .b : java.util.Map = {}
  .c : java.lang.Class = class com.tencent.mm.plugin.lite.dynamic_module.LiteAppModuleWx
  .d : java.lang.String = wx
  .shadow$_klass_ : java.lang.Class = class rc.g
  .shadow$_monitor_ : int = 0
[TOP5] miui.content.res.ThemeResources$FilterInfo  ×16
  .mFallback : com.miui.internal.content.res.ThemeFallback = com.miui.internal.content.res.ThemeFallback@cefbc18
  .mNightMode : boolean = false
  .mPackages : java.util.HashSet = null
  .mPath : java.lang.String = 
  .mValues : miui.content.res.ThemeValues = miui.content.res.ThemeValues@ff29671
  .shadow$_klass_ : java.lang.Class = class miui.content.res.ThemeResources$FilterInfo
  .shadow$_monitor_ : int = 0
[TOP6] jw1.d  ×12
  .a : int = 1
  .b : int = 16
  .c : boolean = true
  .d : boolean = false
  .e : java.lang.ref.WeakReference = null
  .f : fw1.b = null
  .shadow$_klass_ : java.lang.Class = class jw1.d
  .shadow$_monitor_ : int = 0
[TOP7] kc5.y  ×12
  .d : com.tencent.mm.storage.l4 = com.tencent.mm.storage.l4@1b109c7
  .e : java.lang.CharSequence = 公众号
  .f : java.lang.String = 公众号
  .g : java.lang.CharSequence = 昨天
  .h : java.lang.CharSequence = 快讯: 贵定暴雨致7320人受灾，应急救援工作正有序开展，当地：今晚预报还有中到大雨，存在水位上涨可能
  .i : int = -1
  .m : int = 13
  .n : int = 0
  .o : int = 0
  .p : boolean = false
  .q : boolean = false
  .r : boolean = false
  .s : boolean = false
  .t : boolean = false
  .u : boolean = true
  .v : boolean = false
  .w : z15.fe7 = z15.fe7@a40d58c
  .x : boolean = false
  .y : java.lang.String = null
  .z : int = 1
  .shadow$_klass_ : java.lang.Class = class kc5.y
  .shadow$_monitor_ : int = 0
[TOP8] dalvik.system.DexPathList$NativeLibraryElement  ×11
  .initialized : boolean = false
  .path : java.io.File = /system/app/MiuiContentCatcher/MiuiContentCatcher.apk
  .urlHandler : libcore.io.ClassPathURLStreamHandler = null
  .zipDir : java.lang.String = lib/arm64-v8a
  .shadow$_klass_ : java.lang.Class = class dalvik.system.DexPathList$NativeLibraryElement
  .shadow$_monitor_ : int = 0
[TOP9] wq.y0  ×10
  .a : wq.r = wq.s@c7449e3
  .b : int = -1
  .shadow$_klass_ : java.lang.Class = class wq.y0
  .shadow$_monitor_ : int = 536870912
[TOP10] mx5.a1  ×6
  .e : mx5.c2 = TypedList
  .f : java.util.List = []
  .g : boolean = false
  .h : fx5.s = kx5.h@bd964fd
  .i : fv5.l = yv5.a@d6b5ac0
  .d : int = 0
[TOP11] kc5.c0  ×4
  .d : kc5.n = kc5.n@7e4ce95
  .shadow$_klass_ : java.lang.Class = class kc5.c0
  .shadow$_monitor_ : int = 0
[TOP12] com.android.org.conscrypt.OpenSSLX509Certificate  ×4
  .mContext : long = 495778570760
  .mHashCode : java.lang.Integer = 257618496
  .notAfter : java.util.Date = Sat Sep 12 07:59:59 GMT+08:00 2026
  .notBefore : java.util.Date = Wed Feb 25 08:00:00 GMT+08:00 2026
  .serialVersionUID : long = 1992239142393372128
  .issuerX500Principal : javax.security.auth.x500.X500Principal = null
  .subjectX500Principal : javax.security.auth.x500.X500Principal = null
  .serialVersionUID : long = -2491127588187038216
  .hash : int = 257618496
  .type : java.lang.String = X.509
  .serialVersionUID : long = -3585440601605666277
  .shadow$_klass_ : java.lang.Class = class com.android.org.conscrypt.OpenSSLX509Certificate
  .shadow$_monitor_ : int = 0
[TOP13] za3.u  ×4
  .d : fv5.l = null
  .e : int = -1
  .a : z93.e = null
  .b : ca3.c = null
  .c : java.lang.String = null
  .shadow$_klass_ : java.lang.Class = class za3.u
  .shadow$_monitor_ : int = 0
[TOP14] za3.v  ×4
  .d : fv5.l = null
  .e : int = -1
  .a : z93.e = null
  .b : ca3.c = null
  .c : java.lang.String = null
  .shadow$_klass_ : java.lang.Class = class za3.v
  .shadow$_monitor_ : int = 0
[TOP15] za3.c  ×4
  .d : fv5.l = null
  .e : int = -1
  .a : z93.e = null
  .b : ca3.c = null
  .c : java.lang.String = null
  .shadow$_klass_ : java.lang.Class = class za3.c
  .shadow$_monitor_ : int = 0
==================================================


========== addAll 类名统计（total=1060）==========
[TOP1] com.tencent.mm.storage.emotion.EmojiInfo  ×712
  .A2 : java.lang.String = /data/user/0/com.tencent.mm/MicroMsg/b7c5fabdba77ec4298df1f8e53d9af0c/emoji/
  .B2 : java.lang.String = null
  .C2 : java.lang.String = null
  .D2 : int = 0
  .E2 : int = 2
  .F2 : java.lang.String = 
  .G2 : java.lang.String = null
  .H2 : com.tencent.mm.api.EmotionStrategyInfo = null
  .I2 : fk.z6 = SEND_FROM_SCENE_DEFAULT
  .CREATOR : android.os.Parcelable$Creator = g65.i@c3636e5
  .J2 : s45.e0 = s45.e0@1ed55ba
  .A : boolean = true
  .B : boolean = true
  .C : boolean = true
  .D : boolean = true
  .E : boolean = true
  .F : boolean = true
  .G : boolean = true
  .H : boolean = true
  .I : boolean = true
  .J : boolean = true
  .K : boolean = true
  .L : boolean = true
  .M : boolean = true
  .N : boolean = true
  .P : boolean = true
  .Q : boolean = true
  .R : boolean = true
  .S : boolean = true
  .T : boolean = true
  .U : boolean = true
  .V : boolean = true
  .W : boolean = true
  .X : boolean = true
  .Y : boolean = true
  .Z : boolean = true
  .d : boolean = true
  .e : boolean = true
  .f : boolean = true
  .field_activityid : java.lang.String = Selfie:e5b8090c05e2b96e041b06deaf5c4e3b
  .field_aeskey : java.lang.String = 8d2ed35c639d313349d5150015c54869
  .field_app_id : java.lang.String = 
  .field_attachTextColor : java.lang.String = FFFFFF
  .field_attachedEmojiMD5 : [B = [B@a085c6b
  .field_attachedText : java.lang.String = 硬醒
  .field_attr : java.lang.String = 
  .field_captureEnterTime : long = 0
  .field_captureScene : int = 0
  .field_captureStatus : int = 0
  .field_captureUploadCounter : int = 0
  .field_captureUploadErrCode : int = 0
  .field_catalog : int = 81
  .field_cdnUrl : java.lang.String = http://wxapp.tc.qq.com/262/20304/stodownload?m=31fa2d85114d70f4749adc54f090a915&
  .field_content : java.lang.String = 
  .field_custom_meaning : java.lang.String = null
  .field_designerID : java.lang.String = 
  .field_emojiFlag : long = 0
  .field_encrypturl : java.lang.String = http://wxapp.tc.qq.com/262/20304/stodownload?m=552437ce2890fbc99d8aa01931cd7ee8&
  .field_externMd5 : java.lang.String = e4e9fc259e7ea26a531dafd579f938a5
  .field_externUrl : java.lang.String = http://wxapp.tc.qq.com/262/20304/stodownload?m=0f25cb37f419cf311002c007d2a7ed81&
  .field_framesInfo : java.lang.String = 
  .field_groupId : java.lang.String = 
  .field_height : int = 0
  .field_idx : int = 0
  .field_imitateMd5 : java.lang.String = 
  .field_isOcrProcessed : int = 0
  .field_lastUseTime : long = 1779193464705
  .field_lensId : java.lang.String = 
  .field_linkId : java.lang.String = 
  .field_md5 : java.lang.String = 31fa2d85114d70f4749adc54f090a915
  .field_meanings : java.lang.String = null
  .field_name : java.lang.String = 
  .field_needupload : int = 0
  .field_reserved1 : java.lang.String = 
  .field_reserved2 : java.lang.String = 
  .field_reserved3 : int = 1
  .field_reserved4 : int = 1
  .field_size : int = 53970
  .field_source : int = 1
  .field_start : int = 0
  .field_state : int = 3
  .field_storeUnique : int = 0
  .field_svrid : java.lang.String = 
  .field_temp : int = 0
  .field_thumbUrl : java.lang.String = 
  .field_tpauthkey : java.lang.String = null
  .field_tpurl : java.lang.String = null
  .field_type : int = 1
  .field_width : int = 0
  .field_wxamMd5 : java.lang.String = null
  .g : boolean = true
  .h : boolean = true
  .i : boolean = true
  .l1 : boolean = true
  .m : boolean = true
  .n : boolean = true
  .o : boolean = true
  .p : boolean = true
  .p0 : boolean = true
  .p1 : boolean = true
  .q : boolean = true
  .r : boolean = true
  .s : boolean = true
  .t : boolean = true
  .u : boolean = true
  .v : boolean = true
  .v1 : boolean = true
  .w : boolean = true
  .x : boolean = true
  .x0 : boolean = true
  .y : boolean = true
  .y0 : boolean = true
  .z : boolean = true
  .A1 : int = 555704345
  .B1 : int = 3575610
  .C1 : int = 3530753
  .D1 : int = 109757538
  .E1 : int = 109757585
  .F1 : int = 3373707
  .G1 : int = 951530617
  .H1 : int = 2022955529
  .I1 : int = 2022955530
  .J1 : int = 2022955531
  .K1 : int = 2022955532
  .L1 : int = -1411074055
  .M1 : int = 293428218
  .N1 : int = 1736147326
  .O1 : int = -253322636
  .P1 : int = 104125
  .Q1 : int = 3556308
  .R1 : int = -896505829
  .S1 : int = -363311593
  .T1 : int = -28946106
  .U1 : int = 1566917561
  .V1 : int = -1364966910
  .W1 : int = -1512620822
  .X1 : int = -1421131984
  .Y1 : int = 113126854
  .Z1 : int = -1221029593
  .a2 : int = -609031761
  .b2 : int = -609039938
  .c2 : int = 2048620650
  .d2 : int = 110581107
  .e2 : int = 2063396283
  .f2 : int = 1767159665
  .g2 : int = -1664826127
  .h2 : int = 1961195224
  .i2 : int = -212895428
  .j2 : int = -1828144229
  .k2 : int = 1581142539
  .l2 : int = -275695851
  .m2 : int = -1555904225
  .n2 : int = -1106353479
  .o2 : int = 1822793073
  .p2 : int = 755498214
  .q2 : int = 3004913
  .r2 : int = -1102667083
  .s2 : int = -981791210
  .t2 : int = -1141075430
  .u2 : int = 411788079
  .v2 : int = 1686003922
  .w1 : w45.i0 = w45.i0@77a23c8
  .w2 : int = -1776909294
  .x1 : [Ljava.lang.String; = [Ljava.lang.String;@b4e5447
  .x2 : int = 108705909
  .y1 : int = 107902
  .y2 : s45.e0 = s45.e0@3f1b474
  .z1 : int = 109833162
  .z2 : v45.e = v45.e@89d5d9d
  .systemRowid : long = -1
  .COL_ROWID : java.lang.String = rowid
  .FIELD_PREFIX : java.lang.String = field_
  .SYSTEM_ROWID_FIELD : java.lang.String = rowid
  .TAG : java.lang.String = MicroMsg.SDK.IAutoDBItem
  .shadow$_klass_ : java.lang.Class = class com.tencent.mm.storage.emotion.EmojiInfo
  .shadow$_monitor_ : int = 0
[TOP2] com.tencent.mm.plugin.appbrand.appusage.AppBrandRecentTaskInfo  ×128
  .A : int = 0
  .B : boolean = false
  .C : long = 1776746062
  .D : int = 103967
  .E : int = 0
  .F : int = 0
  .G : boolean = false
  .v : java.lang.String = 119855199
  .w : java.lang.String = gh_870576f3c6f9@app
  .x : java.lang.String = 美团丨外卖团购特价美食酒店电影
  .y : java.lang.String = http://wx.qlogo.cn/mmhead/OM4v0FU2h0uaKUxzTLeRmuQ9GibmzugclJyqD36q6AYfaRFUoYALQs
  .z : int = 0
  .d : java.lang.String = gh_870576f3c6f9@app
  .e : java.lang.String = wxde8ac0a21135c07d
  .f : int = 0
  .g : int = 1543
  .h : java.lang.String = 美团丨外卖团购特价美食酒店电影
  .i : java.lang.String = null
  .m : java.lang.String = 
  .n : java.lang.String = http://wx.qlogo.cn/mmhead/OM4v0FU2h0uaKUxzTLeRmuQ9GibmzugclJyqD36q6AYfaRFUoYALQs
  .o : boolean = false
  .p : long = 0
  .q : long = 0
  .r : boolean = false
  .s : java.lang.String = null
  .t : java.lang.String = 
  .u : com.tencent.mm.plugin.appbrand.appusage.AppBrandCommUseInfo = null
  .CREATOR : android.os.Parcelable$Creator = com.tencent.mm.plugin.appbrand.appusage.h6@4f00d22
  .shadow$_klass_ : java.lang.Class = class com.tencent.mm.plugin.appbrand.appusage.AppBrandRecentTaskInfo
  .shadow$_monitor_ : int = 0
[TOP3] uw5.c  ×24
  .a : uw5.e = kotlin.Char
  .b : uw5.c = kotlin
  .c : uw5.c = <root>
  .shadow$_klass_ : java.lang.Class = class uw5.c
  .shadow$_monitor_ : int = 536870912
[TOP4] rc.g  ×23
  .a : java.util.Map = {isCNPayWalletRegion=rc.f@f6276d5, getAccountInfo=rc.f@adfaeea}
  .b : java.util.Map = {}
  .c : java.lang.Class = class com.tencent.mm.plugin.lite.dynamic_module.LiteAppModuleWx
  .d : java.lang.String = wx
  .shadow$_klass_ : java.lang.Class = class rc.g
  .shadow$_monitor_ : int = 0
[TOP5] miui.content.res.ThemeResources$FilterInfo  ×16
  .mFallback : com.miui.internal.content.res.ThemeFallback = com.miui.internal.content.res.ThemeFallback@cefbc18
  .mNightMode : boolean = false
  .mPackages : java.util.HashSet = null
  .mPath : java.lang.String = 
  .mValues : miui.content.res.ThemeValues = miui.content.res.ThemeValues@ff29671
  .shadow$_klass_ : java.lang.Class = class miui.content.res.ThemeResources$FilterInfo
  .shadow$_monitor_ : int = 0
[TOP6] jw1.d  ×12
  .a : int = 1
  .b : int = 16
  .c : boolean = true
  .d : boolean = false
  .e : java.lang.ref.WeakReference = null
  .f : fw1.b = null
  .shadow$_klass_ : java.lang.Class = class jw1.d
  .shadow$_monitor_ : int = 0
[TOP7] kc5.y  ×12
  .d : com.tencent.mm.storage.l4 = com.tencent.mm.storage.l4@1b109c7
  .e : java.lang.CharSequence = 公众号
  .f : java.lang.String = 公众号
  .g : java.lang.CharSequence = 昨天
  .h : java.lang.CharSequence = 快讯: 贵定暴雨致7320人受灾，应急救援工作正有序开展，当地：今晚预报还有中到大雨，存在水位上涨可能
  .i : int = -1
  .m : int = 13
  .n : int = 0
  .o : int = 0
  .p : boolean = false
  .q : boolean = false
  .r : boolean = false
  .s : boolean = false
  .t : boolean = false
  .u : boolean = true
  .v : boolean = false
  .w : z15.fe7 = z15.fe7@a40d58c
  .x : boolean = false
  .y : java.lang.String = null
  .z : int = 1
  .shadow$_klass_ : java.lang.Class = class kc5.y
  .shadow$_monitor_ : int = 0
[TOP8] dalvik.system.DexPathList$NativeLibraryElement  ×11
  .initialized : boolean = false
  .path : java.io.File = /system/app/MiuiContentCatcher/MiuiContentCatcher.apk
  .urlHandler : libcore.io.ClassPathURLStreamHandler = null
  .zipDir : java.lang.String = lib/arm64-v8a
  .shadow$_klass_ : java.lang.Class = class dalvik.system.DexPathList$NativeLibraryElement
  .shadow$_monitor_ : int = 0
[TOP9] wq.y0  ×10
  .a : wq.r = wq.s@c7449e3
  .b : int = -1
  .shadow$_klass_ : java.lang.Class = class wq.y0
  .shadow$_monitor_ : int = 536870912
[TOP10] mx5.a1  ×6
  .e : mx5.c2 = TypedList
  .f : java.util.List = []
  .g : boolean = false
  .h : fx5.s = kx5.h@bd964fd
  .i : fv5.l = yv5.a@d6b5ac0
  .d : int = 0
[TOP11] kc5.c0  ×4
  .d : kc5.n = kc5.n@7e4ce95
  .shadow$_klass_ : java.lang.Class = class kc5.c0
  .shadow$_monitor_ : int = 0
[TOP12] com.android.org.conscrypt.OpenSSLX509Certificate  ×4
  .mContext : long = 495778570760
  .mHashCode : java.lang.Integer = 257618496
  .notAfter : java.util.Date = Sat Sep 12 07:59:59 GMT+08:00 2026
  .notBefore : java.util.Date = Wed Feb 25 08:00:00 GMT+08:00 2026
  .serialVersionUID : long = 1992239142393372128
  .issuerX500Principal : javax.security.auth.x500.X500Principal = null
  .subjectX500Principal : javax.security.auth.x500.X500Principal = null
  .serialVersionUID : long = -2491127588187038216
  .hash : int = 257618496
  .type : java.lang.String = X.509
  .serialVersionUID : long = -3585440601605666277
  .shadow$_klass_ : java.lang.Class = class com.android.org.conscrypt.OpenSSLX509Certificate
  .shadow$_monitor_ : int = 0
[TOP13] za3.u  ×4
  .d : fv5.l = null
  .e : int = -1
  .a : z93.e = null
  .b : ca3.c = null
  .c : java.lang.String = null
  .shadow$_klass_ : java.lang.Class = class za3.u
  .shadow$_monitor_ : int = 0
[TOP14] za3.v  ×4
  .d : fv5.l = null
  .e : int = -1
  .a : z93.e = null
  .b : ca3.c = null
  .c : java.lang.String = null
  .shadow$_klass_ : java.lang.Class = class za3.v
  .shadow$_monitor_ : int = 0
[TOP15] za3.c  ×4
  .d : fv5.l = null
  .e : int = -1
  .a : z93.e = null
  .b : ca3.c = null
  .c : java.lang.String = null
  .shadow$_klass_ : java.lang.Class = class za3.c
  .shadow$_monitor_ : int = 0
==================================================


========== addAll 类名统计（total=1060）==========
[TOP1] com.tencent.mm.storage.emotion.EmojiInfo  ×712
  .A2 : java.lang.String = /data/user/0/com.tencent.mm/MicroMsg/b7c5fabdba77ec4298df1f8e53d9af0c/emoji/
  .B2 : java.lang.String = null
  .C2 : java.lang.String = null
  .D2 : int = 0
  .E2 : int = 2
  .F2 : java.lang.String = 
  .G2 : java.lang.String = null
  .H2 : com.tencent.mm.api.EmotionStrategyInfo = null
  .I2 : fk.z6 = SEND_FROM_SCENE_DEFAULT
  .CREATOR : android.os.Parcelable$Creator = g65.i@c3636e5
  .J2 : s45.e0 = s45.e0@1ed55ba
  .A : boolean = true
  .B : boolean = true
  .C : boolean = true
  .D : boolean = true
  .E : boolean = true
  .F : boolean = true
  .G : boolean = true
  .H : boolean = true
  .I : boolean = true
  .J : boolean = true
  .K : boolean = true
  .L : boolean = true
  .M : boolean = true
  .N : boolean = true
  .P : boolean = true
  .Q : boolean = true
  .R : boolean = true
  .S : boolean = true
  .T : boolean = true
  .U : boolean = true
  .V : boolean = true
  .W : boolean = true
  .X : boolean = true
  .Y : boolean = true
  .Z : boolean = true
  .d : boolean = true
  .e : boolean = true
  .f : boolean = true
  .field_activityid : java.lang.String = Selfie:e5b8090c05e2b96e041b06deaf5c4e3b
  .field_aeskey : java.lang.String = 8d2ed35c639d313349d5150015c54869
  .field_app_id : java.lang.String = 
  .field_attachTextColor : java.lang.String = FFFFFF
  .field_attachedEmojiMD5 : [B = [B@a085c6b
  .field_attachedText : java.lang.String = 硬醒
  .field_attr : java.lang.String = 
  .field_captureEnterTime : long = 0
  .field_captureScene : int = 0
  .field_captureStatus : int = 0
  .field_captureUploadCounter : int = 0
  .field_captureUploadErrCode : int = 0
  .field_catalog : int = 81
  .field_cdnUrl : java.lang.String = http://wxapp.tc.qq.com/262/20304/stodownload?m=31fa2d85114d70f4749adc54f090a915&
  .field_content : java.lang.String = 
  .field_custom_meaning : java.lang.String = null
  .field_designerID : java.lang.String = 
  .field_emojiFlag : long = 0
  .field_encrypturl : java.lang.String = http://wxapp.tc.qq.com/262/20304/stodownload?m=552437ce2890fbc99d8aa01931cd7ee8&
  .field_externMd5 : java.lang.String = e4e9fc259e7ea26a531dafd579f938a5
  .field_externUrl : java.lang.String = http://wxapp.tc.qq.com/262/20304/stodownload?m=0f25cb37f419cf311002c007d2a7ed81&
  .field_framesInfo : java.lang.String = 
  .field_groupId : java.lang.String = 
  .field_height : int = 0
  .field_idx : int = 0
  .field_imitateMd5 : java.lang.String = 
  .field_isOcrProcessed : int = 0
  .field_lastUseTime : long = 1779193464705
  .field_lensId : java.lang.String = 
  .field_linkId : java.lang.String = 
  .field_md5 : java.lang.String = 31fa2d85114d70f4749adc54f090a915
  .field_meanings : java.lang.String = null
  .field_name : java.lang.String = 
  .field_needupload : int = 0
  .field_reserved1 : java.lang.String = 
  .field_reserved2 : java.lang.String = 
  .field_reserved3 : int = 1
  .field_reserved4 : int = 1
  .field_size : int = 53970
  .field_source : int = 1
  .field_start : int = 0
  .field_state : int = 3
  .field_storeUnique : int = 0
  .field_svrid : java.lang.String = 
  .field_temp : int = 0
  .field_thumbUrl : java.lang.String = 
  .field_tpauthkey : java.lang.String = null
  .field_tpurl : java.lang.String = null
  .field_type : int = 1
  .field_width : int = 0
  .field_wxamMd5 : java.lang.String = null
  .g : boolean = true
  .h : boolean = true
  .i : boolean = true
  .l1 : boolean = true
  .m : boolean = true
  .n : boolean = true
  .o : boolean = true
  .p : boolean = true
  .p0 : boolean = true
  .p1 : boolean = true
  .q : boolean = true
  .r : boolean = true
  .s : boolean = true
  .t : boolean = true
  .u : boolean = true
  .v : boolean = true
  .v1 : boolean = true
  .w : boolean = true
  .x : boolean = true
  .x0 : boolean = true
  .y : boolean = true
  .y0 : boolean = true
  .z : boolean = true
  .A1 : int = 555704345
  .B1 : int = 3575610
  .C1 : int = 3530753
  .D1 : int = 109757538
  .E1 : int = 109757585
  .F1 : int = 3373707
  .G1 : int = 951530617
  .H1 : int = 2022955529
  .I1 : int = 2022955530
  .J1 : int = 2022955531
  .K1 : int = 2022955532
  .L1 : int = -1411074055
  .M1 : int = 293428218
  .N1 : int = 1736147326
  .O1 : int = -253322636
  .P1 : int = 104125
  .Q1 : int = 3556308
  .R1 : int = -896505829
  .S1 : int = -363311593
  .T1 : int = -28946106
  .U1 : int = 1566917561
  .V1 : int = -1364966910
  .W1 : int = -1512620822
  .X1 : int = -1421131984
  .Y1 : int = 113126854
  .Z1 : int = -1221029593
  .a2 : int = -609031761
  .b2 : int = -609039938
  .c2 : int = 2048620650
  .d2 : int = 110581107
  .e2 : int = 2063396283
  .f2 : int = 1767159665
  .g2 : int = -1664826127
  .h2 : int = 1961195224
  .i2 : int = -212895428
  .j2 : int = -1828144229
  .k2 : int = 1581142539
  .l2 : int = -275695851
  .m2 : int = -1555904225
  .n2 : int = -1106353479
  .o2 : int = 1822793073
  .p2 : int = 755498214
  .q2 : int = 3004913
  .r2 : int = -1102667083
  .s2 : int = -981791210
  .t2 : int = -1141075430
  .u2 : int = 411788079
  .v2 : int = 1686003922
  .w1 : w45.i0 = w45.i0@77a23c8
  .w2 : int = -1776909294
  .x1 : [Ljava.lang.String; = [Ljava.lang.String;@b4e5447
  .x2 : int = 108705909
  .y1 : int = 107902
  .y2 : s45.e0 = s45.e0@3f1b474
  .z1 : int = 109833162
  .z2 : v45.e = v45.e@89d5d9d
  .systemRowid : long = -1
  .COL_ROWID : java.lang.String = rowid
  .FIELD_PREFIX : java.lang.String = field_
  .SYSTEM_ROWID_FIELD : java.lang.String = rowid
  .TAG : java.lang.String = MicroMsg.SDK.IAutoDBItem
  .shadow$_klass_ : java.lang.Class = class com.tencent.mm.storage.emotion.EmojiInfo
  .shadow$_monitor_ : int = 0
[TOP2] com.tencent.mm.plugin.appbrand.appusage.AppBrandRecentTaskInfo  ×128
  .A : int = 0
  .B : boolean = false
  .C : long = 1776746062
  .D : int = 103967
  .E : int = 0
  .F : int = 0
  .G : boolean = false
  .v : java.lang.String = 119855199
  .w : java.lang.String = gh_870576f3c6f9@app
  .x : java.lang.String = 美团丨外卖团购特价美食酒店电影
  .y : java.lang.String = http://wx.qlogo.cn/mmhead/OM4v0FU2h0uaKUxzTLeRmuQ9GibmzugclJyqD36q6AYfaRFUoYALQs
  .z : int = 0
  .d : java.lang.String = gh_870576f3c6f9@app
  .e : java.lang.String = wxde8ac0a21135c07d
  .f : int = 0
  .g : int = 1543
  .h : java.lang.String = 美团丨外卖团购特价美食酒店电影
  .i : java.lang.String = null
  .m : java.lang.String = 
  .n : java.lang.String = http://wx.qlogo.cn/mmhead/OM4v0FU2h0uaKUxzTLeRmuQ9GibmzugclJyqD36q6AYfaRFUoYALQs
  .o : boolean = false
  .p : long = 0
  .q : long = 0
  .r : boolean = false
  .s : java.lang.String = null
  .t : java.lang.String = 
  .u : com.tencent.mm.plugin.appbrand.appusage.AppBrandCommUseInfo = null
  .CREATOR : android.os.Parcelable$Creator = com.tencent.mm.plugin.appbrand.appusage.h6@4f00d22
  .shadow$_klass_ : java.lang.Class = class com.tencent.mm.plugin.appbrand.appusage.AppBrandRecentTaskInfo
  .shadow$_monitor_ : int = 0
[TOP3] uw5.c  ×24
  .a : uw5.e = kotlin.Char
  .b : uw5.c = kotlin
  .c : uw5.c = <root>
  .shadow$_klass_ : java.lang.Class = class uw5.c
  .shadow$_monitor_ : int = 536870912
[TOP4] rc.g  ×23
  .a : java.util.Map = {isCNPayWalletRegion=rc.f@f6276d5, getAccountInfo=rc.f@adfaeea}
  .b : java.util.Map = {}
  .c : java.lang.Class = class com.tencent.mm.plugin.lite.dynamic_module.LiteAppModuleWx
  .d : java.lang.String = wx
  .shadow$_klass_ : java.lang.Class = class rc.g
  .shadow$_monitor_ : int = 0
[TOP5] miui.content.res.ThemeResources$FilterInfo  ×16
  .mFallback : com.miui.internal.content.res.ThemeFallback = com.miui.internal.content.res.ThemeFallback@cefbc18
  .mNightMode : boolean = false
  .mPackages : java.util.HashSet = null
  .mPath : java.lang.String = 
  .mValues : miui.content.res.ThemeValues = miui.content.res.ThemeValues@ff29671
  .shadow$_klass_ : java.lang.Class = class miui.content.res.ThemeResources$FilterInfo
  .shadow$_monitor_ : int = 0
[TOP6] jw1.d  ×12
  .a : int = 1
  .b : int = 16
  .c : boolean = true
  .d : boolean = false
  .e : java.lang.ref.WeakReference = null
  .f : fw1.b = null
  .shadow$_klass_ : java.lang.Class = class jw1.d
  .shadow$_monitor_ : int = 0
[TOP7] kc5.y  ×12
  .d : com.tencent.mm.storage.l4 = com.tencent.mm.storage.l4@1b109c7
  .e : java.lang.CharSequence = 公众号
  .f : java.lang.String = 公众号
  .g : java.lang.CharSequence = 昨天
  .h : java.lang.CharSequence = 快讯: 贵定暴雨致7320人受灾，应急救援工作正有序开展，当地：今晚预报还有中到大雨，存在水位上涨可能
  .i : int = -1
  .m : int = 13
  .n : int = 0
  .o : int = 0
  .p : boolean = false
  .q : boolean = false
  .r : boolean = false
  .s : boolean = false
  .t : boolean = false
  .u : boolean = true
  .v : boolean = false
  .w : z15.fe7 = z15.fe7@a40d58c
  .x : boolean = false
  .y : java.lang.String = null
  .z : int = 1
  .shadow$_klass_ : java.lang.Class = class kc5.y
  .shadow$_monitor_ : int = 0
[TOP8] dalvik.system.DexPathList$NativeLibraryElement  ×11
  .initialized : boolean = false
  .path : java.io.File = /system/app/MiuiContentCatcher/MiuiContentCatcher.apk
  .urlHandler : libcore.io.ClassPathURLStreamHandler = null
  .zipDir : java.lang.String = lib/arm64-v8a
  .shadow$_klass_ : java.lang.Class = class dalvik.system.DexPathList$NativeLibraryElement
  .shadow$_monitor_ : int = 0
[TOP9] wq.y0  ×10
  .a : wq.r = wq.s@c7449e3
  .b : int = -1
  .shadow$_klass_ : java.lang.Class = class wq.y0
  .shadow$_monitor_ : int = 536870912
[TOP10] mx5.a1  ×6
  .e : mx5.c2 = TypedList
  .f : java.util.List = []
  .g : boolean = false
  .h : fx5.s = kx5.h@bd964fd
  .i : fv5.l = yv5.a@d6b5ac0
  .d : int = 0
[TOP11] kc5.c0  ×4
  .d : kc5.n = kc5.n@7e4ce95
  .shadow$_klass_ : java.lang.Class = class kc5.c0
  .shadow$_monitor_ : int = 0
[TOP12] com.android.org.conscrypt.OpenSSLX509Certificate  ×4
  .mContext : long = 495778570760
  .mHashCode : java.lang.Integer = 257618496
  .notAfter : java.util.Date = Sat Sep 12 07:59:59 GMT+08:00 2026
  .notBefore : java.util.Date = Wed Feb 25 08:00:00 GMT+08:00 2026
  .serialVersionUID : long = 1992239142393372128
  .issuerX500Principal : javax.security.auth.x500.X500Principal = null
  .subjectX500Principal : javax.security.auth.x500.X500Principal = null
  .serialVersionUID : long = -2491127588187038216
  .hash : int = 257618496
  .type : java.lang.String = X.509
  .serialVersionUID : long = -3585440601605666277
  .shadow$_klass_ : java.lang.Class = class com.android.org.conscrypt.OpenSSLX509Certificate
  .shadow$_monitor_ : int = 0
[TOP13] za3.u  ×4
  .d : fv5.l = null
  .e : int = -1
  .a : z93.e = null
  .b : ca3.c = null
  .c : java.lang.String = null
  .shadow$_klass_ : java.lang.Class = class za3.u
  .shadow$_monitor_ : int = 0
[TOP14] za3.v  ×4
  .d : fv5.l = null
  .e : int = -1
  .a : z93.e = null
  .b : ca3.c = null
  .c : java.lang.String = null
  .shadow$_klass_ : java.lang.Class = class za3.v
  .shadow$_monitor_ : int = 0
[TOP15] za3.c  ×4
  .d : fv5.l = null
  .e : int = -1
  .a : z93.e = null
  .b : ca3.c = null
  .c : java.lang.String = null
  .shadow$_klass_ : java.lang.Class = class za3.c
  .shadow$_monitor_ : int = 0
==================================================


========== addAll 类名统计（total=1060）==========
[TOP1] com.tencent.mm.storage.emotion.EmojiInfo  ×712
  .A2 : java.lang.String = /data/user/0/com.tencent.mm/MicroMsg/b7c5fabdba77ec4298df1f8e53d9af0c/emoji/
  .B2 : java.lang.String = null
  .C2 : java.lang.String = null
  .D2 : int = 0
  .E2 : int = 2
  .F2 : java.lang.String = 
  .G2 : java.lang.String = null
  .H2 : com.tencent.mm.api.EmotionStrategyInfo = null
  .I2 : fk.z6 = SEND_FROM_SCENE_DEFAULT
  .CREATOR : android.os.Parcelable$Creator = g65.i@c3636e5
  .J2 : s45.e0 = s45.e0@1ed55ba
  .A : boolean = true
  .B : boolean = true
  .C : boolean = true
  .D : boolean = true
  .E : boolean = true
  .F : boolean = true
  .G : boolean = true
  .H : boolean = true
  .I : boolean = true
  .J : boolean = true
  .K : boolean = true
  .L : boolean = true
  .M : boolean = true
  .N : boolean = true
  .P : boolean = true
  .Q : boolean = true
  .R : boolean = true
  .S : boolean = true
  .T : boolean = true
  .U : boolean = true
  .V : boolean = true
  .W : boolean = true
  .X : boolean = true
  .Y : boolean = true
  .Z : boolean = true
  .d : boolean = true
  .e : boolean = true
  .f : boolean = true
  .field_activityid : java.lang.String = Selfie:e5b8090c05e2b96e041b06deaf5c4e3b
  .field_aeskey : java.lang.String = 8d2ed35c639d313349d5150015c54869
  .field_app_id : java.lang.String = 
  .field_attachTextColor : java.lang.String = FFFFFF
  .field_attachedEmojiMD5 : [B = [B@a085c6b
  .field_attachedText : java.lang.String = 硬醒
  .field_attr : java.lang.String = 
  .field_captureEnterTime : long = 0
  .field_captureScene : int = 0
  .field_captureStatus : int = 0
  .field_captureUploadCounter : int = 0
  .field_captureUploadErrCode : int = 0
  .field_catalog : int = 81
  .field_cdnUrl : java.lang.String = http://wxapp.tc.qq.com/262/20304/stodownload?m=31fa2d85114d70f4749adc54f090a915&
  .field_content : java.lang.String = 
  .field_custom_meaning : java.lang.String = null
  .field_designerID : java.lang.String = 
  .field_emojiFlag : long = 0
  .field_encrypturl : java.lang.String = http://wxapp.tc.qq.com/262/20304/stodownload?m=552437ce2890fbc99d8aa01931cd7ee8&
  .field_externMd5 : java.lang.String = e4e9fc259e7ea26a531dafd579f938a5
  .field_externUrl : java.lang.String = http://wxapp.tc.qq.com/262/20304/stodownload?m=0f25cb37f419cf311002c007d2a7ed81&
  .field_framesInfo : java.lang.String = 
  .field_groupId : java.lang.String = 
  .field_height : int = 0
  .field_idx : int = 0
  .field_imitateMd5 : java.lang.String = 
  .field_isOcrProcessed : int = 0
  .field_lastUseTime : long = 1779193464705
  .field_lensId : java.lang.String = 
  .field_linkId : java.lang.String = 
  .field_md5 : java.lang.String = 31fa2d85114d70f4749adc54f090a915
  .field_meanings : java.lang.String = null
  .field_name : java.lang.String = 
  .field_needupload : int = 0
  .field_reserved1 : java.lang.String = 
  .field_reserved2 : java.lang.String = 
  .field_reserved3 : int = 1
  .field_reserved4 : int = 1
  .field_size : int = 53970
  .field_source : int = 1
  .field_start : int = 0
  .field_state : int = 3
  .field_storeUnique : int = 0
  .field_svrid : java.lang.String = 
  .field_temp : int = 0
  .field_thumbUrl : java.lang.String = 
  .field_tpauthkey : java.lang.String = null
  .field_tpurl : java.lang.String = null
  .field_type : int = 1
  .field_width : int = 0
  .field_wxamMd5 : java.lang.String = null
  .g : boolean = true
  .h : boolean = true
  .i : boolean = true
  .l1 : boolean = true
  .m : boolean = true
  .n : boolean = true
  .o : boolean = true
  .p : boolean = true
  .p0 : boolean = true
  .p1 : boolean = true
  .q : boolean = true
  .r : boolean = true
  .s : boolean = true
  .t : boolean = true
  .u : boolean = true
  .v : boolean = true
  .v1 : boolean = true
  .w : boolean = true
  .x : boolean = true
  .x0 : boolean = true
  .y : boolean = true
  .y0 : boolean = true
  .z : boolean = true
  .A1 : int = 555704345
  .B1 : int = 3575610
  .C1 : int = 3530753
  .D1 : int = 109757538
  .E1 : int = 109757585
  .F1 : int = 3373707
  .G1 : int = 951530617
  .H1 : int = 2022955529
  .I1 : int = 2022955530
  .J1 : int = 2022955531
  .K1 : int = 2022955532
  .L1 : int = -1411074055
  .M1 : int = 293428218
  .N1 : int = 1736147326
  .O1 : int = -253322636
  .P1 : int = 104125
  .Q1 : int = 3556308
  .R1 : int = -896505829
  .S1 : int = -363311593
  .T1 : int = -28946106
  .U1 : int = 1566917561
  .V1 : int = -1364966910
  .W1 : int = -1512620822
  .X1 : int = -1421131984
  .Y1 : int = 113126854
  .Z1 : int = -1221029593
  .a2 : int = -609031761
  .b2 : int = -609039938
  .c2 : int = 2048620650
  .d2 : int = 110581107
  .e2 : int = 2063396283
  .f2 : int = 1767159665
  .g2 : int = -1664826127
  .h2 : int = 1961195224
  .i2 : int = -212895428
  .j2 : int = -1828144229
  .k2 : int = 1581142539
  .l2 : int = -275695851
  .m2 : int = -1555904225
  .n2 : int = -1106353479
  .o2 : int = 1822793073
  .p2 : int = 755498214
  .q2 : int = 3004913
  .r2 : int = -1102667083
  .s2 : int = -981791210
  .t2 : int = -1141075430
  .u2 : int = 411788079
  .v2 : int = 1686003922
  .w1 : w45.i0 = w45.i0@77a23c8
  .w2 : int = -1776909294
  .x1 : [Ljava.lang.String; = [Ljava.lang.String;@b4e5447
  .x2 : int = 108705909
  .y1 : int = 107902
  .y2 : s45.e0 = s45.e0@3f1b474
  .z1 : int = 109833162
  .z2 : v45.e = v45.e@89d5d9d
  .systemRowid : long = -1
  .COL_ROWID : java.lang.String = rowid
  .FIELD_PREFIX : java.lang.String = field_
  .SYSTEM_ROWID_FIELD : java.lang.String = rowid
  .TAG : java.lang.String = MicroMsg.SDK.IAutoDBItem
  .shadow$_klass_ : java.lang.Class = class com.tencent.mm.storage.emotion.EmojiInfo
  .shadow$_monitor_ : int = 0
[TOP2] com.tencent.mm.plugin.appbrand.appusage.AppBrandRecentTaskInfo  ×128
  .A : int = 0
  .B : boolean = false
  .C : long = 1776746062
  .D : int = 103967
  .E : int = 0
  .F : int = 0
  .G : boolean = false
  .v : java.lang.String = 119855199
  .w : java.lang.String = gh_870576f3c6f9@app
  .x : java.lang.String = 美团丨外卖团购特价美食酒店电影
  .y : java.lang.String = http://wx.qlogo.cn/mmhead/OM4v0FU2h0uaKUxzTLeRmuQ9GibmzugclJyqD36q6AYfaRFUoYALQs
  .z : int = 0
  .d : java.lang.String = gh_870576f3c6f9@app
  .e : java.lang.String = wxde8ac0a21135c07d
  .f : int = 0
  .g : int = 1543
  .h : java.lang.String = 美团丨外卖团购特价美食酒店电影
  .i : java.lang.String = null
  .m : java.lang.String = 
  .n : java.lang.String = http://wx.qlogo.cn/mmhead/OM4v0FU2h0uaKUxzTLeRmuQ9GibmzugclJyqD36q6AYfaRFUoYALQs
  .o : boolean = false
  .p : long = 0
  .q : long = 0
  .r : boolean = false
  .s : java.lang.String = null
  .t : java.lang.String = 
  .u : com.tencent.mm.plugin.appbrand.appusage.AppBrandCommUseInfo = null
  .CREATOR : android.os.Parcelable$Creator = com.tencent.mm.plugin.appbrand.appusage.h6@4f00d22
  .shadow$_klass_ : java.lang.Class = class com.tencent.mm.plugin.appbrand.appusage.AppBrandRecentTaskInfo
  .shadow$_monitor_ : int = 0
[TOP3] uw5.c  ×24
  .a : uw5.e = kotlin.Char
  .b : uw5.c = kotlin
  .c : uw5.c = <root>
  .shadow$_klass_ : java.lang.Class = class uw5.c
  .shadow$_monitor_ : int = 536870912
[TOP4] rc.g  ×23
  .a : java.util.Map = {isCNPayWalletRegion=rc.f@f6276d5, getAccountInfo=rc.f@adfaeea}
  .b : java.util.Map = {}
  .c : java.lang.Class = class com.tencent.mm.plugin.lite.dynamic_module.LiteAppModuleWx
  .d : java.lang.String = wx
  .shadow$_klass_ : java.lang.Class = class rc.g
  .shadow$_monitor_ : int = 0
[TOP5] miui.content.res.ThemeResources$FilterInfo  ×16
  .mFallback : com.miui.internal.content.res.ThemeFallback = com.miui.internal.content.res.ThemeFallback@cefbc18
  .mNightMode : boolean = false
  .mPackages : java.util.HashSet = null
  .mPath : java.lang.String = 
  .mValues : miui.content.res.ThemeValues = miui.content.res.ThemeValues@ff29671
  .shadow$_klass_ : java.lang.Class = class miui.content.res.ThemeResources$FilterInfo
  .shadow$_monitor_ : int = 0
[TOP6] jw1.d  ×12
  .a : int = 1
  .b : int = 16
  .c : boolean = true
  .d : boolean = false
  .e : java.lang.ref.WeakReference = null
  .f : fw1.b = null
  .shadow$_klass_ : java.lang.Class = class jw1.d
  .shadow$_monitor_ : int = 0
[TOP7] kc5.y  ×12
  .d : com.tencent.mm.storage.l4 = com.tencent.mm.storage.l4@1b109c7
  .e : java.lang.CharSequence = 公众号
  .f : java.lang.String = 公众号
  .g : java.lang.CharSequence = 昨天
  .h : java.lang.CharSequence = 快讯: 贵定暴雨致7320人受灾，应急救援工作正有序开展，当地：今晚预报还有中到大雨，存在水位上涨可能
  .i : int = -1
  .m : int = 13
  .n : int = 0
  .o : int = 0
  .p : boolean = false
  .q : boolean = false
  .r : boolean = false
  .s : boolean = false
  .t : boolean = false
  .u : boolean = true
  .v : boolean = false
  .w : z15.fe7 = z15.fe7@a40d58c
  .x : boolean = false
  .y : java.lang.String = null
  .z : int = 1
  .shadow$_klass_ : java.lang.Class = class kc5.y
  .shadow$_monitor_ : int = 0
[TOP8] dalvik.system.DexPathList$NativeLibraryElement  ×11
  .initialized : boolean = false
  .path : java.io.File = /system/app/MiuiContentCatcher/MiuiContentCatcher.apk
  .urlHandler : libcore.io.ClassPathURLStreamHandler = null
  .zipDir : java.lang.String = lib/arm64-v8a
  .shadow$_klass_ : java.lang.Class = class dalvik.system.DexPathList$NativeLibraryElement
  .shadow$_monitor_ : int = 0
[TOP9] wq.y0  ×10
  .a : wq.r = wq.s@c7449e3
  .b : int = -1
  .shadow$_klass_ : java.lang.Class = class wq.y0
  .shadow$_monitor_ : int = 536870912
[TOP10] mx5.a1  ×6
  .e : mx5.c2 = TypedList
  .f : java.util.List = []
  .g : boolean = false
  .h : fx5.s = kx5.h@bd964fd
  .i : fv5.l = yv5.a@d6b5ac0
  .d : int = 0
[TOP11] kc5.c0  ×4
  .d : kc5.n = kc5.n@7e4ce95
  .shadow$_klass_ : java.lang.Class = class kc5.c0
  .shadow$_monitor_ : int = 0
[TOP12] com.android.org.conscrypt.OpenSSLX509Certificate  ×4
  .mContext : long = 495778570760
  .mHashCode : java.lang.Integer = 257618496
  .notAfter : java.util.Date = Sat Sep 12 07:59:59 GMT+08:00 2026
  .notBefore : java.util.Date = Wed Feb 25 08:00:00 GMT+08:00 2026
  .serialVersionUID : long = 1992239142393372128
  .issuerX500Principal : javax.security.auth.x500.X500Principal = null
  .subjectX500Principal : javax.security.auth.x500.X500Principal = null
  .serialVersionUID : long = -2491127588187038216
  .hash : int = 257618496
  .type : java.lang.String = X.509
  .serialVersionUID : long = -3585440601605666277
  .shadow$_klass_ : java.lang.Class = class com.android.org.conscrypt.OpenSSLX509Certificate
  .shadow$_monitor_ : int = 0
[TOP13] za3.u  ×4
  .d : fv5.l = null
  .e : int = -1
  .a : z93.e = null
  .b : ca3.c = null
  .c : java.lang.String = null
  .shadow$_klass_ : java.lang.Class = class za3.u
  .shadow$_monitor_ : int = 0
[TOP14] za3.v  ×4
  .d : fv5.l = null
  .e : int = -1
  .a : z93.e = null
  .b : ca3.c = null
  .c : java.lang.String = null
  .shadow$_klass_ : java.lang.Class = class za3.v
  .shadow$_monitor_ : int = 0
[TOP15] za3.c  ×4
  .d : fv5.l = null
  .e : int = -1
  .a : z93.e = null
  .b : ca3.c = null
  .c : java.lang.String = null
  .shadow$_klass_ : java.lang.Class = class za3.c
  .shadow$_monitor_ : int = 0
==================================================


========== addAll 类名统计（total=1060）==========
[TOP1] com.tencent.mm.storage.emotion.EmojiInfo  ×712
  .A2 : java.lang.String = /data/user/0/com.tencent.mm/MicroMsg/b7c5fabdba77ec4298df1f8e53d9af0c/emoji/
  .B2 : java.lang.String = null
  .C2 : java.lang.String = null
  .D2 : int = 0
  .E2 : int = 2
  .F2 : java.lang.String = 
  .G2 : java.lang.String = null
  .H2 : com.tencent.mm.api.EmotionStrategyInfo = null
  .I2 : fk.z6 = SEND_FROM_SCENE_DEFAULT
  .CREATOR : android.os.Parcelable$Creator = g65.i@c3636e5
  .J2 : s45.e0 = s45.e0@1ed55ba
  .A : boolean = true
  .B : boolean = true
  .C : boolean = true
  .D : boolean = true
  .E : boolean = true
  .F : boolean = true
  .G : boolean = true
  .H : boolean = true
  .I : boolean = true
  .J : boolean = true
  .K : boolean = true
  .L : boolean = true
  .M : boolean = true
  .N : boolean = true
  .P : boolean = true
  .Q : boolean = true
  .R : boolean = true
  .S : boolean = true
  .T : boolean = true
  .U : boolean = true
  .V : boolean = true
  .W : boolean = true
  .X : boolean = true
  .Y : boolean = true
  .Z : boolean = true
  .d : boolean = true
  .e : boolean = true
  .f : boolean = true
  .field_activityid : java.lang.String = Selfie:e5b8090c05e2b96e041b06deaf5c4e3b
  .field_aeskey : java.lang.String = 8d2ed35c639d313349d5150015c54869
  .field_app_id : java.lang.String = 
  .field_attachTextColor : java.lang.String = FFFFFF
  .field_attachedEmojiMD5 : [B = [B@a085c6b
  .field_attachedText : java.lang.String = 硬醒
  .field_attr : java.lang.String = 
  .field_captureEnterTime : long = 0
  .field_captureScene : int = 0
  .field_captureStatus : int = 0
  .field_captureUploadCounter : int = 0
  .field_captureUploadErrCode : int = 0
  .field_catalog : int = 81
  .field_cdnUrl : java.lang.String = http://wxapp.tc.qq.com/262/20304/stodownload?m=31fa2d85114d70f4749adc54f090a915&
  .field_content : java.lang.String = 
  .field_custom_meaning : java.lang.String = null
  .field_designerID : java.lang.String = 
  .field_emojiFlag : long = 0
  .field_encrypturl : java.lang.String = http://wxapp.tc.qq.com/262/20304/stodownload?m=552437ce2890fbc99d8aa01931cd7ee8&
  .field_externMd5 : java.lang.String = e4e9fc259e7ea26a531dafd579f938a5
  .field_externUrl : java.lang.String = http://wxapp.tc.qq.com/262/20304/stodownload?m=0f25cb37f419cf311002c007d2a7ed81&
  .field_framesInfo : java.lang.String = 
  .field_groupId : java.lang.String = 
  .field_height : int = 0
  .field_idx : int = 0
  .field_imitateMd5 : java.lang.String = 
  .field_isOcrProcessed : int = 0
  .field_lastUseTime : long = 1779193464705
  .field_lensId : java.lang.String = 
  .field_linkId : java.lang.String = 
  .field_md5 : java.lang.String = 31fa2d85114d70f4749adc54f090a915
  .field_meanings : java.lang.String = null
  .field_name : java.lang.String = 
  .field_needupload : int = 0
  .field_reserved1 : java.lang.String = 
  .field_reserved2 : java.lang.String = 
  .field_reserved3 : int = 1
  .field_reserved4 : int = 1
  .field_size : int = 53970
  .field_source : int = 1
  .field_start : int = 0
  .field_state : int = 3
  .field_storeUnique : int = 0
  .field_svrid : java.lang.String = 
  .field_temp : int = 0
  .field_thumbUrl : java.lang.String = 
  .field_tpauthkey : java.lang.String = null
  .field_tpurl : java.lang.String = null
  .field_type : int = 1
  .field_width : int = 0
  .field_wxamMd5 : java.lang.String = null
  .g : boolean = true
  .h : boolean = true
  .i : boolean = true
  .l1 : boolean = true
  .m : boolean = true
  .n : boolean = true
  .o : boolean = true
  .p : boolean = true
  .p0 : boolean = true
  .p1 : boolean = true
  .q : boolean = true
  .r : boolean = true
  .s : boolean = true
  .t : boolean = true
  .u : boolean = true
  .v : boolean = true
  .v1 : boolean = true
  .w : boolean = true
  .x : boolean = true
  .x0 : boolean = true
  .y : boolean = true
  .y0 : boolean = true
  .z : boolean = true
  .A1 : int = 555704345
  .B1 : int = 3575610
  .C1 : int = 3530753
  .D1 : int = 109757538
  .E1 : int = 109757585
  .F1 : int = 3373707
  .G1 : int = 951530617
  .H1 : int = 2022955529
  .I1 : int = 2022955530
  .J1 : int = 2022955531
  .K1 : int = 2022955532
  .L1 : int = -1411074055
  .M1 : int = 293428218
  .N1 : int = 1736147326
  .O1 : int = -253322636
  .P1 : int = 104125
  .Q1 : int = 3556308
  .R1 : int = -896505829
  .S1 : int = -363311593
  .T1 : int = -28946106
  .U1 : int = 1566917561
  .V1 : int = -1364966910
  .W1 : int = -1512620822
  .X1 : int = -1421131984
  .Y1 : int = 113126854
  .Z1 : int = -1221029593
  .a2 : int = -609031761
  .b2 : int = -609039938
  .c2 : int = 2048620650
  .d2 : int = 110581107
  .e2 : int = 2063396283
  .f2 : int = 1767159665
  .g2 : int = -1664826127
  .h2 : int = 1961195224
  .i2 : int = -212895428
  .j2 : int = -1828144229
  .k2 : int = 1581142539
  .l2 : int = -275695851
  .m2 : int = -1555904225
  .n2 : int = -1106353479
  .o2 : int = 1822793073
  .p2 : int = 755498214
  .q2 : int = 3004913
  .r2 : int = -1102667083
  .s2 : int = -981791210
  .t2 : int = -1141075430
  .u2 : int = 411788079
  .v2 : int = 1686003922
  .w1 : w45.i0 = w45.i0@77a23c8
  .w2 : int = -1776909294
  .x1 : [Ljava.lang.String; = [Ljava.lang.String;@b4e5447
  .x2 : int = 108705909
  .y1 : int = 107902
  .y2 : s45.e0 = s45.e0@3f1b474
  .z1 : int = 109833162
  .z2 : v45.e = v45.e@89d5d9d
  .systemRowid : long = -1
  .COL_ROWID : java.lang.String = rowid
  .FIELD_PREFIX : java.lang.String = field_
  .SYSTEM_ROWID_FIELD : java.lang.String = rowid
  .TAG : java.lang.String = MicroMsg.SDK.IAutoDBItem
  .shadow$_klass_ : java.lang.Class = class com.tencent.mm.storage.emotion.EmojiInfo
  .shadow$_monitor_ : int = 0
[TOP2] com.tencent.mm.plugin.appbrand.appusage.AppBrandRecentTaskInfo  ×128
  .A : int = 0
  .B : boolean = false
  .C : long = 1776746062
  .D : int = 103967
  .E : int = 0
  .F : int = 0
  .G : boolean = false
  .v : java.lang.String = 119855199
  .w : java.lang.String = gh_870576f3c6f9@app
  .x : java.lang.String = 美团丨外卖团购特价美食酒店电影
  .y : java.lang.String = http://wx.qlogo.cn/mmhead/OM4v0FU2h0uaKUxzTLeRmuQ9GibmzugclJyqD36q6AYfaRFUoYALQs
  .z : int = 0
  .d : java.lang.String = gh_870576f3c6f9@app
  .e : java.lang.String = wxde8ac0a21135c07d
  .f : int = 0
  .g : int = 1543
  .h : java.lang.String = 美团丨外卖团购特价美食酒店电影
  .i : java.lang.String = null
  .m : java.lang.String = 
  .n : java.lang.String = http://wx.qlogo.cn/mmhead/OM4v0FU2h0uaKUxzTLeRmuQ9GibmzugclJyqD36q6AYfaRFUoYALQs
  .o : boolean = false
  .p : long = 0
  .q : long = 0
  .r : boolean = false
  .s : java.lang.String = null
  .t : java.lang.String = 
  .u : com.tencent.mm.plugin.appbrand.appusage.AppBrandCommUseInfo = null
  .CREATOR : android.os.Parcelable$Creator = com.tencent.mm.plugin.appbrand.appusage.h6@4f00d22
  .shadow$_klass_ : java.lang.Class = class com.tencent.mm.plugin.appbrand.appusage.AppBrandRecentTaskInfo
  .shadow$_monitor_ : int = 0
[TOP3] uw5.c  ×24
  .a : uw5.e = kotlin.Char
  .b : uw5.c = kotlin
  .c : uw5.c = <root>
  .shadow$_klass_ : java.lang.Class = class uw5.c
  .shadow$_monitor_ : int = 536870912
[TOP4] rc.g  ×23
  .a : java.util.Map = {isCNPayWalletRegion=rc.f@f6276d5, getAccountInfo=rc.f@adfaeea}
  .b : java.util.Map = {}
  .c : java.lang.Class = class com.tencent.mm.plugin.lite.dynamic_module.LiteAppModuleWx
  .d : java.lang.String = wx
  .shadow$_klass_ : java.lang.Class = class rc.g
  .shadow$_monitor_ : int = 0
[TOP5] miui.content.res.ThemeResources$FilterInfo  ×16
  .mFallback : com.miui.internal.content.res.ThemeFallback = com.miui.internal.content.res.ThemeFallback@cefbc18
  .mNightMode : boolean = false
  .mPackages : java.util.HashSet = null
  .mPath : java.lang.String = 
  .mValues : miui.content.res.ThemeValues = miui.content.res.ThemeValues@ff29671
  .shadow$_klass_ : java.lang.Class = class miui.content.res.ThemeResources$FilterInfo
  .shadow$_monitor_ : int = 0
[TOP6] jw1.d  ×12
  .a : int = 1
  .b : int = 16
  .c : boolean = true
  .d : boolean = false
  .e : java.lang.ref.WeakReference = null
  .f : fw1.b = null
  .shadow$_klass_ : java.lang.Class = class jw1.d
  .shadow$_monitor_ : int = 0
[TOP7] kc5.y  ×12
  .d : com.tencent.mm.storage.l4 = com.tencent.mm.storage.l4@1b109c7
  .e : java.lang.CharSequence = 公众号
  .f : java.lang.String = 公众号
  .g : java.lang.CharSequence = 昨天
  .h : java.lang.CharSequence = 快讯: 贵定暴雨致7320人受灾，应急救援工作正有序开展，当地：今晚预报还有中到大雨，存在水位上涨可能
  .i : int = -1
  .m : int = 13
  .n : int = 0
  .o : int = 0
  .p : boolean = false
  .q : boolean = false
  .r : boolean = false
  .s : boolean = false
  .t : boolean = false
  .u : boolean = true
  .v : boolean = false
  .w : z15.fe7 = z15.fe7@a40d58c
  .x : boolean = false
  .y : java.lang.String = null
  .z : int = 1
  .shadow$_klass_ : java.lang.Class = class kc5.y
  .shadow$_monitor_ : int = 0
[TOP8] dalvik.system.DexPathList$NativeLibraryElement  ×11
  .initialized : boolean = false
  .path : java.io.File = /system/app/MiuiContentCatcher/MiuiContentCatcher.apk
  .urlHandler : libcore.io.ClassPathURLStreamHandler = null
  .zipDir : java.lang.String = lib/arm64-v8a
  .shadow$_klass_ : java.lang.Class = class dalvik.system.DexPathList$NativeLibraryElement
  .shadow$_monitor_ : int = 0
[TOP9] wq.y0  ×10
  .a : wq.r = wq.s@c7449e3
  .b : int = -1
  .shadow$_klass_ : java.lang.Class = class wq.y0
  .shadow$_monitor_ : int = 536870912
[TOP10] mx5.a1  ×6
  .e : mx5.c2 = TypedList
  .f : java.util.List = []
  .g : boolean = false
  .h : fx5.s = kx5.h@bd964fd
  .i : fv5.l = yv5.a@d6b5ac0
  .d : int = 0
[TOP11] kc5.c0  ×4
  .d : kc5.n = kc5.n@7e4ce95
  .shadow$_klass_ : java.lang.Class = class kc5.c0
  .shadow$_monitor_ : int = 0
[TOP12] com.android.org.conscrypt.OpenSSLX509Certificate  ×4
  .mContext : long = 495778570760
  .mHashCode : java.lang.Integer = 257618496
  .notAfter : java.util.Date = Sat Sep 12 07:59:59 GMT+08:00 2026
  .notBefore : java.util.Date = Wed Feb 25 08:00:00 GMT+08:00 2026
  .serialVersionUID : long = 1992239142393372128
  .issuerX500Principal : javax.security.auth.x500.X500Principal = null
  .subjectX500Principal : javax.security.auth.x500.X500Principal = null
  .serialVersionUID : long = -2491127588187038216
  .hash : int = 257618496
  .type : java.lang.String = X.509
  .serialVersionUID : long = -3585440601605666277
  .shadow$_klass_ : java.lang.Class = class com.android.org.conscrypt.OpenSSLX509Certificate
  .shadow$_monitor_ : int = 0
[TOP13] za3.u  ×4
  .d : fv5.l = null
  .e : int = -1
  .a : z93.e = null
  .b : ca3.c = null
  .c : java.lang.String = null
  .shadow$_klass_ : java.lang.Class = class za3.u
  .shadow$_monitor_ : int = 0
[TOP14] za3.v  ×4
  .d : fv5.l = null
  .e : int = -1
  .a : z93.e = null
  .b : ca3.c = null
  .c : java.lang.String = null
  .shadow$_klass_ : java.lang.Class = class za3.v
  .shadow$_monitor_ : int = 0
[TOP15] za3.c  ×4
  .d : fv5.l = null
  .e : int = -1
  .a : z93.e = null
  .b : ca3.c = null
  .c : java.lang.String = null
  .shadow$_klass_ : java.lang.Class = class za3.c
  .shadow$_monitor_ : int = 0
==================================================


========== addAll 类名统计（total=1060）==========
[TOP1] com.tencent.mm.storage.emotion.EmojiInfo  ×712
  .A2 : java.lang.String = /data/user/0/com.tencent.mm/MicroMsg/b7c5fabdba77ec4298df1f8e53d9af0c/emoji/
  .B2 : java.lang.String = null
  .C2 : java.lang.String = null
  .D2 : int = 0
  .E2 : int = 2
  .F2 : java.lang.String = 
  .G2 : java.lang.String = null
  .H2 : com.tencent.mm.api.EmotionStrategyInfo = null
  .I2 : fk.z6 = SEND_FROM_SCENE_DEFAULT
  .CREATOR : android.os.Parcelable$Creator = g65.i@c3636e5
  .J2 : s45.e0 = s45.e0@1ed55ba
  .A : boolean = true
  .B : boolean = true
  .C : boolean = true
  .D : boolean = true
  .E : boolean = true
  .F : boolean = true
  .G : boolean = true
  .H : boolean = true
  .I : boolean = true
  .J : boolean = true
  .K : boolean = true
  .L : boolean = true
  .M : boolean = true
  .N : boolean = true
  .P : boolean = true
  .Q : boolean = true
  .R : boolean = true
  .S : boolean = true
  .T : boolean = true
  .U : boolean = true
  .V : boolean = true
  .W : boolean = true
  .X : boolean = true
  .Y : boolean = true
  .Z : boolean = true
  .d : boolean = true
  .e : boolean = true
  .f : boolean = true
  .field_activityid : java.lang.String = Selfie:e5b8090c05e2b96e041b06deaf5c4e3b
  .field_aeskey : java.lang.String = 8d2ed35c639d313349d5150015c54869
  .field_app_id : java.lang.String = 
  .field_attachTextColor : java.lang.String = FFFFFF
  .field_attachedEmojiMD5 : [B = [B@a085c6b
  .field_attachedText : java.lang.String = 硬醒
  .field_attr : java.lang.String = 
  .field_captureEnterTime : long = 0
  .field_captureScene : int = 0
  .field_captureStatus : int = 0
  .field_captureUploadCounter : int = 0
  .field_captureUploadErrCode : int = 0
  .field_catalog : int = 81
  .field_cdnUrl : java.lang.String = http://wxapp.tc.qq.com/262/20304/stodownload?m=31fa2d85114d70f4749adc54f090a915&
  .field_content : java.lang.String = 
  .field_custom_meaning : java.lang.String = null
  .field_designerID : java.lang.String = 
  .field_emojiFlag : long = 0
  .field_encrypturl : java.lang.String = http://wxapp.tc.qq.com/262/20304/stodownload?m=552437ce2890fbc99d8aa01931cd7ee8&
  .field_externMd5 : java.lang.String = e4e9fc259e7ea26a531dafd579f938a5
  .field_externUrl : java.lang.String = http://wxapp.tc.qq.com/262/20304/stodownload?m=0f25cb37f419cf311002c007d2a7ed81&
  .field_framesInfo : java.lang.String = 
  .field_groupId : java.lang.String = 
  .field_height : int = 0
  .field_idx : int = 0
  .field_imitateMd5 : java.lang.String = 
  .field_isOcrProcessed : int = 0
  .field_lastUseTime : long = 1779193464705
  .field_lensId : java.lang.String = 
  .field_linkId : java.lang.String = 
  .field_md5 : java.lang.String = 31fa2d85114d70f4749adc54f090a915
  .field_meanings : java.lang.String = null
  .field_name : java.lang.String = 
  .field_needupload : int = 0
  .field_reserved1 : java.lang.String = 
  .field_reserved2 : java.lang.String = 
  .field_reserved3 : int = 1
  .field_reserved4 : int = 1
  .field_size : int = 53970
  .field_source : int = 1
  .field_start : int = 0
  .field_state : int = 3
  .field_storeUnique : int = 0
  .field_svrid : java.lang.String = 
  .field_temp : int = 0
  .field_thumbUrl : java.lang.String = 
  .field_tpauthkey : java.lang.String = null
  .field_tpurl : java.lang.String = null
  .field_type : int = 1
  .field_width : int = 0
  .field_wxamMd5 : java.lang.String = null
  .g : boolean = true
  .h : boolean = true
  .i : boolean = true
  .l1 : boolean = true
  .m : boolean = true
  .n : boolean = true
  .o : boolean = true
  .p : boolean = true
  .p0 : boolean = true
  .p1 : boolean = true
  .q : boolean = true
  .r : boolean = true
  .s : boolean = true
  .t : boolean = true
  .u : boolean = true
  .v : boolean = true
  .v1 : boolean = true
  .w : boolean = true
  .x : boolean = true
  .x0 : boolean = true
  .y : boolean = true
  .y0 : boolean = true
  .z : boolean = true
  .A1 : int = 555704345
  .B1 : int = 3575610
  .C1 : int = 3530753
  .D1 : int = 109757538
  .E1 : int = 109757585
  .F1 : int = 3373707
  .G1 : int = 951530617
  .H1 : int = 2022955529
  .I1 : int = 2022955530
  .J1 : int = 2022955531
  .K1 : int = 2022955532
  .L1 : int = -1411074055
  .M1 : int = 293428218
  .N1 : int = 1736147326
  .O1 : int = -253322636
  .P1 : int = 104125
  .Q1 : int = 3556308
  .R1 : int = -896505829
  .S1 : int = -363311593
  .T1 : int = -28946106
  .U1 : int = 1566917561
  .V1 : int = -1364966910
  .W1 : int = -1512620822
  .X1 : int = -1421131984
  .Y1 : int = 113126854
  .Z1 : int = -1221029593
  .a2 : int = -609031761
  .b2 : int = -609039938
  .c2 : int = 2048620650
  .d2 : int = 110581107
  .e2 : int = 2063396283
  .f2 : int = 1767159665
  .g2 : int = -1664826127
  .h2 : int = 1961195224
  .i2 : int = -212895428
  .j2 : int = -1828144229
  .k2 : int = 1581142539
  .l2 : int = -275695851
  .m2 : int = -1555904225
  .n2 : int = -1106353479
  .o2 : int = 1822793073
  .p2 : int = 755498214
  .q2 : int = 3004913
  .r2 : int = -1102667083
  .s2 : int = -981791210
  .t2 : int = -1141075430
  .u2 : int = 411788079
  .v2 : int = 1686003922
  .w1 : w45.i0 = w45.i0@77a23c8
  .w2 : int = -1776909294
  .x1 : [Ljava.lang.String; = [Ljava.lang.String;@b4e5447
  .x2 : int = 108705909
  .y1 : int = 107902
  .y2 : s45.e0 = s45.e0@3f1b474
  .z1 : int = 109833162
  .z2 : v45.e = v45.e@89d5d9d
  .systemRowid : long = -1
  .COL_ROWID : java.lang.String = rowid
  .FIELD_PREFIX : java.lang.String = field_
  .SYSTEM_ROWID_FIELD : java.lang.String = rowid
  .TAG : java.lang.String = MicroMsg.SDK.IAutoDBItem
  .shadow$_klass_ : java.lang.Class = class com.tencent.mm.storage.emotion.EmojiInfo
  .shadow$_monitor_ : int = 0
[TOP2] com.tencent.mm.plugin.appbrand.appusage.AppBrandRecentTaskInfo  ×128
  .A : int = 0
  .B : boolean = false
  .C : long = 1776746062
  .D : int = 103967
  .E : int = 0
  .F : int = 0
  .G : boolean = false
  .v : java.lang.String = 119855199
  .w : java.lang.String = gh_870576f3c6f9@app
  .x : java.lang.String = 美团丨外卖团购特价美食酒店电影
  .y : java.lang.String = http://wx.qlogo.cn/mmhead/OM4v0FU2h0uaKUxzTLeRmuQ9GibmzugclJyqD36q6AYfaRFUoYALQs
  .z : int = 0
  .d : java.lang.String = gh_870576f3c6f9@app
  .e : java.lang.String = wxde8ac0a21135c07d
  .f : int = 0
  .g : int = 1543
  .h : java.lang.String = 美团丨外卖团购特价美食酒店电影
  .i : java.lang.String = null
  .m : java.lang.String = 
  .n : java.lang.String = http://wx.qlogo.cn/mmhead/OM4v0FU2h0uaKUxzTLeRmuQ9GibmzugclJyqD36q6AYfaRFUoYALQs
  .o : boolean = false
  .p : long = 0
  .q : long = 0
  .r : boolean = false
  .s : java.lang.String = null
  .t : java.lang.String = 
  .u : com.tencent.mm.plugin.appbrand.appusage.AppBrandCommUseInfo = null
  .CREATOR : android.os.Parcelable$Creator = com.tencent.mm.plugin.appbrand.appusage.h6@4f00d22
  .shadow$_klass_ : java.lang.Class = class com.tencent.mm.plugin.appbrand.appusage.AppBrandRecentTaskInfo
  .shadow$_monitor_ : int = 0
[TOP3] uw5.c  ×24
  .a : uw5.e = kotlin.Char
  .b : uw5.c = kotlin
  .c : uw5.c = <root>
  .shadow$_klass_ : java.lang.Class = class uw5.c
  .shadow$_monitor_ : int = 536870912
[TOP4] rc.g  ×23
  .a : java.util.Map = {isCNPayWalletRegion=rc.f@f6276d5, getAccountInfo=rc.f@adfaeea}
  .b : java.util.Map = {}
  .c : java.lang.Class = class com.tencent.mm.plugin.lite.dynamic_module.LiteAppModuleWx
  .d : java.lang.String = wx
  .shadow$_klass_ : java.lang.Class = class rc.g
  .shadow$_monitor_ : int = 0
[TOP5] miui.content.res.ThemeResources$FilterInfo  ×16
  .mFallback : com.miui.internal.content.res.ThemeFallback = com.miui.internal.content.res.ThemeFallback@cefbc18
  .mNightMode : boolean = false
  .mPackages : java.util.HashSet = null
  .mPath : java.lang.String = 
  .mValues : miui.content.res.ThemeValues = miui.content.res.ThemeValues@ff29671
  .shadow$_klass_ : java.lang.Class = class miui.content.res.ThemeResources$FilterInfo
  .shadow$_monitor_ : int = 0
[TOP6] jw1.d  ×12
  .a : int = 1
  .b : int = 16
  .c : boolean = true
  .d : boolean = false
  .e : java.lang.ref.WeakReference = null
  .f : fw1.b = null
  .shadow$_klass_ : java.lang.Class = class jw1.d
  .shadow$_monitor_ : int = 0
[TOP7] kc5.y  ×12
  .d : com.tencent.mm.storage.l4 = com.tencent.mm.storage.l4@1b109c7
  .e : java.lang.CharSequence = 公众号
  .f : java.lang.String = 公众号
  .g : java.lang.CharSequence = 昨天
  .h : java.lang.CharSequence = 快讯: 贵定暴雨致7320人受灾，应急救援工作正有序开展，当地：今晚预报还有中到大雨，存在水位上涨可能
  .i : int = -1
  .m : int = 13
  .n : int = 0
  .o : int = 0
  .p : boolean = false
  .q : boolean = false
  .r : boolean = false
  .s : boolean = false
  .t : boolean = false
  .u : boolean = true
  .v : boolean = false
  .w : z15.fe7 = z15.fe7@a40d58c
  .x : boolean = false
  .y : java.lang.String = null
  .z : int = 1
  .shadow$_klass_ : java.lang.Class = class kc5.y
  .shadow$_monitor_ : int = 0
[TOP8] dalvik.system.DexPathList$NativeLibraryElement  ×11
  .initialized : boolean = false
  .path : java.io.File = /system/app/MiuiContentCatcher/MiuiContentCatcher.apk
  .urlHandler : libcore.io.ClassPathURLStreamHandler = null
  .zipDir : java.lang.String = lib/arm64-v8a
  .shadow$_klass_ : java.lang.Class = class dalvik.system.DexPathList$NativeLibraryElement
  .shadow$_monitor_ : int = 0
[TOP9] wq.y0  ×10
  .a : wq.r = wq.s@c7449e3
  .b : int = -1
  .shadow$_klass_ : java.lang.Class = class wq.y0
  .shadow$_monitor_ : int = 536870912
[TOP10] mx5.a1  ×6
  .e : mx5.c2 = TypedList
  .f : java.util.List = []
  .g : boolean = false
  .h : fx5.s = kx5.h@bd964fd
  .i : fv5.l = yv5.a@d6b5ac0
  .d : int = 0
[TOP11] kc5.c0  ×4
  .d : kc5.n = kc5.n@7e4ce95
  .shadow$_klass_ : java.lang.Class = class kc5.c0
  .shadow$_monitor_ : int = 0
[TOP12] com.android.org.conscrypt.OpenSSLX509Certificate  ×4
  .mContext : long = 495778570760
  .mHashCode : java.lang.Integer = 257618496
  .notAfter : java.util.Date = Sat Sep 12 07:59:59 GMT+08:00 2026
  .notBefore : java.util.Date = Wed Feb 25 08:00:00 GMT+08:00 2026
  .serialVersionUID : long = 1992239142393372128
  .issuerX500Principal : javax.security.auth.x500.X500Principal = null
  .subjectX500Principal : javax.security.auth.x500.X500Principal = null
  .serialVersionUID : long = -2491127588187038216
  .hash : int = 257618496
  .type : java.lang.String = X.509
  .serialVersionUID : long = -3585440601605666277
  .shadow$_klass_ : java.lang.Class = class com.android.org.conscrypt.OpenSSLX509Certificate
  .shadow$_monitor_ : int = 0
[TOP13] za3.u  ×4
  .d : fv5.l = null
  .e : int = -1
  .a : z93.e = null
  .b : ca3.c = null
  .c : java.lang.String = null
  .shadow$_klass_ : java.lang.Class = class za3.u
  .shadow$_monitor_ : int = 0
[TOP14] za3.v  ×4
  .d : fv5.l = null
  .e : int = -1
  .a : z93.e = null
  .b : ca3.c = null
  .c : java.lang.String = null
  .shadow$_klass_ : java.lang.Class = class za3.v
  .shadow$_monitor_ : int = 0
[TOP15] za3.c  ×4
  .d : fv5.l = null
  .e : int = -1
  .a : z93.e = null
  .b : ca3.c = null
  .c : java.lang.String = null
  .shadow$_klass_ : java.lang.Class = class za3.c
  .shadow$_monitor_ : int = 0
==================================================


========== addAll 类名统计（total=1060）==========
[TOP1] com.tencent.mm.storage.emotion.EmojiInfo  ×712
  .A2 : java.lang.String = /data/user/0/com.tencent.mm/MicroMsg/b7c5fabdba77ec4298df1f8e53d9af0c/emoji/
  .B2 : java.lang.String = null
  .C2 : java.lang.String = null
  .D2 : int = 0
  .E2 : int = 2
  .F2 : java.lang.String = 
  .G2 : java.lang.String = null
  .H2 : com.tencent.mm.api.EmotionStrategyInfo = null
  .I2 : fk.z6 = SEND_FROM_SCENE_DEFAULT
  .CREATOR : android.os.Parcelable$Creator = g65.i@c3636e5
  .J2 : s45.e0 = s45.e0@1ed55ba
  .A : boolean = true
  .B : boolean = true
  .C : boolean = true
  .D : boolean = true
  .E : boolean = true
  .F : boolean = true
  .G : boolean = true
  .H : boolean = true
  .I : boolean = true
  .J : boolean = true
  .K : boolean = true
  .L : boolean = true
  .M : boolean = true
  .N : boolean = true
  .P : boolean = true
  .Q : boolean = true
  .R : boolean = true
  .S : boolean = true
  .T : boolean = true
  .U : boolean = true
  .V : boolean = true
  .W : boolean = true
  .X : boolean = true
  .Y : boolean = true
  .Z : boolean = true
  .d : boolean = true
  .e : boolean = true
  .f : boolean = true
  .field_activityid : java.lang.String = Selfie:e5b8090c05e2b96e041b06deaf5c4e3b
  .field_aeskey : java.lang.String = 8d2ed35c639d313349d5150015c54869
  .field_app_id : java.lang.String = 
  .field_attachTextColor : java.lang.String = FFFFFF
  .field_attachedEmojiMD5 : [B = [B@a085c6b
  .field_attachedText : java.lang.String = 硬醒
  .field_attr : java.lang.String = 
  .field_captureEnterTime : long = 0
  .field_captureScene : int = 0
  .field_captureStatus : int = 0
  .field_captureUploadCounter : int = 0
  .field_captureUploadErrCode : int = 0
  .field_catalog : int = 81
  .field_cdnUrl : java.lang.String = http://wxapp.tc.qq.com/262/20304/stodownload?m=31fa2d85114d70f4749adc54f090a915&
  .field_content : java.lang.String = 
  .field_custom_meaning : java.lang.String = null
  .field_designerID : java.lang.String = 
  .field_emojiFlag : long = 0
  .field_encrypturl : java.lang.String = http://wxapp.tc.qq.com/262/20304/stodownload?m=552437ce2890fbc99d8aa01931cd7ee8&
  .field_externMd5 : java.lang.String = e4e9fc259e7ea26a531dafd579f938a5
  .field_externUrl : java.lang.String = http://wxapp.tc.qq.com/262/20304/stodownload?m=0f25cb37f419cf311002c007d2a7ed81&
  .field_framesInfo : java.lang.String = 
  .field_groupId : java.lang.String = 
  .field_height : int = 0
  .field_idx : int = 0
  .field_imitateMd5 : java.lang.String = 
  .field_isOcrProcessed : int = 0
  .field_lastUseTime : long = 1779193464705
  .field_lensId : java.lang.String = 
  .field_linkId : java.lang.String = 
  .field_md5 : java.lang.String = 31fa2d85114d70f4749adc54f090a915
  .field_meanings : java.lang.String = null
  .field_name : java.lang.String = 
  .field_needupload : int = 0
  .field_reserved1 : java.lang.String = 
  .field_reserved2 : java.lang.String = 
  .field_reserved3 : int = 1
  .field_reserved4 : int = 1
  .field_size : int = 53970
  .field_source : int = 1
  .field_start : int = 0
  .field_state : int = 3
  .field_storeUnique : int = 0
  .field_svrid : java.lang.String = 
  .field_temp : int = 0
  .field_thumbUrl : java.lang.String = 
  .field_tpauthkey : java.lang.String = null
  .field_tpurl : java.lang.String = null
  .field_type : int = 1
  .field_width : int = 0
  .field_wxamMd5 : java.lang.String = null
  .g : boolean = true
  .h : boolean = true
  .i : boolean = true
  .l1 : boolean = true
  .m : boolean = true
  .n : boolean = true
  .o : boolean = true
  .p : boolean = true
  .p0 : boolean = true
  .p1 : boolean = true
  .q : boolean = true
  .r : boolean = true
  .s : boolean = true
  .t : boolean = true
  .u : boolean = true
  .v : boolean = true
  .v1 : boolean = true
  .w : boolean = true
  .x : boolean = true
  .x0 : boolean = true
  .y : boolean = true
  .y0 : boolean = true
  .z : boolean = true
  .A1 : int = 555704345
  .B1 : int = 3575610
  .C1 : int = 3530753
  .D1 : int = 109757538
  .E1 : int = 109757585
  .F1 : int = 3373707
  .G1 : int = 951530617
  .H1 : int = 2022955529
  .I1 : int = 2022955530
  .J1 : int = 2022955531
  .K1 : int = 2022955532
  .L1 : int = -1411074055
  .M1 : int = 293428218
  .N1 : int = 1736147326
  .O1 : int = -253322636
  .P1 : int = 104125
  .Q1 : int = 3556308
  .R1 : int = -896505829
  .S1 : int = -363311593
  .T1 : int = -28946106
  .U1 : int = 1566917561
  .V1 : int = -1364966910
  .W1 : int = -1512620822
  .X1 : int = -1421131984
  .Y1 : int = 113126854
  .Z1 : int = -1221029593
  .a2 : int = -609031761
  .b2 : int = -609039938
  .c2 : int = 2048620650
  .d2 : int = 110581107
  .e2 : int = 2063396283
  .f2 : int = 1767159665
  .g2 : int = -1664826127
  .h2 : int = 1961195224
  .i2 : int = -212895428
  .j2 : int = -1828144229
  .k2 : int = 1581142539
  .l2 : int = -275695851
  .m2 : int = -1555904225
  .n2 : int = -1106353479
  .o2 : int = 1822793073
  .p2 : int = 755498214
  .q2 : int = 3004913
  .r2 : int = -1102667083
  .s2 : int = -981791210
  .t2 : int = -1141075430
  .u2 : int = 411788079
  .v2 : int = 1686003922
  .w1 : w45.i0 = w45.i0@77a23c8
  .w2 : int = -1776909294
  .x1 : [Ljava.lang.String; = [Ljava.lang.String;@b4e5447
  .x2 : int = 108705909
  .y1 : int = 107902
  .y2 : s45.e0 = s45.e0@3f1b474
  .z1 : int = 109833162
  .z2 : v45.e = v45.e@89d5d9d
  .systemRowid : long = -1
  .COL_ROWID : java.lang.String = rowid
  .FIELD_PREFIX : java.lang.String = field_
  .SYSTEM_ROWID_FIELD : java.lang.String = rowid
  .TAG : java.lang.String = MicroMsg.SDK.IAutoDBItem
  .shadow$_klass_ : java.lang.Class = class com.tencent.mm.storage.emotion.EmojiInfo
  .shadow$_monitor_ : int = 0
[TOP2] com.tencent.mm.plugin.appbrand.appusage.AppBrandRecentTaskInfo  ×128
  .A : int = 0
  .B : boolean = false
  .C : long = 1776746062
  .D : int = 103967
  .E : int = 0
  .F : int = 0
  .G : boolean = false
  .v : java.lang.String = 119855199
  .w : java.lang.String = gh_870576f3c6f9@app
  .x : java.lang.String = 美团丨外卖团购特价美食酒店电影
  .y : java.lang.String = http://wx.qlogo.cn/mmhead/OM4v0FU2h0uaKUxzTLeRmuQ9GibmzugclJyqD36q6AYfaRFUoYALQs
  .z : int = 0
  .d : java.lang.String = gh_870576f3c6f9@app
  .e : java.lang.String = wxde8ac0a21135c07d
  .f : int = 0
  .g : int = 1543
  .h : java.lang.String = 美团丨外卖团购特价美食酒店电影
  .i : java.lang.String = null
  .m : java.lang.String = 
  .n : java.lang.String = http://wx.qlogo.cn/mmhead/OM4v0FU2h0uaKUxzTLeRmuQ9GibmzugclJyqD36q6AYfaRFUoYALQs
  .o : boolean = false
  .p : long = 0
  .q : long = 0
  .r : boolean = false
  .s : java.lang.String = null
  .t : java.lang.String = 
  .u : com.tencent.mm.plugin.appbrand.appusage.AppBrandCommUseInfo = null
  .CREATOR : android.os.Parcelable$Creator = com.tencent.mm.plugin.appbrand.appusage.h6@4f00d22
  .shadow$_klass_ : java.lang.Class = class com.tencent.mm.plugin.appbrand.appusage.AppBrandRecentTaskInfo
  .shadow$_monitor_ : int = 0
[TOP3] uw5.c  ×24
  .a : uw5.e = kotlin.Char
  .b : uw5.c = kotlin
  .c : uw5.c = <root>
  .shadow$_klass_ : java.lang.Class = class uw5.c
  .shadow$_monitor_ : int = 536870912
[TOP4] rc.g  ×23
  .a : java.util.Map = {isCNPayWalletRegion=rc.f@f6276d5, getAccountInfo=rc.f@adfaeea}
  .b : java.util.Map = {}
  .c : java.lang.Class = class com.tencent.mm.plugin.lite.dynamic_module.LiteAppModuleWx
  .d : java.lang.String = wx
  .shadow$_klass_ : java.lang.Class = class rc.g
  .shadow$_monitor_ : int = 0
[TOP5] miui.content.res.ThemeResources$FilterInfo  ×16
  .mFallback : com.miui.internal.content.res.ThemeFallback = com.miui.internal.content.res.ThemeFallback@cefbc18
  .mNightMode : boolean = false
  .mPackages : java.util.HashSet = null
  .mPath : java.lang.String = 
  .mValues : miui.content.res.ThemeValues = miui.content.res.ThemeValues@ff29671
  .shadow$_klass_ : java.lang.Class = class miui.content.res.ThemeResources$FilterInfo
  .shadow$_monitor_ : int = 0
[TOP6] jw1.d  ×12
  .a : int = 1
  .b : int = 16
  .c : boolean = true
  .d : boolean = false
  .e : java.lang.ref.WeakReference = null
  .f : fw1.b = null
  .shadow$_klass_ : java.lang.Class = class jw1.d
  .shadow$_monitor_ : int = 0
[TOP7] kc5.y  ×12
  .d : com.tencent.mm.storage.l4 = com.tencent.mm.storage.l4@1b109c7
  .e : java.lang.CharSequence = 公众号
  .f : java.lang.String = 公众号
  .g : java.lang.CharSequence = 昨天
  .h : java.lang.CharSequence = 快讯: 贵定暴雨致7320人受灾，应急救援工作正有序开展，当地：今晚预报还有中到大雨，存在水位上涨可能
  .i : int = -1
  .m : int = 13
  .n : int = 0
  .o : int = 0
  .p : boolean = false
  .q : boolean = false
  .r : boolean = false
  .s : boolean = false
  .t : boolean = false
  .u : boolean = true
  .v : boolean = false
  .w : z15.fe7 = z15.fe7@a40d58c
  .x : boolean = false
  .y : java.lang.String = null
  .z : int = 1
  .shadow$_klass_ : java.lang.Class = class kc5.y
  .shadow$_monitor_ : int = 0
[TOP8] dalvik.system.DexPathList$NativeLibraryElement  ×11
  .initialized : boolean = false
  .path : java.io.File = /system/app/MiuiContentCatcher/MiuiContentCatcher.apk
  .urlHandler : libcore.io.ClassPathURLStreamHandler = null
  .zipDir : java.lang.String = lib/arm64-v8a
  .shadow$_klass_ : java.lang.Class = class dalvik.system.DexPathList$NativeLibraryElement
  .shadow$_monitor_ : int = 0
[TOP9] wq.y0  ×10
  .a : wq.r = wq.s@c7449e3
  .b : int = -1
  .shadow$_klass_ : java.lang.Class = class wq.y0
  .shadow$_monitor_ : int = 536870912
[TOP10] mx5.a1  ×6
  .e : mx5.c2 = TypedList
  .f : java.util.List = []
  .g : boolean = false
  .h : fx5.s = kx5.h@bd964fd
  .i : fv5.l = yv5.a@d6b5ac0
  .d : int = 0
[TOP11] kc5.c0  ×4
  .d : kc5.n = kc5.n@7e4ce95
  .shadow$_klass_ : java.lang.Class = class kc5.c0
  .shadow$_monitor_ : int = 0
[TOP12] com.android.org.conscrypt.OpenSSLX509Certificate  ×4
  .mContext : long = 495778570760
  .mHashCode : java.lang.Integer = 257618496
  .notAfter : java.util.Date = Sat Sep 12 07:59:59 GMT+08:00 2026
  .notBefore : java.util.Date = Wed Feb 25 08:00:00 GMT+08:00 2026
  .serialVersionUID : long = 1992239142393372128
  .issuerX500Principal : javax.security.auth.x500.X500Principal = null
  .subjectX500Principal : javax.security.auth.x500.X500Principal = null
  .serialVersionUID : long = -2491127588187038216
  .hash : int = 257618496
  .type : java.lang.String = X.509
  .serialVersionUID : long = -3585440601605666277
  .shadow$_klass_ : java.lang.Class = class com.android.org.conscrypt.OpenSSLX509Certificate
  .shadow$_monitor_ : int = 0
[TOP13] za3.u  ×4
  .d : fv5.l = null
  .e : int = -1
  .a : z93.e = null
  .b : ca3.c = null
  .c : java.lang.String = null
  .shadow$_klass_ : java.lang.Class = class za3.u
  .shadow$_monitor_ : int = 0
[TOP14] za3.v  ×4
  .d : fv5.l = null
  .e : int = -1
  .a : z93.e = null
  .b : ca3.c = null
  .c : java.lang.String = null
  .shadow$_klass_ : java.lang.Class = class za3.v
  .shadow$_monitor_ : int = 0
[TOP15] za3.c  ×4
  .d : fv5.l = null
  .e : int = -1
  .a : z93.e = null
  .b : ca3.c = null
  .c : java.lang.String = null
  .shadow$_klass_ : java.lang.Class = class za3.c
  .shadow$_monitor_ : int = 0
==================================================


========== addAll 类名统计（total=1060）==========
[TOP1] com.tencent.mm.storage.emotion.EmojiInfo  ×712
  .A2 : java.lang.String = /data/user/0/com.tencent.mm/MicroMsg/b7c5fabdba77ec4298df1f8e53d9af0c/emoji/
  .B2 : java.lang.String = null
  .C2 : java.lang.String = null
  .D2 : int = 0
  .E2 : int = 2
  .F2 : java.lang.String = 
  .G2 : java.lang.String = null
  .H2 : com.tencent.mm.api.EmotionStrategyInfo = null
  .I2 : fk.z6 = SEND_FROM_SCENE_DEFAULT
  .CREATOR : android.os.Parcelable$Creator = g65.i@c3636e5
  .J2 : s45.e0 = s45.e0@1ed55ba
  .A : boolean = true
  .B : boolean = true
  .C : boolean = true
  .D : boolean = true
  .E : boolean = true
  .F : boolean = true
  .G : boolean = true
  .H : boolean = true
  .I : boolean = true
  .J : boolean = true
  .K : boolean = true
  .L : boolean = true
  .M : boolean = true
  .N : boolean = true
  .P : boolean = true
  .Q : boolean = true
  .R : boolean = true
  .S : boolean = true
  .T : boolean = true
  .U : boolean = true
  .V : boolean = true
  .W : boolean = true
  .X : boolean = true
  .Y : boolean = true
  .Z : boolean = true
  .d : boolean = true
  .e : boolean = true
  .f : boolean = true
  .field_activityid : java.lang.String = Selfie:e5b8090c05e2b96e041b06deaf5c4e3b
  .field_aeskey : java.lang.String = 8d2ed35c639d313349d5150015c54869
  .field_app_id : java.lang.String = 
  .field_attachTextColor : java.lang.String = FFFFFF
  .field_attachedEmojiMD5 : [B = [B@a085c6b
  .field_attachedText : java.lang.String = 硬醒
  .field_attr : java.lang.String = 
  .field_captureEnterTime : long = 0
  .field_captureScene : int = 0
  .field_captureStatus : int = 0
  .field_captureUploadCounter : int = 0
  .field_captureUploadErrCode : int = 0
  .field_catalog : int = 81
  .field_cdnUrl : java.lang.String = http://wxapp.tc.qq.com/262/20304/stodownload?m=31fa2d85114d70f4749adc54f090a915&
  .field_content : java.lang.String = 
  .field_custom_meaning : java.lang.String = null
  .field_designerID : java.lang.String = 
  .field_emojiFlag : long = 0
  .field_encrypturl : java.lang.String = http://wxapp.tc.qq.com/262/20304/stodownload?m=552437ce2890fbc99d8aa01931cd7ee8&
  .field_externMd5 : java.lang.String = e4e9fc259e7ea26a531dafd579f938a5
  .field_externUrl : java.lang.String = http://wxapp.tc.qq.com/262/20304/stodownload?m=0f25cb37f419cf311002c007d2a7ed81&
  .field_framesInfo : java.lang.String = 
  .field_groupId : java.lang.String = 
  .field_height : int = 0
  .field_idx : int = 0
  .field_imitateMd5 : java.lang.String = 
  .field_isOcrProcessed : int = 0
  .field_lastUseTime : long = 1779193464705
  .field_lensId : java.lang.String = 
  .field_linkId : java.lang.String = 
  .field_md5 : java.lang.String = 31fa2d85114d70f4749adc54f090a915
  .field_meanings : java.lang.String = null
  .field_name : java.lang.String = 
  .field_needupload : int = 0
  .field_reserved1 : java.lang.String = 
  .field_reserved2 : java.lang.String = 
  .field_reserved3 : int = 1
  .field_reserved4 : int = 1
  .field_size : int = 53970
  .field_source : int = 1
  .field_start : int = 0
  .field_state : int = 3
  .field_storeUnique : int = 0
  .field_svrid : java.lang.String = 
  .field_temp : int = 0
  .field_thumbUrl : java.lang.String = 
  .field_tpauthkey : java.lang.String = null
  .field_tpurl : java.lang.String = null
  .field_type : int = 1
  .field_width : int = 0
  .field_wxamMd5 : java.lang.String = null
  .g : boolean = true
  .h : boolean = true
  .i : boolean = true
  .l1 : boolean = true
  .m : boolean = true
  .n : boolean = true
  .o : boolean = true
  .p : boolean = true
  .p0 : boolean = true
  .p1 : boolean = true
  .q : boolean = true
  .r : boolean = true
  .s : boolean = true
  .t : boolean = true
  .u : boolean = true
  .v : boolean = true
  .v1 : boolean = true
  .w : boolean = true
  .x : boolean = true
  .x0 : boolean = true
  .y : boolean = true
  .y0 : boolean = true
  .z : boolean = true
  .A1 : int = 555704345
  .B1 : int = 3575610
  .C1 : int = 3530753
  .D1 : int = 109757538
  .E1 : int = 109757585
  .F1 : int = 3373707
  .G1 : int = 951530617
  .H1 : int = 2022955529
  .I1 : int = 2022955530
  .J1 : int = 2022955531
  .K1 : int = 2022955532
  .L1 : int = -1411074055
  .M1 : int = 293428218
  .N1 : int = 1736147326
  .O1 : int = -253322636
  .P1 : int = 104125
  .Q1 : int = 3556308
  .R1 : int = -896505829
  .S1 : int = -363311593
  .T1 : int = -28946106
  .U1 : int = 1566917561
  .V1 : int = -1364966910
  .W1 : int = -1512620822
  .X1 : int = -1421131984
  .Y1 : int = 113126854
  .Z1 : int = -1221029593
  .a2 : int = -609031761
  .b2 : int = -609039938
  .c2 : int = 2048620650
  .d2 : int = 110581107
  .e2 : int = 2063396283
  .f2 : int = 1767159665
  .g2 : int = -1664826127
  .h2 : int = 1961195224
  .i2 : int = -212895428
  .j2 : int = -1828144229
  .k2 : int = 1581142539
  .l2 : int = -275695851
  .m2 : int = -1555904225
  .n2 : int = -1106353479
  .o2 : int = 1822793073
  .p2 : int = 755498214
  .q2 : int = 3004913
  .r2 : int = -1102667083
  .s2 : int = -981791210
  .t2 : int = -1141075430
  .u2 : int = 411788079
  .v2 : int = 1686003922
  .w1 : w45.i0 = w45.i0@77a23c8
  .w2 : int = -1776909294
  .x1 : [Ljava.lang.String; = [Ljava.lang.String;@b4e5447
  .x2 : int = 108705909
  .y1 : int = 107902
  .y2 : s45.e0 = s45.e0@3f1b474
  .z1 : int = 109833162
  .z2 : v45.e = v45.e@89d5d9d
  .systemRowid : long = -1
  .COL_ROWID : java.lang.String = rowid
  .FIELD_PREFIX : java.lang.String = field_
  .SYSTEM_ROWID_FIELD : java.lang.String = rowid
  .TAG : java.lang.String = MicroMsg.SDK.IAutoDBItem
  .shadow$_klass_ : java.lang.Class = class com.tencent.mm.storage.emotion.EmojiInfo
  .shadow$_monitor_ : int = 0
[TOP2] com.tencent.mm.plugin.appbrand.appusage.AppBrandRecentTaskInfo  ×128
  .A : int = 0
  .B : boolean = false
  .C : long = 1776746062
  .D : int = 103967
  .E : int = 0
  .F : int = 0
  .G : boolean = false
  .v : java.lang.String = 119855199
  .w : java.lang.String = gh_870576f3c6f9@app
  .x : java.lang.String = 美团丨外卖团购特价美食酒店电影
  .y : java.lang.String = http://wx.qlogo.cn/mmhead/OM4v0FU2h0uaKUxzTLeRmuQ9GibmzugclJyqD36q6AYfaRFUoYALQs
  .z : int = 0
  .d : java.lang.String = gh_870576f3c6f9@app
  .e : java.lang.String = wxde8ac0a21135c07d
  .f : int = 0
  .g : int = 1543
  .h : java.lang.String = 美团丨外卖团购特价美食酒店电影
  .i : java.lang.String = null
  .m : java.lang.String = 
  .n : java.lang.String = http://wx.qlogo.cn/mmhead/OM4v0FU2h0uaKUxzTLeRmuQ9GibmzugclJyqD36q6AYfaRFUoYALQs
  .o : boolean = false
  .p : long = 0
  .q : long = 0
  .r : boolean = false
  .s : java.lang.String = null
  .t : java.lang.String = 
  .u : com.tencent.mm.plugin.appbrand.appusage.AppBrandCommUseInfo = null
  .CREATOR : android.os.Parcelable$Creator = com.tencent.mm.plugin.appbrand.appusage.h6@4f00d22
  .shadow$_klass_ : java.lang.Class = class com.tencent.mm.plugin.appbrand.appusage.AppBrandRecentTaskInfo
  .shadow$_monitor_ : int = 0
[TOP3] uw5.c  ×24
  .a : uw5.e = kotlin.Char
  .b : uw5.c = kotlin
  .c : uw5.c = <root>
  .shadow$_klass_ : java.lang.Class = class uw5.c
  .shadow$_monitor_ : int = 536870912
[TOP4] rc.g  ×23
  .a : java.util.Map = {isCNPayWalletRegion=rc.f@f6276d5, getAccountInfo=rc.f@adfaeea}
  .b : java.util.Map = {}
  .c : java.lang.Class = class com.tencent.mm.plugin.lite.dynamic_module.LiteAppModuleWx
  .d : java.lang.String = wx
  .shadow$_klass_ : java.lang.Class = class rc.g
  .shadow$_monitor_ : int = 0
[TOP5] miui.content.res.ThemeResources$FilterInfo  ×16
  .mFallback : com.miui.internal.content.res.ThemeFallback = com.miui.internal.content.res.ThemeFallback@cefbc18
  .mNightMode : boolean = false
  .mPackages : java.util.HashSet = null
  .mPath : java.lang.String = 
  .mValues : miui.content.res.ThemeValues = miui.content.res.ThemeValues@ff29671
  .shadow$_klass_ : java.lang.Class = class miui.content.res.ThemeResources$FilterInfo
  .shadow$_monitor_ : int = 0
[TOP6] jw1.d  ×12
  .a : int = 1
  .b : int = 16
  .c : boolean = true
  .d : boolean = false
  .e : java.lang.ref.WeakReference = null
  .f : fw1.b = null
  .shadow$_klass_ : java.lang.Class = class jw1.d
  .shadow$_monitor_ : int = 0
[TOP7] kc5.y  ×12
  .d : com.tencent.mm.storage.l4 = com.tencent.mm.storage.l4@1b109c7
  .e : java.lang.CharSequence = 公众号
  .f : java.lang.String = 公众号
  .g : java.lang.CharSequence = 昨天
  .h : java.lang.CharSequence = 快讯: 贵定暴雨致7320人受灾，应急救援工作正有序开展，当地：今晚预报还有中到大雨，存在水位上涨可能
  .i : int = -1
  .m : int = 13
  .n : int = 0
  .o : int = 0
  .p : boolean = false
  .q : boolean = false
  .r : boolean = false
  .s : boolean = false
  .t : boolean = false
  .u : boolean = true
  .v : boolean = false
  .w : z15.fe7 = z15.fe7@a40d58c
  .x : boolean = false
  .y : java.lang.String = null
  .z : int = 1
  .shadow$_klass_ : java.lang.Class = class kc5.y
  .shadow$_monitor_ : int = 0
[TOP8] dalvik.system.DexPathList$NativeLibraryElement  ×11
  .initialized : boolean = false
  .path : java.io.File = /system/app/MiuiContentCatcher/MiuiContentCatcher.apk
  .urlHandler : libcore.io.ClassPathURLStreamHandler = null
  .zipDir : java.lang.String = lib/arm64-v8a
  .shadow$_klass_ : java.lang.Class = class dalvik.system.DexPathList$NativeLibraryElement
  .shadow$_monitor_ : int = 0
[TOP9] wq.y0  ×10
  .a : wq.r = wq.s@c7449e3
  .b : int = -1
  .shadow$_klass_ : java.lang.Class = class wq.y0
  .shadow$_monitor_ : int = 536870912
[TOP10] mx5.a1  ×6
  .e : mx5.c2 = TypedList
  .f : java.util.List = []
  .g : boolean = false
  .h : fx5.s = kx5.h@bd964fd
  .i : fv5.l = yv5.a@d6b5ac0
  .d : int = 0
[TOP11] kc5.c0  ×4
  .d : kc5.n = kc5.n@7e4ce95
  .shadow$_klass_ : java.lang.Class = class kc5.c0
  .shadow$_monitor_ : int = 0
[TOP12] com.android.org.conscrypt.OpenSSLX509Certificate  ×4
  .mContext : long = 495778570760
  .mHashCode : java.lang.Integer = 257618496
  .notAfter : java.util.Date = Sat Sep 12 07:59:59 GMT+08:00 2026
  .notBefore : java.util.Date = Wed Feb 25 08:00:00 GMT+08:00 2026
  .serialVersionUID : long = 1992239142393372128
  .issuerX500Principal : javax.security.auth.x500.X500Principal = null
  .subjectX500Principal : javax.security.auth.x500.X500Principal = null
  .serialVersionUID : long = -2491127588187038216
  .hash : int = 257618496
  .type : java.lang.String = X.509
  .serialVersionUID : long = -3585440601605666277
  .shadow$_klass_ : java.lang.Class = class com.android.org.conscrypt.OpenSSLX509Certificate
  .shadow$_monitor_ : int = 0
[TOP13] za3.u  ×4
  .d : fv5.l = null
  .e : int = -1
  .a : z93.e = null
  .b : ca3.c = null
  .c : java.lang.String = null
  .shadow$_klass_ : java.lang.Class = class za3.u
  .shadow$_monitor_ : int = 0
[TOP14] za3.v  ×4
  .d : fv5.l = null
  .e : int = -1
  .a : z93.e = null
  .b : ca3.c = null
  .c : java.lang.String = null
  .shadow$_klass_ : java.lang.Class = class za3.v
  .shadow$_monitor_ : int = 0
[TOP15] za3.c  ×4
  .d : fv5.l = null
  .e : int = -1
  .a : z93.e = null
  .b : ca3.c = null
  .c : java.lang.String = null
  .shadow$_klass_ : java.lang.Class = class za3.c
  .shadow$_monitor_ : int = 0
==================================================


========== addAll 类名统计（total=1060）==========
[TOP1] com.tencent.mm.storage.emotion.EmojiInfo  ×712
  .A2 : java.lang.String = /data/user/0/com.tencent.mm/MicroMsg/b7c5fabdba77ec4298df1f8e53d9af0c/emoji/
  .B2 : java.lang.String = null
  .C2 : java.lang.String = null
  .D2 : int = 0
  .E2 : int = 2
  .F2 : java.lang.String = 
  .G2 : java.lang.String = null
  .H2 : com.tencent.mm.api.EmotionStrategyInfo = null
  .I2 : fk.z6 = SEND_FROM_SCENE_DEFAULT
  .CREATOR : android.os.Parcelable$Creator = g65.i@c3636e5
  .J2 : s45.e0 = s45.e0@1ed55ba
  .A : boolean = true
  .B : boolean = true
  .C : boolean = true
  .D : boolean = true
  .E : boolean = true
  .F : boolean = true
  .G : boolean = true
  .H : boolean = true
  .I : boolean = true
  .J : boolean = true
  .K : boolean = true
  .L : boolean = true
  .M : boolean = true
  .N : boolean = true
  .P : boolean = true
  .Q : boolean = true
  .R : boolean = true
  .S : boolean = true
  .T : boolean = true
  .U : boolean = true
  .V : boolean = true
  .W : boolean = true
  .X : boolean = true
  .Y : boolean = true
  .Z : boolean = true
  .d : boolean = true
  .e : boolean = true
  .f : boolean = true
  .field_activityid : java.lang.String = Selfie:e5b8090c05e2b96e041b06deaf5c4e3b
  .field_aeskey : java.lang.String = 8d2ed35c639d313349d5150015c54869
  .field_app_id : java.lang.String = 
  .field_attachTextColor : java.lang.String = FFFFFF
  .field_attachedEmojiMD5 : [B = [B@a085c6b
  .field_attachedText : java.lang.String = 硬醒
  .field_attr : java.lang.String = 
  .field_captureEnterTime : long = 0
  .field_captureScene : int = 0
  .field_captureStatus : int = 0
  .field_captureUploadCounter : int = 0
  .field_captureUploadErrCode : int = 0
  .field_catalog : int = 81
  .field_cdnUrl : java.lang.String = http://wxapp.tc.qq.com/262/20304/stodownload?m=31fa2d85114d70f4749adc54f090a915&
  .field_content : java.lang.String = 
  .field_custom_meaning : java.lang.String = null
  .field_designerID : java.lang.String = 
  .field_emojiFlag : long = 0
  .field_encrypturl : java.lang.String = http://wxapp.tc.qq.com/262/20304/stodownload?m=552437ce2890fbc99d8aa01931cd7ee8&
  .field_externMd5 : java.lang.String = e4e9fc259e7ea26a531dafd579f938a5
  .field_externUrl : java.lang.String = http://wxapp.tc.qq.com/262/20304/stodownload?m=0f25cb37f419cf311002c007d2a7ed81&
  .field_framesInfo : java.lang.String = 
  .field_groupId : java.lang.String = 
  .field_height : int = 0
  .field_idx : int = 0
  .field_imitateMd5 : java.lang.String = 
  .field_isOcrProcessed : int = 0
  .field_lastUseTime : long = 1779193464705
  .field_lensId : java.lang.String = 
  .field_linkId : java.lang.String = 
  .field_md5 : java.lang.String = 31fa2d85114d70f4749adc54f090a915
  .field_meanings : java.lang.String = null
  .field_name : java.lang.String = 
  .field_needupload : int = 0
  .field_reserved1 : java.lang.String = 
  .field_reserved2 : java.lang.String = 
  .field_reserved3 : int = 1
  .field_reserved4 : int = 1
  .field_size : int = 53970
  .field_source : int = 1
  .field_start : int = 0
  .field_state : int = 3
  .field_storeUnique : int = 0
  .field_svrid : java.lang.String = 
  .field_temp : int = 0
  .field_thumbUrl : java.lang.String = 
  .field_tpauthkey : java.lang.String = null
  .field_tpurl : java.lang.String = null
  .field_type : int = 1
  .field_width : int = 0
  .field_wxamMd5 : java.lang.String = null
  .g : boolean = true
  .h : boolean = true
  .i : boolean = true
  .l1 : boolean = true
  .m : boolean = true
  .n : boolean = true
  .o : boolean = true
  .p : boolean = true
  .p0 : boolean = true
  .p1 : boolean = true
  .q : boolean = true
  .r : boolean = true
  .s : boolean = true
  .t : boolean = true
  .u : boolean = true
  .v : boolean = true
  .v1 : boolean = true
  .w : boolean = true
  .x : boolean = true
  .x0 : boolean = true
  .y : boolean = true
  .y0 : boolean = true
  .z : boolean = true
  .A1 : int = 555704345
  .B1 : int = 3575610
  .C1 : int = 3530753
  .D1 : int = 109757538
  .E1 : int = 109757585
  .F1 : int = 3373707
  .G1 : int = 951530617
  .H1 : int = 2022955529
  .I1 : int = 2022955530
  .J1 : int = 2022955531
  .K1 : int = 2022955532
  .L1 : int = -1411074055
  .M1 : int = 293428218
  .N1 : int = 1736147326
  .O1 : int = -253322636
  .P1 : int = 104125
  .Q1 : int = 3556308
  .R1 : int = -896505829
  .S1 : int = -363311593
  .T1 : int = -28946106
  .U1 : int = 1566917561
  .V1 : int = -1364966910
  .W1 : int = -1512620822
  .X1 : int = -1421131984
  .Y1 : int = 113126854
  .Z1 : int = -1221029593
  .a2 : int = -609031761
  .b2 : int = -609039938
  .c2 : int = 2048620650
  .d2 : int = 110581107
  .e2 : int = 2063396283
  .f2 : int = 1767159665
  .g2 : int = -1664826127
  .h2 : int = 1961195224
  .i2 : int = -212895428
  .j2 : int = -1828144229
  .k2 : int = 1581142539
  .l2 : int = -275695851
  .m2 : int = -1555904225
  .n2 : int = -1106353479
  .o2 : int = 1822793073
  .p2 : int = 755498214
  .q2 : int = 3004913
  .r2 : int = -1102667083
  .s2 : int = -981791210
  .t2 : int = -1141075430
  .u2 : int = 411788079
  .v2 : int = 1686003922
  .w1 : w45.i0 = w45.i0@77a23c8
  .w2 : int = -1776909294
  .x1 : [Ljava.lang.String; = [Ljava.lang.String;@b4e5447
  .x2 : int = 108705909
  .y1 : int = 107902
  .y2 : s45.e0 = s45.e0@3f1b474
  .z1 : int = 109833162
  .z2 : v45.e = v45.e@89d5d9d
  .systemRowid : long = -1
  .COL_ROWID : java.lang.String = rowid
  .FIELD_PREFIX : java.lang.String = field_
  .SYSTEM_ROWID_FIELD : java.lang.String = rowid
  .TAG : java.lang.String = MicroMsg.SDK.IAutoDBItem
  .shadow$_klass_ : java.lang.Class = class com.tencent.mm.storage.emotion.EmojiInfo
  .shadow$_monitor_ : int = 0
[TOP2] com.tencent.mm.plugin.appbrand.appusage.AppBrandRecentTaskInfo  ×128
  .A : int = 0
  .B : boolean = false
  .C : long = 1776746062
  .D : int = 103967
  .E : int = 0
  .F : int = 0
  .G : boolean = false
  .v : java.lang.String = 119855199
  .w : java.lang.String = gh_870576f3c6f9@app
  .x : java.lang.String = 美团丨外卖团购特价美食酒店电影
  .y : java.lang.String = http://wx.qlogo.cn/mmhead/OM4v0FU2h0uaKUxzTLeRmuQ9GibmzugclJyqD36q6AYfaRFUoYALQs
  .z : int = 0
  .d : java.lang.String = gh_870576f3c6f9@app
  .e : java.lang.String = wxde8ac0a21135c07d
  .f : int = 0
  .g : int = 1543
  .h : java.lang.String = 美团丨外卖团购特价美食酒店电影
  .i : java.lang.String = null
  .m : java.lang.String = 
  .n : java.lang.String = http://wx.qlogo.cn/mmhead/OM4v0FU2h0uaKUxzTLeRmuQ9GibmzugclJyqD36q6AYfaRFUoYALQs
  .o : boolean = false
  .p : long = 0
  .q : long = 0
  .r : boolean = false
  .s : java.lang.String = null
  .t : java.lang.String = 
  .u : com.tencent.mm.plugin.appbrand.appusage.AppBrandCommUseInfo = null
  .CREATOR : android.os.Parcelable$Creator = com.tencent.mm.plugin.appbrand.appusage.h6@4f00d22
  .shadow$_klass_ : java.lang.Class = class com.tencent.mm.plugin.appbrand.appusage.AppBrandRecentTaskInfo
  .shadow$_monitor_ : int = 0
[TOP3] uw5.c  ×24
  .a : uw5.e = kotlin.Char
  .b : uw5.c = kotlin
  .c : uw5.c = <root>
  .shadow$_klass_ : java.lang.Class = class uw5.c
  .shadow$_monitor_ : int = 536870912
[TOP4] rc.g  ×23
  .a : java.util.Map = {isCNPayWalletRegion=rc.f@f6276d5, getAccountInfo=rc.f@adfaeea}
  .b : java.util.Map = {}
  .c : java.lang.Class = class com.tencent.mm.plugin.lite.dynamic_module.LiteAppModuleWx
  .d : java.lang.String = wx
  .shadow$_klass_ : java.lang.Class = class rc.g
  .shadow$_monitor_ : int = 0
[TOP5] miui.content.res.ThemeResources$FilterInfo  ×16
  .mFallback : com.miui.internal.content.res.ThemeFallback = com.miui.internal.content.res.ThemeFallback@cefbc18
  .mNightMode : boolean = false
  .mPackages : java.util.HashSet = null
  .mPath : java.lang.String = 
  .mValues : miui.content.res.ThemeValues = miui.content.res.ThemeValues@ff29671
  .shadow$_klass_ : java.lang.Class = class miui.content.res.ThemeResources$FilterInfo
  .shadow$_monitor_ : int = 0
[TOP6] jw1.d  ×12
  .a : int = 1
  .b : int = 16
  .c : boolean = true
  .d : boolean = false
  .e : java.lang.ref.WeakReference = null
  .f : fw1.b = null
  .shadow$_klass_ : java.lang.Class = class jw1.d
  .shadow$_monitor_ : int = 0
[TOP7] kc5.y  ×12
  .d : com.tencent.mm.storage.l4 = com.tencent.mm.storage.l4@1b109c7
  .e : java.lang.CharSequence = 公众号
  .f : java.lang.String = 公众号
  .g : java.lang.CharSequence = 昨天
  .h : java.lang.CharSequence = 快讯: 贵定暴雨致7320人受灾，应急救援工作正有序开展，当地：今晚预报还有中到大雨，存在水位上涨可能
  .i : int = -1
  .m : int = 13
  .n : int = 0
  .o : int = 0
  .p : boolean = false
  .q : boolean = false
  .r : boolean = false
  .s : boolean = false
  .t : boolean = false
  .u : boolean = true
  .v : boolean = false
  .w : z15.fe7 = z15.fe7@a40d58c
  .x : boolean = false
  .y : java.lang.String = null
  .z : int = 1
  .shadow$_klass_ : java.lang.Class = class kc5.y
  .shadow$_monitor_ : int = 0
[TOP8] dalvik.system.DexPathList$NativeLibraryElement  ×11
  .initialized : boolean = false
  .path : java.io.File = /system/app/MiuiContentCatcher/MiuiContentCatcher.apk
  .urlHandler : libcore.io.ClassPathURLStreamHandler = null
  .zipDir : java.lang.String = lib/arm64-v8a
  .shadow$_klass_ : java.lang.Class = class dalvik.system.DexPathList$NativeLibraryElement
  .shadow$_monitor_ : int = 0
[TOP9] wq.y0  ×10
  .a : wq.r = wq.s@c7449e3
  .b : int = -1
  .shadow$_klass_ : java.lang.Class = class wq.y0
  .shadow$_monitor_ : int = 536870912
[TOP10] mx5.a1  ×6
  .e : mx5.c2 = TypedList
  .f : java.util.List = []
  .g : boolean = false
  .h : fx5.s = kx5.h@bd964fd
  .i : fv5.l = yv5.a@d6b5ac0
  .d : int = 0
[TOP11] kc5.c0  ×4
  .d : kc5.n = kc5.n@7e4ce95
  .shadow$_klass_ : java.lang.Class = class kc5.c0
  .shadow$_monitor_ : int = 0
[TOP12] com.android.org.conscrypt.OpenSSLX509Certificate  ×4
  .mContext : long = 495778570760
  .mHashCode : java.lang.Integer = 257618496
  .notAfter : java.util.Date = Sat Sep 12 07:59:59 GMT+08:00 2026
  .notBefore : java.util.Date = Wed Feb 25 08:00:00 GMT+08:00 2026
  .serialVersionUID : long = 1992239142393372128
  .issuerX500Principal : javax.security.auth.x500.X500Principal = null
  .subjectX500Principal : javax.security.auth.x500.X500Principal = null
  .serialVersionUID : long = -2491127588187038216
  .hash : int = 257618496
  .type : java.lang.String = X.509
  .serialVersionUID : long = -3585440601605666277
  .shadow$_klass_ : java.lang.Class = class com.android.org.conscrypt.OpenSSLX509Certificate
  .shadow$_monitor_ : int = 0
[TOP13] za3.u  ×4
  .d : fv5.l = null
  .e : int = -1
  .a : z93.e = null
  .b : ca3.c = null
  .c : java.lang.String = null
  .shadow$_klass_ : java.lang.Class = class za3.u
  .shadow$_monitor_ : int = 0
[TOP14] za3.v  ×4
  .d : fv5.l = null
  .e : int = -1
  .a : z93.e = null
  .b : ca3.c = null
  .c : java.lang.String = null
  .shadow$_klass_ : java.lang.Class = class za3.v
  .shadow$_monitor_ : int = 0
[TOP15] za3.c  ×4
  .d : fv5.l = null
  .e : int = -1
  .a : z93.e = null
  .b : ca3.c = null
  .c : java.lang.String = null
  .shadow$_klass_ : java.lang.Class = class za3.c
  .shadow$_monitor_ : int = 0
==================================================


========== addAll 类名统计（total=1060）==========
[TOP1] com.tencent.mm.storage.emotion.EmojiInfo  ×712
  .A2 : java.lang.String = /data/user/0/com.tencent.mm/MicroMsg/b7c5fabdba77ec4298df1f8e53d9af0c/emoji/
  .B2 : java.lang.String = null
  .C2 : java.lang.String = null
  .D2 : int = 0
  .E2 : int = 2
  .F2 : java.lang.String = 
  .G2 : java.lang.String = null
  .H2 : com.tencent.mm.api.EmotionStrategyInfo = null
  .I2 : fk.z6 = SEND_FROM_SCENE_DEFAULT
  .CREATOR : android.os.Parcelable$Creator = g65.i@c3636e5
  .J2 : s45.e0 = s45.e0@1ed55ba
  .A : boolean = true
  .B : boolean = true
  .C : boolean = true
  .D : boolean = true
  .E : boolean = true
  .F : boolean = true
  .G : boolean = true
  .H : boolean = true
  .I : boolean = true
  .J : boolean = true
  .K : boolean = true
  .L : boolean = true
  .M : boolean = true
  .N : boolean = true
  .P : boolean = true
  .Q : boolean = true
  .R : boolean = true
  .S : boolean = true
  .T : boolean = true
  .U : boolean = true
  .V : boolean = true
  .W : boolean = true
  .X : boolean = true
  .Y : boolean = true
  .Z : boolean = true
  .d : boolean = true
  .e : boolean = true
  .f : boolean = true
  .field_activityid : java.lang.String = Selfie:e5b8090c05e2b96e041b06deaf5c4e3b
  .field_aeskey : java.lang.String = 8d2ed35c639d313349d5150015c54869
  .field_app_id : java.lang.String = 
  .field_attachTextColor : java.lang.String = FFFFFF
  .field_attachedEmojiMD5 : [B = [B@a085c6b
  .field_attachedText : java.lang.String = 硬醒
  .field_attr : java.lang.String = 
  .field_captureEnterTime : long = 0
  .field_captureScene : int = 0
  .field_captureStatus : int = 0
  .field_captureUploadCounter : int = 0
  .field_captureUploadErrCode : int = 0
  .field_catalog : int = 81
  .field_cdnUrl : java.lang.String = http://wxapp.tc.qq.com/262/20304/stodownload?m=31fa2d85114d70f4749adc54f090a915&
  .field_content : java.lang.String = 
  .field_custom_meaning : java.lang.String = null
  .field_designerID : java.lang.String = 
  .field_emojiFlag : long = 0
  .field_encrypturl : java.lang.String = http://wxapp.tc.qq.com/262/20304/stodownload?m=552437ce2890fbc99d8aa01931cd7ee8&
  .field_externMd5 : java.lang.String = e4e9fc259e7ea26a531dafd579f938a5
  .field_externUrl : java.lang.String = http://wxapp.tc.qq.com/262/20304/stodownload?m=0f25cb37f419cf311002c007d2a7ed81&
  .field_framesInfo : java.lang.String = 
  .field_groupId : java.lang.String = 
  .field_height : int = 0
  .field_idx : int = 0
  .field_imitateMd5 : java.lang.String = 
  .field_isOcrProcessed : int = 0
  .field_lastUseTime : long = 1779193464705
  .field_lensId : java.lang.String = 
  .field_linkId : java.lang.String = 
  .field_md5 : java.lang.String = 31fa2d85114d70f4749adc54f090a915
  .field_meanings : java.lang.String = null
  .field_name : java.lang.String = 
  .field_needupload : int = 0
  .field_reserved1 : java.lang.String = 
  .field_reserved2 : java.lang.String = 
  .field_reserved3 : int = 1
  .field_reserved4 : int = 1
  .field_size : int = 53970
  .field_source : int = 1
  .field_start : int = 0
  .field_state : int = 3
  .field_storeUnique : int = 0
  .field_svrid : java.lang.String = 
  .field_temp : int = 0
  .field_thumbUrl : java.lang.String = 
  .field_tpauthkey : java.lang.String = null
  .field_tpurl : java.lang.String = null
  .field_type : int = 1
  .field_width : int = 0
  .field_wxamMd5 : java.lang.String = null
  .g : boolean = true
  .h : boolean = true
  .i : boolean = true
  .l1 : boolean = true
  .m : boolean = true
  .n : boolean = true
  .o : boolean = true
  .p : boolean = true
  .p0 : boolean = true
  .p1 : boolean = true
  .q : boolean = true
  .r : boolean = true
  .s : boolean = true
  .t : boolean = true
  .u : boolean = true
  .v : boolean = true
  .v1 : boolean = true
  .w : boolean = true
  .x : boolean = true
  .x0 : boolean = true
  .y : boolean = true
  .y0 : boolean = true
  .z : boolean = true
  .A1 : int = 555704345
  .B1 : int = 3575610
  .C1 : int = 3530753
  .D1 : int = 109757538
  .E1 : int = 109757585
  .F1 : int = 3373707
  .G1 : int = 951530617
  .H1 : int = 2022955529
  .I1 : int = 2022955530
  .J1 : int = 2022955531
  .K1 : int = 2022955532
  .L1 : int = -1411074055
  .M1 : int = 293428218
  .N1 : int = 1736147326
  .O1 : int = -253322636
  .P1 : int = 104125
  .Q1 : int = 3556308
  .R1 : int = -896505829
  .S1 : int = -363311593
  .T1 : int = -28946106
  .U1 : int = 1566917561
  .V1 : int = -1364966910
  .W1 : int = -1512620822
  .X1 : int = -1421131984
  .Y1 : int = 113126854
  .Z1 : int = -1221029593
  .a2 : int = -609031761
  .b2 : int = -609039938
  .c2 : int = 2048620650
  .d2 : int = 110581107
  .e2 : int = 2063396283
  .f2 : int = 1767159665
  .g2 : int = -1664826127
  .h2 : int = 1961195224
  .i2 : int = -212895428
  .j2 : int = -1828144229
  .k2 : int = 1581142539
  .l2 : int = -275695851
  .m2 : int = -1555904225
  .n2 : int = -1106353479
  .o2 : int = 1822793073
  .p2 : int = 755498214
  .q2 : int = 3004913
  .r2 : int = -1102667083
  .s2 : int = -981791210
  .t2 : int = -1141075430
  .u2 : int = 411788079
  .v2 : int = 1686003922
  .w1 : w45.i0 = w45.i0@77a23c8
  .w2 : int = -1776909294
  .x1 : [Ljava.lang.String; = [Ljava.lang.String;@b4e5447
  .x2 : int = 108705909
  .y1 : int = 107902
  .y2 : s45.e0 = s45.e0@3f1b474
  .z1 : int = 109833162
  .z2 : v45.e = v45.e@89d5d9d
  .systemRowid : long = -1
  .COL_ROWID : java.lang.String = rowid
  .FIELD_PREFIX : java.lang.String = field_
  .SYSTEM_ROWID_FIELD : java.lang.String = rowid
  .TAG : java.lang.String = MicroMsg.SDK.IAutoDBItem
  .shadow$_klass_ : java.lang.Class = class com.tencent.mm.storage.emotion.EmojiInfo
  .shadow$_monitor_ : int = 0
[TOP2] com.tencent.mm.plugin.appbrand.appusage.AppBrandRecentTaskInfo  ×128
  .A : int = 0
  .B : boolean = false
  .C : long = 1776746062
  .D : int = 103967
  .E : int = 0
  .F : int = 0
  .G : boolean = false
  .v : java.lang.String = 119855199
  .w : java.lang.String = gh_870576f3c6f9@app
  .x : java.lang.String = 美团丨外卖团购特价美食酒店电影
  .y : java.lang.String = http://wx.qlogo.cn/mmhead/OM4v0FU2h0uaKUxzTLeRmuQ9GibmzugclJyqD36q6AYfaRFUoYALQs
  .z : int = 0
  .d : java.lang.String = gh_870576f3c6f9@app
  .e : java.lang.String = wxde8ac0a21135c07d
  .f : int = 0
  .g : int = 1543
  .h : java.lang.String = 美团丨外卖团购特价美食酒店电影
  .i : java.lang.String = null
  .m : java.lang.String = 
  .n : java.lang.String = http://wx.qlogo.cn/mmhead/OM4v0FU2h0uaKUxzTLeRmuQ9GibmzugclJyqD36q6AYfaRFUoYALQs
  .o : boolean = false
  .p : long = 0
  .q : long = 0
  .r : boolean = false
  .s : java.lang.String = null
  .t : java.lang.String = 
  .u : com.tencent.mm.plugin.appbrand.appusage.AppBrandCommUseInfo = null
  .CREATOR : android.os.Parcelable$Creator = com.tencent.mm.plugin.appbrand.appusage.h6@4f00d22
  .shadow$_klass_ : java.lang.Class = class com.tencent.mm.plugin.appbrand.appusage.AppBrandRecentTaskInfo
  .shadow$_monitor_ : int = 0
[TOP3] uw5.c  ×24
  .a : uw5.e = kotlin.Char
  .b : uw5.c = kotlin
  .c : uw5.c = <root>
  .shadow$_klass_ : java.lang.Class = class uw5.c
  .shadow$_monitor_ : int = 536870912
[TOP4] rc.g  ×23
  .a : java.util.Map = {isCNPayWalletRegion=rc.f@f6276d5, getAccountInfo=rc.f@adfaeea}
  .b : java.util.Map = {}
  .c : java.lang.Class = class com.tencent.mm.plugin.lite.dynamic_module.LiteAppModuleWx
  .d : java.lang.String = wx
  .shadow$_klass_ : java.lang.Class = class rc.g
  .shadow$_monitor_ : int = 0
[TOP5] miui.content.res.ThemeResources$FilterInfo  ×16
  .mFallback : com.miui.internal.content.res.ThemeFallback = com.miui.internal.content.res.ThemeFallback@cefbc18
  .mNightMode : boolean = false
  .mPackages : java.util.HashSet = null
  .mPath : java.lang.String = 
  .mValues : miui.content.res.ThemeValues = miui.content.res.ThemeValues@ff29671
  .shadow$_klass_ : java.lang.Class = class miui.content.res.ThemeResources$FilterInfo
  .shadow$_monitor_ : int = 0
[TOP6] jw1.d  ×12
  .a : int = 1
  .b : int = 16
  .c : boolean = true
  .d : boolean = false
  .e : java.lang.ref.WeakReference = null
  .f : fw1.b = null
  .shadow$_klass_ : java.lang.Class = class jw1.d
  .shadow$_monitor_ : int = 0
[TOP7] kc5.y  ×12
  .d : com.tencent.mm.storage.l4 = com.tencent.mm.storage.l4@1b109c7
  .e : java.lang.CharSequence = 公众号
  .f : java.lang.String = 公众号
  .g : java.lang.CharSequence = 昨天
  .h : java.lang.CharSequence = 快讯: 贵定暴雨致7320人受灾，应急救援工作正有序开展，当地：今晚预报还有中到大雨，存在水位上涨可能
  .i : int = -1
  .m : int = 13
  .n : int = 0
  .o : int = 0
  .p : boolean = false
  .q : boolean = false
  .r : boolean = false
  .s : boolean = false
  .t : boolean = false
  .u : boolean = true
  .v : boolean = false
  .w : z15.fe7 = z15.fe7@a40d58c
  .x : boolean = false
  .y : java.lang.String = null
  .z : int = 1
  .shadow$_klass_ : java.lang.Class = class kc5.y
  .shadow$_monitor_ : int = 0
[TOP8] dalvik.system.DexPathList$NativeLibraryElement  ×11
  .initialized : boolean = false
  .path : java.io.File = /system/app/MiuiContentCatcher/MiuiContentCatcher.apk
  .urlHandler : libcore.io.ClassPathURLStreamHandler = null
  .zipDir : java.lang.String = lib/arm64-v8a
  .shadow$_klass_ : java.lang.Class = class dalvik.system.DexPathList$NativeLibraryElement
  .shadow$_monitor_ : int = 0
[TOP9] wq.y0  ×10
  .a : wq.r = wq.s@c7449e3
  .b : int = -1
  .shadow$_klass_ : java.lang.Class = class wq.y0
  .shadow$_monitor_ : int = 536870912
[TOP10] mx5.a1  ×6
  .e : mx5.c2 = TypedList
  .f : java.util.List = []
  .g : boolean = false
  .h : fx5.s = kx5.h@bd964fd
  .i : fv5.l = yv5.a@d6b5ac0
  .d : int = 0
[TOP11] kc5.c0  ×4
  .d : kc5.n = kc5.n@7e4ce95
  .shadow$_klass_ : java.lang.Class = class kc5.c0
  .shadow$_monitor_ : int = 0
[TOP12] com.android.org.conscrypt.OpenSSLX509Certificate  ×4
  .mContext : long = 495778570760
  .mHashCode : java.lang.Integer = 257618496
  .notAfter : java.util.Date = Sat Sep 12 07:59:59 GMT+08:00 2026
  .notBefore : java.util.Date = Wed Feb 25 08:00:00 GMT+08:00 2026
  .serialVersionUID : long = 1992239142393372128
  .issuerX500Principal : javax.security.auth.x500.X500Principal = null
  .subjectX500Principal : javax.security.auth.x500.X500Principal = null
  .serialVersionUID : long = -2491127588187038216
  .hash : int = 257618496
  .type : java.lang.String = X.509
  .serialVersionUID : long = -3585440601605666277
  .shadow$_klass_ : java.lang.Class = class com.android.org.conscrypt.OpenSSLX509Certificate
  .shadow$_monitor_ : int = 0
[TOP13] za3.u  ×4
  .d : fv5.l = null
  .e : int = -1
  .a : z93.e = null
  .b : ca3.c = null
  .c : java.lang.String = null
  .shadow$_klass_ : java.lang.Class = class za3.u
  .shadow$_monitor_ : int = 0
[TOP14] za3.v  ×4
  .d : fv5.l = null
  .e : int = -1
  .a : z93.e = null
  .b : ca3.c = null
  .c : java.lang.String = null
  .shadow$_klass_ : java.lang.Class = class za3.v
  .shadow$_monitor_ : int = 0
[TOP15] za3.c  ×4
  .d : fv5.l = null
  .e : int = -1
  .a : z93.e = null
  .b : ca3.c = null
  .c : java.lang.String = null
  .shadow$_klass_ : java.lang.Class = class za3.c
  .shadow$_monitor_ : int = 0
==================================================


========== addAll 类名统计（total=1060）==========
[TOP1] com.tencent.mm.storage.emotion.EmojiInfo  ×712
  .A2 : java.lang.String = /data/user/0/com.tencent.mm/MicroMsg/b7c5fabdba77ec4298df1f8e53d9af0c/emoji/
  .B2 : java.lang.String = null
  .C2 : java.lang.String = null
  .D2 : int = 0
  .E2 : int = 2
  .F2 : java.lang.String = 
  .G2 : java.lang.String = null
  .H2 : com.tencent.mm.api.EmotionStrategyInfo = null
  .I2 : fk.z6 = SEND_FROM_SCENE_DEFAULT
  .CREATOR : android.os.Parcelable$Creator = g65.i@c3636e5
  .J2 : s45.e0 = s45.e0@1ed55ba
  .A : boolean = true
  .B : boolean = true
  .C : boolean = true
  .D : boolean = true
  .E : boolean = true
  .F : boolean = true
  .G : boolean = true
  .H : boolean = true
  .I : boolean = true
  .J : boolean = true
  .K : boolean = true
  .L : boolean = true
  .M : boolean = true
  .N : boolean = true
  .P : boolean = true
  .Q : boolean = true
  .R : boolean = true
  .S : boolean = true
  .T : boolean = true
  .U : boolean = true
  .V : boolean = true
  .W : boolean = true
  .X : boolean = true
  .Y : boolean = true
  .Z : boolean = true
  .d : boolean = true
  .e : boolean = true
  .f : boolean = true
  .field_activityid : java.lang.String = Selfie:e5b8090c05e2b96e041b06deaf5c4e3b
  .field_aeskey : java.lang.String = 8d2ed35c639d313349d5150015c54869
  .field_app_id : java.lang.String = 
  .field_attachTextColor : java.lang.String = FFFFFF
  .field_attachedEmojiMD5 : [B = [B@a085c6b
  .field_attachedText : java.lang.String = 硬醒
  .field_attr : java.lang.String = 
  .field_captureEnterTime : long = 0
  .field_captureScene : int = 0
  .field_captureStatus : int = 0
  .field_captureUploadCounter : int = 0
  .field_captureUploadErrCode : int = 0
  .field_catalog : int = 81
  .field_cdnUrl : java.lang.String = http://wxapp.tc.qq.com/262/20304/stodownload?m=31fa2d85114d70f4749adc54f090a915&
  .field_content : java.lang.String = 
  .field_custom_meaning : java.lang.String = null
  .field_designerID : java.lang.String = 
  .field_emojiFlag : long = 0
  .field_encrypturl : java.lang.String = http://wxapp.tc.qq.com/262/20304/stodownload?m=552437ce2890fbc99d8aa01931cd7ee8&
  .field_externMd5 : java.lang.String = e4e9fc259e7ea26a531dafd579f938a5
  .field_externUrl : java.lang.String = http://wxapp.tc.qq.com/262/20304/stodownload?m=0f25cb37f419cf311002c007d2a7ed81&
  .field_framesInfo : java.lang.String = 
  .field_groupId : java.lang.String = 
  .field_height : int = 0
  .field_idx : int = 0
  .field_imitateMd5 : java.lang.String = 
  .field_isOcrProcessed : int = 0
  .field_lastUseTime : long = 1779193464705
  .field_lensId : java.lang.String = 
  .field_linkId : java.lang.String = 
  .field_md5 : java.lang.String = 31fa2d85114d70f4749adc54f090a915
  .field_meanings : java.lang.String = null
  .field_name : java.lang.String = 
  .field_needupload : int = 0
  .field_reserved1 : java.lang.String = 
  .field_reserved2 : java.lang.String = 
  .field_reserved3 : int = 1
  .field_reserved4 : int = 1
  .field_size : int = 53970
  .field_source : int = 1
  .field_start : int = 0
  .field_state : int = 3
  .field_storeUnique : int = 0
  .field_svrid : java.lang.String = 
  .field_temp : int = 0
  .field_thumbUrl : java.lang.String = 
  .field_tpauthkey : java.lang.String = null
  .field_tpurl : java.lang.String = null
  .field_type : int = 1
  .field_width : int = 0
  .field_wxamMd5 : java.lang.String = null
  .g : boolean = true
  .h : boolean = true
  .i : boolean = true
  .l1 : boolean = true
  .m : boolean = true
  .n : boolean = true
  .o : boolean = true
  .p : boolean = true
  .p0 : boolean = true
  .p1 : boolean = true
  .q : boolean = true
  .r : boolean = true
  .s : boolean = true
  .t : boolean = true
  .u : boolean = true
  .v : boolean = true
  .v1 : boolean = true
  .w : boolean = true
  .x : boolean = true
  .x0 : boolean = true
  .y : boolean = true
  .y0 : boolean = true
  .z : boolean = true
  .A1 : int = 555704345
  .B1 : int = 3575610
  .C1 : int = 3530753
  .D1 : int = 109757538
  .E1 : int = 109757585
  .F1 : int = 3373707
  .G1 : int = 951530617
  .H1 : int = 2022955529
  .I1 : int = 2022955530
  .J1 : int = 2022955531
  .K1 : int = 2022955532
  .L1 : int = -1411074055
  .M1 : int = 293428218
  .N1 : int = 1736147326
  .O1 : int = -253322636
  .P1 : int = 104125
  .Q1 : int = 3556308
  .R1 : int = -896505829
  .S1 : int = -363311593
  .T1 : int = -28946106
  .U1 : int = 1566917561
  .V1 : int = -1364966910
  .W1 : int = -1512620822
  .X1 : int = -1421131984
  .Y1 : int = 113126854
  .Z1 : int = -1221029593
  .a2 : int = -609031761
  .b2 : int = -609039938
  .c2 : int = 2048620650
  .d2 : int = 110581107
  .e2 : int = 2063396283
  .f2 : int = 1767159665
  .g2 : int = -1664826127
  .h2 : int = 1961195224
  .i2 : int = -212895428
  .j2 : int = -1828144229
  .k2 : int = 1581142539
  .l2 : int = -275695851
  .m2 : int = -1555904225
  .n2 : int = -1106353479
  .o2 : int = 1822793073
  .p2 : int = 755498214
  .q2 : int = 3004913
  .r2 : int = -1102667083
  .s2 : int = -981791210
  .t2 : int = -1141075430
  .u2 : int = 411788079
  .v2 : int = 1686003922
  .w1 : w45.i0 = w45.i0@77a23c8
  .w2 : int = -1776909294
  .x1 : [Ljava.lang.String; = [Ljava.lang.String;@b4e5447
  .x2 : int = 108705909
  .y1 : int = 107902
  .y2 : s45.e0 = s45.e0@3f1b474
  .z1 : int = 109833162
  .z2 : v45.e = v45.e@89d5d9d
  .systemRowid : long = -1
  .COL_ROWID : java.lang.String = rowid
  .FIELD_PREFIX : java.lang.String = field_
  .SYSTEM_ROWID_FIELD : java.lang.String = rowid
  .TAG : java.lang.String = MicroMsg.SDK.IAutoDBItem
  .shadow$_klass_ : java.lang.Class = class com.tencent.mm.storage.emotion.EmojiInfo
  .shadow$_monitor_ : int = 0
[TOP2] com.tencent.mm.plugin.appbrand.appusage.AppBrandRecentTaskInfo  ×128
  .A : int = 0
  .B : boolean = false
  .C : long = 1776746062
  .D : int = 103967
  .E : int = 0
  .F : int = 0
  .G : boolean = false
  .v : java.lang.String = 119855199
  .w : java.lang.String = gh_870576f3c6f9@app
  .x : java.lang.String = 美团丨外卖团购特价美食酒店电影
  .y : java.lang.String = http://wx.qlogo.cn/mmhead/OM4v0FU2h0uaKUxzTLeRmuQ9GibmzugclJyqD36q6AYfaRFUoYALQs
  .z : int = 0
  .d : java.lang.String = gh_870576f3c6f9@app
  .e : java.lang.String = wxde8ac0a21135c07d
  .f : int = 0
  .g : int = 1543
  .h : java.lang.String = 美团丨外卖团购特价美食酒店电影
  .i : java.lang.String = null
  .m : java.lang.String = 
  .n : java.lang.String = http://wx.qlogo.cn/mmhead/OM4v0FU2h0uaKUxzTLeRmuQ9GibmzugclJyqD36q6AYfaRFUoYALQs
  .o : boolean = false
  .p : long = 0
  .q : long = 0
  .r : boolean = false
  .s : java.lang.String = null
  .t : java.lang.String = 
  .u : com.tencent.mm.plugin.appbrand.appusage.AppBrandCommUseInfo = null
  .CREATOR : android.os.Parcelable$Creator = com.tencent.mm.plugin.appbrand.appusage.h6@4f00d22
  .shadow$_klass_ : java.lang.Class = class com.tencent.mm.plugin.appbrand.appusage.AppBrandRecentTaskInfo
  .shadow$_monitor_ : int = 0
[TOP3] uw5.c  ×24
  .a : uw5.e = kotlin.Char
  .b : uw5.c = kotlin
  .c : uw5.c = <root>
  .shadow$_klass_ : java.lang.Class = class uw5.c
  .shadow$_monitor_ : int = 536870912
[TOP4] rc.g  ×23
  .a : java.util.Map = {isCNPayWalletRegion=rc.f@f6276d5, getAccountInfo=rc.f@adfaeea}
  .b : java.util.Map = {}
  .c : java.lang.Class = class com.tencent.mm.plugin.lite.dynamic_module.LiteAppModuleWx
  .d : java.lang.String = wx
  .shadow$_klass_ : java.lang.Class = class rc.g
  .shadow$_monitor_ : int = 0
[TOP5] miui.content.res.ThemeResources$FilterInfo  ×16
  .mFallback : com.miui.internal.content.res.ThemeFallback = com.miui.internal.content.res.ThemeFallback@cefbc18
  .mNightMode : boolean = false
  .mPackages : java.util.HashSet = null
  .mPath : java.lang.String = 
  .mValues : miui.content.res.ThemeValues = miui.content.res.ThemeValues@ff29671
  .shadow$_klass_ : java.lang.Class = class miui.content.res.ThemeResources$FilterInfo
  .shadow$_monitor_ : int = 0
[TOP6] jw1.d  ×12
  .a : int = 1
  .b : int = 16
  .c : boolean = true
  .d : boolean = false
  .e : java.lang.ref.WeakReference = null
  .f : fw1.b = null
  .shadow$_klass_ : java.lang.Class = class jw1.d
  .shadow$_monitor_ : int = 0
[TOP7] kc5.y  ×12
  .d : com.tencent.mm.storage.l4 = com.tencent.mm.storage.l4@1b109c7
  .e : java.lang.CharSequence = 公众号
  .f : java.lang.String = 公众号
  .g : java.lang.CharSequence = 昨天
  .h : java.lang.CharSequence = 快讯: 贵定暴雨致7320人受灾，应急救援工作正有序开展，当地：今晚预报还有中到大雨，存在水位上涨可能
  .i : int = -1
  .m : int = 13
  .n : int = 0
  .o : int = 0
  .p : boolean = false
  .q : boolean = false
  .r : boolean = false
  .s : boolean = false
  .t : boolean = false
  .u : boolean = true
  .v : boolean = false
  .w : z15.fe7 = z15.fe7@a40d58c
  .x : boolean = false
  .y : java.lang.String = null
  .z : int = 1
  .shadow$_klass_ : java.lang.Class = class kc5.y
  .shadow$_monitor_ : int = 0
[TOP8] dalvik.system.DexPathList$NativeLibraryElement  ×11
  .initialized : boolean = false
  .path : java.io.File = /system/app/MiuiContentCatcher/MiuiContentCatcher.apk
  .urlHandler : libcore.io.ClassPathURLStreamHandler = null
  .zipDir : java.lang.String = lib/arm64-v8a
  .shadow$_klass_ : java.lang.Class = class dalvik.system.DexPathList$NativeLibraryElement
  .shadow$_monitor_ : int = 0
[TOP9] wq.y0  ×10
  .a : wq.r = wq.s@c7449e3
  .b : int = -1
  .shadow$_klass_ : java.lang.Class = class wq.y0
  .shadow$_monitor_ : int = 536870912
[TOP10] mx5.a1  ×6
  .e : mx5.c2 = TypedList
  .f : java.util.List = []
  .g : boolean = false
  .h : fx5.s = kx5.h@bd964fd
  .i : fv5.l = yv5.a@d6b5ac0
  .d : int = 0
[TOP11] kc5.c0  ×4
  .d : kc5.n = kc5.n@7e4ce95
  .shadow$_klass_ : java.lang.Class = class kc5.c0
  .shadow$_monitor_ : int = 0
[TOP12] com.android.org.conscrypt.OpenSSLX509Certificate  ×4
  .mContext : long = 495778570760
  .mHashCode : java.lang.Integer = 257618496
  .notAfter : java.util.Date = Sat Sep 12 07:59:59 GMT+08:00 2026
  .notBefore : java.util.Date = Wed Feb 25 08:00:00 GMT+08:00 2026
  .serialVersionUID : long = 1992239142393372128
  .issuerX500Principal : javax.security.auth.x500.X500Principal = null
  .subjectX500Principal : javax.security.auth.x500.X500Principal = null
  .serialVersionUID : long = -2491127588187038216
  .hash : int = 257618496
  .type : java.lang.String = X.509
  .serialVersionUID : long = -3585440601605666277
  .shadow$_klass_ : java.lang.Class = class com.android.org.conscrypt.OpenSSLX509Certificate
  .shadow$_monitor_ : int = 0
[TOP13] za3.u  ×4
  .d : fv5.l = null
  .e : int = -1
  .a : z93.e = null
  .b : ca3.c = null
  .c : java.lang.String = null
  .shadow$_klass_ : java.lang.Class = class za3.u
  .shadow$_monitor_ : int = 0
[TOP14] za3.v  ×4
  .d : fv5.l = null
  .e : int = -1
  .a : z93.e = null
  .b : ca3.c = null
  .c : java.lang.String = null
  .shadow$_klass_ : java.lang.Class = class za3.v
  .shadow$_monitor_ : int = 0
[TOP15] za3.c  ×4
  .d : fv5.l = null
  .e : int = -1
  .a : z93.e = null
  .b : ca3.c = null
  .c : java.lang.String = null
  .shadow$_klass_ : java.lang.Class = class za3.c
  .shadow$_monitor_ : int = 0
==================================================


========== addAll 类名统计（total=1060）==========
[TOP1] com.tencent.mm.storage.emotion.EmojiInfo  ×712
  .A2 : java.lang.String = /data/user/0/com.tencent.mm/MicroMsg/b7c5fabdba77ec4298df1f8e53d9af0c/emoji/
  .B2 : java.lang.String = null
  .C2 : java.lang.String = null
  .D2 : int = 0
  .E2 : int = 2
  .F2 : java.lang.String = 
  .G2 : java.lang.String = null
  .H2 : com.tencent.mm.api.EmotionStrategyInfo = null
  .I2 : fk.z6 = SEND_FROM_SCENE_DEFAULT
  .CREATOR : android.os.Parcelable$Creator = g65.i@c3636e5
  .J2 : s45.e0 = s45.e0@1ed55ba
  .A : boolean = true
  .B : boolean = true
  .C : boolean = true
  .D : boolean = true
  .E : boolean = true
  .F : boolean = true
  .G : boolean = true
  .H : boolean = true
  .I : boolean = true
  .J : boolean = true
  .K : boolean = true
  .L : boolean = true
  .M : boolean = true
  .N : boolean = true
  .P : boolean = true
  .Q : boolean = true
  .R : boolean = true
  .S : boolean = true
  .T : boolean = true
  .U : boolean = true
  .V : boolean = true
  .W : boolean = true
  .X : boolean = true
  .Y : boolean = true
  .Z : boolean = true
  .d : boolean = true
  .e : boolean = true
  .f : boolean = true
  .field_activityid : java.lang.String = Selfie:e5b8090c05e2b96e041b06deaf5c4e3b
  .field_aeskey : java.lang.String = 8d2ed35c639d313349d5150015c54869
  .field_app_id : java.lang.String = 
  .field_attachTextColor : java.lang.String = FFFFFF
  .field_attachedEmojiMD5 : [B = [B@a085c6b
  .field_attachedText : java.lang.String = 硬醒
  .field_attr : java.lang.String = 
  .field_captureEnterTime : long = 0
  .field_captureScene : int = 0
  .field_captureStatus : int = 0
  .field_captureUploadCounter : int = 0
  .field_captureUploadErrCode : int = 0
  .field_catalog : int = 81
  .field_cdnUrl : java.lang.String = http://wxapp.tc.qq.com/262/20304/stodownload?m=31fa2d85114d70f4749adc54f090a915&
  .field_content : java.lang.String = 
  .field_custom_meaning : java.lang.String = null
  .field_designerID : java.lang.String = 
  .field_emojiFlag : long = 0
  .field_encrypturl : java.lang.String = http://wxapp.tc.qq.com/262/20304/stodownload?m=552437ce2890fbc99d8aa01931cd7ee8&
  .field_externMd5 : java.lang.String = e4e9fc259e7ea26a531dafd579f938a5
  .field_externUrl : java.lang.String = http://wxapp.tc.qq.com/262/20304/stodownload?m=0f25cb37f419cf311002c007d2a7ed81&
  .field_framesInfo : java.lang.String = 
  .field_groupId : java.lang.String = 
  .field_height : int = 0
  .field_idx : int = 0
  .field_imitateMd5 : java.lang.String = 
  .field_isOcrProcessed : int = 0
  .field_lastUseTime : long = 1779193464705
  .field_lensId : java.lang.String = 
  .field_linkId : java.lang.String = 
  .field_md5 : java.lang.String = 31fa2d85114d70f4749adc54f090a915
  .field_meanings : java.lang.String = null
  .field_name : java.lang.String = 
  .field_needupload : int = 0
  .field_reserved1 : java.lang.String = 
  .field_reserved2 : java.lang.String = 
  .field_reserved3 : int = 1
  .field_reserved4 : int = 1
  .field_size : int = 53970
  .field_source : int = 1
  .field_start : int = 0
  .field_state : int = 3
  .field_storeUnique : int = 0
  .field_svrid : java.lang.String = 
  .field_temp : int = 0
  .field_thumbUrl : java.lang.String = 
  .field_tpauthkey : java.lang.String = null
  .field_tpurl : java.lang.String = null
  .field_type : int = 1
  .field_width : int = 0
  .field_wxamMd5 : java.lang.String = null
  .g : boolean = true
  .h : boolean = true
  .i : boolean = true
  .l1 : boolean = true
  .m : boolean = true
  .n : boolean = true
  .o : boolean = true
  .p : boolean = true
  .p0 : boolean = true
  .p1 : boolean = true
  .q : boolean = true
  .r : boolean = true
  .s : boolean = true
  .t : boolean = true
  .u : boolean = true
  .v : boolean = true
  .v1 : boolean = true
  .w : boolean = true
  .x : boolean = true
  .x0 : boolean = true
  .y : boolean = true
  .y0 : boolean = true
  .z : boolean = true
  .A1 : int = 555704345
  .B1 : int = 3575610
  .C1 : int = 3530753
  .D1 : int = 109757538
  .E1 : int = 109757585
  .F1 : int = 3373707
  .G1 : int = 951530617
  .H1 : int = 2022955529
  .I1 : int = 2022955530
  .J1 : int = 2022955531
  .K1 : int = 2022955532
  .L1 : int = -1411074055
  .M1 : int = 293428218
  .N1 : int = 1736147326
  .O1 : int = -253322636
  .P1 : int = 104125
  .Q1 : int = 3556308
  .R1 : int = -896505829
  .S1 : int = -363311593
  .T1 : int = -28946106
  .U1 : int = 1566917561
  .V1 : int = -1364966910
  .W1 : int = -1512620822
  .X1 : int = -1421131984
  .Y1 : int = 113126854
  .Z1 : int = -1221029593
  .a2 : int = -609031761
  .b2 : int = -609039938
  .c2 : int = 2048620650
  .d2 : int = 110581107
  .e2 : int = 2063396283
  .f2 : int = 1767159665
  .g2 : int = -1664826127
  .h2 : int = 1961195224
  .i2 : int = -212895428
  .j2 : int = -1828144229
  .k2 : int = 1581142539
  .l2 : int = -275695851
  .m2 : int = -1555904225
  .n2 : int = -1106353479
  .o2 : int = 1822793073
  .p2 : int = 755498214
  .q2 : int = 3004913
  .r2 : int = -1102667083
  .s2 : int = -981791210
  .t2 : int = -1141075430
  .u2 : int = 411788079
  .v2 : int = 1686003922
  .w1 : w45.i0 = w45.i0@77a23c8
  .w2 : int = -1776909294
  .x1 : [Ljava.lang.String; = [Ljava.lang.String;@b4e5447
  .x2 : int = 108705909
  .y1 : int = 107902
  .y2 : s45.e0 = s45.e0@3f1b474
  .z1 : int = 109833162
  .z2 : v45.e = v45.e@89d5d9d
  .systemRowid : long = -1
  .COL_ROWID : java.lang.String = rowid
  .FIELD_PREFIX : java.lang.String = field_
  .SYSTEM_ROWID_FIELD : java.lang.String = rowid
  .TAG : java.lang.String = MicroMsg.SDK.IAutoDBItem
  .shadow$_klass_ : java.lang.Class = class com.tencent.mm.storage.emotion.EmojiInfo
  .shadow$_monitor_ : int = 0
[TOP2] com.tencent.mm.plugin.appbrand.appusage.AppBrandRecentTaskInfo  ×128
  .A : int = 0
  .B : boolean = false
  .C : long = 1776746062
  .D : int = 103967
  .E : int = 0
  .F : int = 0
  .G : boolean = false
  .v : java.lang.String = 119855199
  .w : java.lang.String = gh_870576f3c6f9@app
  .x : java.lang.String = 美团丨外卖团购特价美食酒店电影
  .y : java.lang.String = http://wx.qlogo.cn/mmhead/OM4v0FU2h0uaKUxzTLeRmuQ9GibmzugclJyqD36q6AYfaRFUoYALQs
  .z : int = 0
  .d : java.lang.String = gh_870576f3c6f9@app
  .e : java.lang.String = wxde8ac0a21135c07d
  .f : int = 0
  .g : int = 1543
  .h : java.lang.String = 美团丨外卖团购特价美食酒店电影
  .i : java.lang.String = null
  .m : java.lang.String = 
  .n : java.lang.String = http://wx.qlogo.cn/mmhead/OM4v0FU2h0uaKUxzTLeRmuQ9GibmzugclJyqD36q6AYfaRFUoYALQs
  .o : boolean = false
  .p : long = 0
  .q : long = 0
  .r : boolean = false
  .s : java.lang.String = null
  .t : java.lang.String = 
  .u : com.tencent.mm.plugin.appbrand.appusage.AppBrandCommUseInfo = null
  .CREATOR : android.os.Parcelable$Creator = com.tencent.mm.plugin.appbrand.appusage.h6@4f00d22
  .shadow$_klass_ : java.lang.Class = class com.tencent.mm.plugin.appbrand.appusage.AppBrandRecentTaskInfo
  .shadow$_monitor_ : int = 0
[TOP3] uw5.c  ×24
  .a : uw5.e = kotlin.Char
  .b : uw5.c = kotlin
  .c : uw5.c = <root>
  .shadow$_klass_ : java.lang.Class = class uw5.c
  .shadow$_monitor_ : int = 536870912
[TOP4] rc.g  ×23
  .a : java.util.Map = {isCNPayWalletRegion=rc.f@f6276d5, getAccountInfo=rc.f@adfaeea}
  .b : java.util.Map = {}
  .c : java.lang.Class = class com.tencent.mm.plugin.lite.dynamic_module.LiteAppModuleWx
  .d : java.lang.String = wx
  .shadow$_klass_ : java.lang.Class = class rc.g
  .shadow$_monitor_ : int = 0
[TOP5] miui.content.res.ThemeResources$FilterInfo  ×16
  .mFallback : com.miui.internal.content.res.ThemeFallback = com.miui.internal.content.res.ThemeFallback@cefbc18
  .mNightMode : boolean = false
  .mPackages : java.util.HashSet = null
  .mPath : java.lang.String = 
  .mValues : miui.content.res.ThemeValues = miui.content.res.ThemeValues@ff29671
  .shadow$_klass_ : java.lang.Class = class miui.content.res.ThemeResources$FilterInfo
  .shadow$_monitor_ : int = 0
[TOP6] jw1.d  ×12
  .a : int = 1
  .b : int = 16
  .c : boolean = true
  .d : boolean = false
  .e : java.lang.ref.WeakReference = null
  .f : fw1.b = null
  .shadow$_klass_ : java.lang.Class = class jw1.d
  .shadow$_monitor_ : int = 0
[TOP7] kc5.y  ×12
  .d : com.tencent.mm.storage.l4 = com.tencent.mm.storage.l4@1b109c7
  .e : java.lang.CharSequence = 公众号
  .f : java.lang.String = 公众号
  .g : java.lang.CharSequence = 昨天
  .h : java.lang.CharSequence = 快讯: 贵定暴雨致7320人受灾，应急救援工作正有序开展，当地：今晚预报还有中到大雨，存在水位上涨可能
  .i : int = -1
  .m : int = 13
  .n : int = 0
  .o : int = 0
  .p : boolean = false
  .q : boolean = false
  .r : boolean = false
  .s : boolean = false
  .t : boolean = false
  .u : boolean = true
  .v : boolean = false
  .w : z15.fe7 = z15.fe7@a40d58c
  .x : boolean = false
  .y : java.lang.String = null
  .z : int = 1
  .shadow$_klass_ : java.lang.Class = class kc5.y
  .shadow$_monitor_ : int = 0
[TOP8] dalvik.system.DexPathList$NativeLibraryElement  ×11
  .initialized : boolean = false
  .path : java.io.File = /system/app/MiuiContentCatcher/MiuiContentCatcher.apk
  .urlHandler : libcore.io.ClassPathURLStreamHandler = null
  .zipDir : java.lang.String = lib/arm64-v8a
  .shadow$_klass_ : java.lang.Class = class dalvik.system.DexPathList$NativeLibraryElement
  .shadow$_monitor_ : int = 0
[TOP9] wq.y0  ×10
  .a : wq.r = wq.s@c7449e3
  .b : int = -1
  .shadow$_klass_ : java.lang.Class = class wq.y0
  .shadow$_monitor_ : int = 536870912
[TOP10] mx5.a1  ×6
  .e : mx5.c2 = TypedList
  .f : java.util.List = []
  .g : boolean = false
  .h : fx5.s = kx5.h@bd964fd
  .i : fv5.l = yv5.a@d6b5ac0
  .d : int = 0
[TOP11] kc5.c0  ×4
  .d : kc5.n = kc5.n@7e4ce95
  .shadow$_klass_ : java.lang.Class = class kc5.c0
  .shadow$_monitor_ : int = 0
[TOP12] com.android.org.conscrypt.OpenSSLX509Certificate  ×4
  .mContext : long = 495778570760
  .mHashCode : java.lang.Integer = 257618496
  .notAfter : java.util.Date = Sat Sep 12 07:59:59 GMT+08:00 2026
  .notBefore : java.util.Date = Wed Feb 25 08:00:00 GMT+08:00 2026
  .serialVersionUID : long = 1992239142393372128
  .issuerX500Principal : javax.security.auth.x500.X500Principal = null
  .subjectX500Principal : javax.security.auth.x500.X500Principal = null
  .serialVersionUID : long = -2491127588187038216
  .hash : int = 257618496
  .type : java.lang.String = X.509
  .serialVersionUID : long = -3585440601605666277
  .shadow$_klass_ : java.lang.Class = class com.android.org.conscrypt.OpenSSLX509Certificate
  .shadow$_monitor_ : int = 0
[TOP13] za3.u  ×4
  .d : fv5.l = null
  .e : int = -1
  .a : z93.e = null
  .b : ca3.c = null
  .c : java.lang.String = null
  .shadow$_klass_ : java.lang.Class = class za3.u
  .shadow$_monitor_ : int = 0
[TOP14] za3.v  ×4
  .d : fv5.l = null
  .e : int = -1
  .a : z93.e = null
  .b : ca3.c = null
  .c : java.lang.String = null
  .shadow$_klass_ : java.lang.Class = class za3.v
  .shadow$_monitor_ : int = 0
[TOP15] za3.c  ×4
  .d : fv5.l = null
  .e : int = -1
  .a : z93.e = null
  .b : ca3.c = null
  .c : java.lang.String = null
  .shadow$_klass_ : java.lang.Class = class za3.c
  .shadow$_monitor_ : int = 0
==================================================


========== addAll 类名统计（total=1060）==========
[TOP1] com.tencent.mm.storage.emotion.EmojiInfo  ×712
  .A2 : java.lang.String = /data/user/0/com.tencent.mm/MicroMsg/b7c5fabdba77ec4298df1f8e53d9af0c/emoji/
  .B2 : java.lang.String = null
  .C2 : java.lang.String = null
  .D2 : int = 0
  .E2 : int = 2
  .F2 : java.lang.String = 
  .G2 : java.lang.String = null
  .H2 : com.tencent.mm.api.EmotionStrategyInfo = null
  .I2 : fk.z6 = SEND_FROM_SCENE_DEFAULT
  .CREATOR : android.os.Parcelable$Creator = g65.i@c3636e5
  .J2 : s45.e0 = s45.e0@1ed55ba
  .A : boolean = true
  .B : boolean = true
  .C : boolean = true
  .D : boolean = true
  .E : boolean = true
  .F : boolean = true
  .G : boolean = true
  .H : boolean = true
  .I : boolean = true
  .J : boolean = true
  .K : boolean = true
  .L : boolean = true
  .M : boolean = true
  .N : boolean = true
  .P : boolean = true
  .Q : boolean = true
  .R : boolean = true
  .S : boolean = true
  .T : boolean = true
  .U : boolean = true
  .V : boolean = true
  .W : boolean = true
  .X : boolean = true
  .Y : boolean = true
  .Z : boolean = true
  .d : boolean = true
  .e : boolean = true
  .f : boolean = true
  .field_activityid : java.lang.String = Selfie:e5b8090c05e2b96e041b06deaf5c4e3b
  .field_aeskey : java.lang.String = 8d2ed35c639d313349d5150015c54869
  .field_app_id : java.lang.String = 
  .field_attachTextColor : java.lang.String = FFFFFF
  .field_attachedEmojiMD5 : [B = [B@a085c6b
  .field_attachedText : java.lang.String = 硬醒
  .field_attr : java.lang.String = 
  .field_captureEnterTime : long = 0
  .field_captureScene : int = 0
  .field_captureStatus : int = 0
  .field_captureUploadCounter : int = 0
  .field_captureUploadErrCode : int = 0
  .field_catalog : int = 81
  .field_cdnUrl : java.lang.String = http://wxapp.tc.qq.com/262/20304/stodownload?m=31fa2d85114d70f4749adc54f090a915&
  .field_content : java.lang.String = 
  .field_custom_meaning : java.lang.String = null
  .field_designerID : java.lang.String = 
  .field_emojiFlag : long = 0
  .field_encrypturl : java.lang.String = http://wxapp.tc.qq.com/262/20304/stodownload?m=552437ce2890fbc99d8aa01931cd7ee8&
  .field_externMd5 : java.lang.String = e4e9fc259e7ea26a531dafd579f938a5
  .field_externUrl : java.lang.String = http://wxapp.tc.qq.com/262/20304/stodownload?m=0f25cb37f419cf311002c007d2a7ed81&
  .field_framesInfo : java.lang.String = 
  .field_groupId : java.lang.String = 
  .field_height : int = 0
  .field_idx : int = 0
  .field_imitateMd5 : java.lang.String = 
  .field_isOcrProcessed : int = 0
  .field_lastUseTime : long = 1779193464705
  .field_lensId : java.lang.String = 
  .field_linkId : java.lang.String = 
  .field_md5 : java.lang.String = 31fa2d85114d70f4749adc54f090a915
  .field_meanings : java.lang.String = null
  .field_name : java.lang.String = 
  .field_needupload : int = 0
  .field_reserved1 : java.lang.String = 
  .field_reserved2 : java.lang.String = 
  .field_reserved3 : int = 1
  .field_reserved4 : int = 1
  .field_size : int = 53970
  .field_source : int = 1
  .field_start : int = 0
  .field_state : int = 3
  .field_storeUnique : int = 0
  .field_svrid : java.lang.String = 
  .field_temp : int = 0
  .field_thumbUrl : java.lang.String = 
  .field_tpauthkey : java.lang.String = null
  .field_tpurl : java.lang.String = null
  .field_type : int = 1
  .field_width : int = 0
  .field_wxamMd5 : java.lang.String = null
  .g : boolean = true
  .h : boolean = true
  .i : boolean = true
  .l1 : boolean = true
  .m : boolean = true
  .n : boolean = true
  .o : boolean = true
  .p : boolean = true
  .p0 : boolean = true
  .p1 : boolean = true
  .q : boolean = true
  .r : boolean = true
  .s : boolean = true
  .t : boolean = true
  .u : boolean = true
  .v : boolean = true
  .v1 : boolean = true
  .w : boolean = true
  .x : boolean = true
  .x0 : boolean = true
  .y : boolean = true
  .y0 : boolean = true
  .z : boolean = true
  .A1 : int = 555704345
  .B1 : int = 3575610
  .C1 : int = 3530753
  .D1 : int = 109757538
  .E1 : int = 109757585
  .F1 : int = 3373707
  .G1 : int = 951530617
  .H1 : int = 2022955529
  .I1 : int = 2022955530
  .J1 : int = 2022955531
  .K1 : int = 2022955532
  .L1 : int = -1411074055
  .M1 : int = 293428218
  .N1 : int = 1736147326
  .O1 : int = -253322636
  .P1 : int = 104125
  .Q1 : int = 3556308
  .R1 : int = -896505829
  .S1 : int = -363311593
  .T1 : int = -28946106
  .U1 : int = 1566917561
  .V1 : int = -1364966910
  .W1 : int = -1512620822
  .X1 : int = -1421131984
  .Y1 : int = 113126854
  .Z1 : int = -1221029593
  .a2 : int = -609031761
  .b2 : int = -609039938
  .c2 : int = 2048620650
  .d2 : int = 110581107
  .e2 : int = 2063396283
  .f2 : int = 1767159665
  .g2 : int = -1664826127
  .h2 : int = 1961195224
  .i2 : int = -212895428
  .j2 : int = -1828144229
  .k2 : int = 1581142539
  .l2 : int = -275695851
  .m2 : int = -1555904225
  .n2 : int = -1106353479
  .o2 : int = 1822793073
  .p2 : int = 755498214
  .q2 : int = 3004913
  .r2 : int = -1102667083
  .s2 : int = -981791210
  .t2 : int = -1141075430
  .u2 : int = 411788079
  .v2 : int = 1686003922
  .w1 : w45.i0 = w45.i0@77a23c8
  .w2 : int = -1776909294
  .x1 : [Ljava.lang.String; = [Ljava.lang.String;@b4e5447
  .x2 : int = 108705909
  .y1 : int = 107902
  .y2 : s45.e0 = s45.e0@3f1b474
  .z1 : int = 109833162
  .z2 : v45.e = v45.e@89d5d9d
  .systemRowid : long = -1
  .COL_ROWID : java.lang.String = rowid
  .FIELD_PREFIX : java.lang.String = field_
  .SYSTEM_ROWID_FIELD : java.lang.String = rowid
  .TAG : java.lang.String = MicroMsg.SDK.IAutoDBItem
  .shadow$_klass_ : java.lang.Class = class com.tencent.mm.storage.emotion.EmojiInfo
  .shadow$_monitor_ : int = 0
[TOP2] com.tencent.mm.plugin.appbrand.appusage.AppBrandRecentTaskInfo  ×128
  .A : int = 0
  .B : boolean = false
  .C : long = 1776746062
  .D : int = 103967
  .E : int = 0
  .F : int = 0
  .G : boolean = false
  .v : java.lang.String = 119855199
  .w : java.lang.String = gh_870576f3c6f9@app
  .x : java.lang.String = 美团丨外卖团购特价美食酒店电影
  .y : java.lang.String = http://wx.qlogo.cn/mmhead/OM4v0FU2h0uaKUxzTLeRmuQ9GibmzugclJyqD36q6AYfaRFUoYALQs
  .z : int = 0
  .d : java.lang.String = gh_870576f3c6f9@app
  .e : java.lang.String = wxde8ac0a21135c07d
  .f : int = 0
  .g : int = 1543
  .h : java.lang.String = 美团丨外卖团购特价美食酒店电影
  .i : java.lang.String = null
  .m : java.lang.String = 
  .n : java.lang.String = http://wx.qlogo.cn/mmhead/OM4v0FU2h0uaKUxzTLeRmuQ9GibmzugclJyqD36q6AYfaRFUoYALQs
  .o : boolean = false
  .p : long = 0
  .q : long = 0
  .r : boolean = false
  .s : java.lang.String = null
  .t : java.lang.String = 
  .u : com.tencent.mm.plugin.appbrand.appusage.AppBrandCommUseInfo = null
  .CREATOR : android.os.Parcelable$Creator = com.tencent.mm.plugin.appbrand.appusage.h6@4f00d22
  .shadow$_klass_ : java.lang.Class = class com.tencent.mm.plugin.appbrand.appusage.AppBrandRecentTaskInfo
  .shadow$_monitor_ : int = 0
[TOP3] uw5.c  ×24
  .a : uw5.e = kotlin.Char
  .b : uw5.c = kotlin
  .c : uw5.c = <root>
  .shadow$_klass_ : java.lang.Class = class uw5.c
  .shadow$_monitor_ : int = 536870912
[TOP4] rc.g  ×23
  .a : java.util.Map = {isCNPayWalletRegion=rc.f@f6276d5, getAccountInfo=rc.f@adfaeea}
  .b : java.util.Map = {}
  .c : java.lang.Class = class com.tencent.mm.plugin.lite.dynamic_module.LiteAppModuleWx
  .d : java.lang.String = wx
  .shadow$_klass_ : java.lang.Class = class rc.g
  .shadow$_monitor_ : int = 0
[TOP5] miui.content.res.ThemeResources$FilterInfo  ×16
  .mFallback : com.miui.internal.content.res.ThemeFallback = com.miui.internal.content.res.ThemeFallback@cefbc18
  .mNightMode : boolean = false
  .mPackages : java.util.HashSet = null
  .mPath : java.lang.String = 
  .mValues : miui.content.res.ThemeValues = miui.content.res.ThemeValues@ff29671
  .shadow$_klass_ : java.lang.Class = class miui.content.res.ThemeResources$FilterInfo
  .shadow$_monitor_ : int = 0
[TOP6] jw1.d  ×12
  .a : int = 1
  .b : int = 16
  .c : boolean = true
  .d : boolean = false
  .e : java.lang.ref.WeakReference = null
  .f : fw1.b = null
  .shadow$_klass_ : java.lang.Class = class jw1.d
  .shadow$_monitor_ : int = 0
[TOP7] kc5.y  ×12
  .d : com.tencent.mm.storage.l4 = com.tencent.mm.storage.l4@1b109c7
  .e : java.lang.CharSequence = 公众号
  .f : java.lang.String = 公众号
  .g : java.lang.CharSequence = 昨天
  .h : java.lang.CharSequence = 快讯: 贵定暴雨致7320人受灾，应急救援工作正有序开展，当地：今晚预报还有中到大雨，存在水位上涨可能
  .i : int = -1
  .m : int = 13
  .n : int = 0
  .o : int = 0
  .p : boolean = false
  .q : boolean = false
  .r : boolean = false
  .s : boolean = false
  .t : boolean = false
  .u : boolean = true
  .v : boolean = false
  .w : z15.fe7 = z15.fe7@a40d58c
  .x : boolean = false
  .y : java.lang.String = null
  .z : int = 1
  .shadow$_klass_ : java.lang.Class = class kc5.y
  .shadow$_monitor_ : int = 0
[TOP8] dalvik.system.DexPathList$NativeLibraryElement  ×11
  .initialized : boolean = false
  .path : java.io.File = /system/app/MiuiContentCatcher/MiuiContentCatcher.apk
  .urlHandler : libcore.io.ClassPathURLStreamHandler = null
  .zipDir : java.lang.String = lib/arm64-v8a
  .shadow$_klass_ : java.lang.Class = class dalvik.system.DexPathList$NativeLibraryElement
  .shadow$_monitor_ : int = 0
[TOP9] wq.y0  ×10
  .a : wq.r = wq.s@c7449e3
  .b : int = -1
  .shadow$_klass_ : java.lang.Class = class wq.y0
  .shadow$_monitor_ : int = 536870912
[TOP10] mx5.a1  ×6
  .e : mx5.c2 = TypedList
  .f : java.util.List = []
  .g : boolean = false
  .h : fx5.s = kx5.h@bd964fd
  .i : fv5.l = yv5.a@d6b5ac0
  .d : int = 0
[TOP11] kc5.c0  ×4
  .d : kc5.n = kc5.n@7e4ce95
  .shadow$_klass_ : java.lang.Class = class kc5.c0
  .shadow$_monitor_ : int = 0
[TOP12] com.android.org.conscrypt.OpenSSLX509Certificate  ×4
  .mContext : long = 495778570760
  .mHashCode : java.lang.Integer = 257618496
  .notAfter : java.util.Date = Sat Sep 12 07:59:59 GMT+08:00 2026
  .notBefore : java.util.Date = Wed Feb 25 08:00:00 GMT+08:00 2026
  .serialVersionUID : long = 1992239142393372128
  .issuerX500Principal : javax.security.auth.x500.X500Principal = null
  .subjectX500Principal : javax.security.auth.x500.X500Principal = null
  .serialVersionUID : long = -2491127588187038216
  .hash : int = 257618496
  .type : java.lang.String = X.509
  .serialVersionUID : long = -3585440601605666277
  .shadow$_klass_ : java.lang.Class = class com.android.org.conscrypt.OpenSSLX509Certificate
  .shadow$_monitor_ : int = 0
[TOP13] za3.u  ×4
  .d : fv5.l = null
  .e : int = -1
  .a : z93.e = null
  .b : ca3.c = null
  .c : java.lang.String = null
  .shadow$_klass_ : java.lang.Class = class za3.u
  .shadow$_monitor_ : int = 0
[TOP14] za3.v  ×4
  .d : fv5.l = null
  .e : int = -1
  .a : z93.e = null
  .b : ca3.c = null
  .c : java.lang.String = null
  .shadow$_klass_ : java.lang.Class = class za3.v
  .shadow$_monitor_ : int = 0
[TOP15] za3.c  ×4
  .d : fv5.l = null
  .e : int = -1
  .a : z93.e = null
  .b : ca3.c = null
  .c : java.lang.String = null
  .shadow$_klass_ : java.lang.Class = class za3.c
  .shadow$_monitor_ : int = 0
==================================================


========== addAll 类名统计（total=1060）==========
[TOP1] com.tencent.mm.storage.emotion.EmojiInfo  ×712
  .A2 : java.lang.String = /data/user/0/com.tencent.mm/MicroMsg/b7c5fabdba77ec4298df1f8e53d9af0c/emoji/
  .B2 : java.lang.String = null
  .C2 : java.lang.String = null
  .D2 : int = 0
  .E2 : int = 2
  .F2 : java.lang.String = 
  .G2 : java.lang.String = null
  .H2 : com.tencent.mm.api.EmotionStrategyInfo = null
  .I2 : fk.z6 = SEND_FROM_SCENE_DEFAULT
  .CREATOR : android.os.Parcelable$Creator = g65.i@c3636e5
  .J2 : s45.e0 = s45.e0@1ed55ba
  .A : boolean = true
  .B : boolean = true
  .C : boolean = true
  .D : boolean = true
  .E : boolean = true
  .F : boolean = true
  .G : boolean = true
  .H : boolean = true
  .I : boolean = true
  .J : boolean = true
  .K : boolean = true
  .L : boolean = true
  .M : boolean = true
  .N : boolean = true
  .P : boolean = true
  .Q : boolean = true
  .R : boolean = true
  .S : boolean = true
  .T : boolean = true
  .U : boolean = true
  .V : boolean = true
  .W : boolean = true
  .X : boolean = true
  .Y : boolean = true
  .Z : boolean = true
  .d : boolean = true
  .e : boolean = true
  .f : boolean = true
  .field_activityid : java.lang.String = Selfie:e5b8090c05e2b96e041b06deaf5c4e3b
  .field_aeskey : java.lang.String = 8d2ed35c639d313349d5150015c54869
  .field_app_id : java.lang.String = 
  .field_attachTextColor : java.lang.String = FFFFFF
  .field_attachedEmojiMD5 : [B = [B@a085c6b
  .field_attachedText : java.lang.String = 硬醒
  .field_attr : java.lang.String = 
  .field_captureEnterTime : long = 0
  .field_captureScene : int = 0
  .field_captureStatus : int = 0
  .field_captureUploadCounter : int = 0
  .field_captureUploadErrCode : int = 0
  .field_catalog : int = 81
  .field_cdnUrl : java.lang.String = http://wxapp.tc.qq.com/262/20304/stodownload?m=31fa2d85114d70f4749adc54f090a915&
  .field_content : java.lang.String = 
  .field_custom_meaning : java.lang.String = null
  .field_designerID : java.lang.String = 
  .field_emojiFlag : long = 0
  .field_encrypturl : java.lang.String = http://wxapp.tc.qq.com/262/20304/stodownload?m=552437ce2890fbc99d8aa01931cd7ee8&
  .field_externMd5 : java.lang.String = e4e9fc259e7ea26a531dafd579f938a5
  .field_externUrl : java.lang.String = http://wxapp.tc.qq.com/262/20304/stodownload?m=0f25cb37f419cf311002c007d2a7ed81&
  .field_framesInfo : java.lang.String = 
  .field_groupId : java.lang.String = 
  .field_height : int = 0
  .field_idx : int = 0
  .field_imitateMd5 : java.lang.String = 
  .field_isOcrProcessed : int = 0
  .field_lastUseTime : long = 1779193464705
  .field_lensId : java.lang.String = 
  .field_linkId : java.lang.String = 
  .field_md5 : java.lang.String = 31fa2d85114d70f4749adc54f090a915
  .field_meanings : java.lang.String = null
  .field_name : java.lang.String = 
  .field_needupload : int = 0
  .field_reserved1 : java.lang.String = 
  .field_reserved2 : java.lang.String = 
  .field_reserved3 : int = 1
  .field_reserved4 : int = 1
  .field_size : int = 53970
  .field_source : int = 1
  .field_start : int = 0
  .field_state : int = 3
  .field_storeUnique : int = 0
  .field_svrid : java.lang.String = 
  .field_temp : int = 0
  .field_thumbUrl : java.lang.String = 
  .field_tpauthkey : java.lang.String = null
  .field_tpurl : java.lang.String = null
  .field_type : int = 1
  .field_width : int = 0
  .field_wxamMd5 : java.lang.String = null
  .g : boolean = true
  .h : boolean = true
  .i : boolean = true
  .l1 : boolean = true
  .m : boolean = true
  .n : boolean = true
  .o : boolean = true
  .p : boolean = true
  .p0 : boolean = true
  .p1 : boolean = true
  .q : boolean = true
  .r : boolean = true
  .s : boolean = true
  .t : boolean = true
  .u : boolean = true
  .v : boolean = true
  .v1 : boolean = true
  .w : boolean = true
  .x : boolean = true
  .x0 : boolean = true
  .y : boolean = true
  .y0 : boolean = true
  .z : boolean = true
  .A1 : int = 555704345
  .B1 : int = 3575610
  .C1 : int = 3530753
  .D1 : int = 109757538
  .E1 : int = 109757585
  .F1 : int = 3373707
  .G1 : int = 951530617
  .H1 : int = 2022955529
  .I1 : int = 2022955530
  .J1 : int = 2022955531
  .K1 : int = 2022955532
  .L1 : int = -1411074055
  .M1 : int = 293428218
  .N1 : int = 1736147326
  .O1 : int = -253322636
  .P1 : int = 104125
  .Q1 : int = 3556308
  .R1 : int = -896505829
  .S1 : int = -363311593
  .T1 : int = -28946106
  .U1 : int = 1566917561
  .V1 : int = -1364966910
  .W1 : int = -1512620822
  .X1 : int = -1421131984
  .Y1 : int = 113126854
  .Z1 : int = -1221029593
  .a2 : int = -609031761
  .b2 : int = -609039938
  .c2 : int = 2048620650
  .d2 : int = 110581107
  .e2 : int = 2063396283
  .f2 : int = 1767159665
  .g2 : int = -1664826127
  .h2 : int = 1961195224
  .i2 : int = -212895428
  .j2 : int = -1828144229
  .k2 : int = 1581142539
  .l2 : int = -275695851
  .m2 : int = -1555904225
  .n2 : int = -1106353479
  .o2 : int = 1822793073
  .p2 : int = 755498214
  .q2 : int = 3004913
  .r2 : int = -1102667083
  .s2 : int = -981791210
  .t2 : int = -1141075430
  .u2 : int = 411788079
  .v2 : int = 1686003922
  .w1 : w45.i0 = w45.i0@77a23c8
  .w2 : int = -1776909294
  .x1 : [Ljava.lang.String; = [Ljava.lang.String;@b4e5447
  .x2 : int = 108705909
  .y1 : int = 107902
  .y2 : s45.e0 = s45.e0@3f1b474
  .z1 : int = 109833162
  .z2 : v45.e = v45.e@89d5d9d
  .systemRowid : long = -1
  .COL_ROWID : java.lang.String = rowid
  .FIELD_PREFIX : java.lang.String = field_
  .SYSTEM_ROWID_FIELD : java.lang.String = rowid
  .TAG : java.lang.String = MicroMsg.SDK.IAutoDBItem
  .shadow$_klass_ : java.lang.Class = class com.tencent.mm.storage.emotion.EmojiInfo
  .shadow$_monitor_ : int = 0
[TOP2] com.tencent.mm.plugin.appbrand.appusage.AppBrandRecentTaskInfo  ×128
  .A : int = 0
  .B : boolean = false
  .C : long = 1776746062
  .D : int = 103967
  .E : int = 0
  .F : int = 0
  .G : boolean = false
  .v : java.lang.String = 119855199
  .w : java.lang.String = gh_870576f3c6f9@app
  .x : java.lang.String = 美团丨外卖团购特价美食酒店电影
  .y : java.lang.String = http://wx.qlogo.cn/mmhead/OM4v0FU2h0uaKUxzTLeRmuQ9GibmzugclJyqD36q6AYfaRFUoYALQs
  .z : int = 0
  .d : java.lang.String = gh_870576f3c6f9@app
  .e : java.lang.String = wxde8ac0a21135c07d
  .f : int = 0
  .g : int = 1543
  .h : java.lang.String = 美团丨外卖团购特价美食酒店电影
  .i : java.lang.String = null
  .m : java.lang.String = 
  .n : java.lang.String = http://wx.qlogo.cn/mmhead/OM4v0FU2h0uaKUxzTLeRmuQ9GibmzugclJyqD36q6AYfaRFUoYALQs
  .o : boolean = false
  .p : long = 0
  .q : long = 0
  .r : boolean = false
  .s : java.lang.String = null
  .t : java.lang.String = 
  .u : com.tencent.mm.plugin.appbrand.appusage.AppBrandCommUseInfo = null
  .CREATOR : android.os.Parcelable$Creator = com.tencent.mm.plugin.appbrand.appusage.h6@4f00d22
  .shadow$_klass_ : java.lang.Class = class com.tencent.mm.plugin.appbrand.appusage.AppBrandRecentTaskInfo
  .shadow$_monitor_ : int = 0
[TOP3] uw5.c  ×24
  .a : uw5.e = kotlin.Char
  .b : uw5.c = kotlin
  .c : uw5.c = <root>
  .shadow$_klass_ : java.lang.Class = class uw5.c
  .shadow$_monitor_ : int = 536870912
[TOP4] rc.g  ×23
  .a : java.util.Map = {isCNPayWalletRegion=rc.f@f6276d5, getAccountInfo=rc.f@adfaeea}
  .b : java.util.Map = {}
  .c : java.lang.Class = class com.tencent.mm.plugin.lite.dynamic_module.LiteAppModuleWx
  .d : java.lang.String = wx
  .shadow$_klass_ : java.lang.Class = class rc.g
  .shadow$_monitor_ : int = 0
[TOP5] miui.content.res.ThemeResources$FilterInfo  ×16
  .mFallback : com.miui.internal.content.res.ThemeFallback = com.miui.internal.content.res.ThemeFallback@cefbc18
  .mNightMode : boolean = false
  .mPackages : java.util.HashSet = null
  .mPath : java.lang.String = 
  .mValues : miui.content.res.ThemeValues = miui.content.res.ThemeValues@ff29671
  .shadow$_klass_ : java.lang.Class = class miui.content.res.ThemeResources$FilterInfo
  .shadow$_monitor_ : int = 0
[TOP6] jw1.d  ×12
  .a : int = 1
  .b : int = 16
  .c : boolean = true
  .d : boolean = false
  .e : java.lang.ref.WeakReference = null
  .f : fw1.b = null
  .shadow$_klass_ : java.lang.Class = class jw1.d
  .shadow$_monitor_ : int = 0
[TOP7] kc5.y  ×12
  .d : com.tencent.mm.storage.l4 = com.tencent.mm.storage.l4@1b109c7
  .e : java.lang.CharSequence = 公众号
  .f : java.lang.String = 公众号
  .g : java.lang.CharSequence = 昨天
  .h : java.lang.CharSequence = 快讯: 贵定暴雨致7320人受灾，应急救援工作正有序开展，当地：今晚预报还有中到大雨，存在水位上涨可能
  .i : int = -1
  .m : int = 13
  .n : int = 0
  .o : int = 0
  .p : boolean = false
  .q : boolean = false
  .r : boolean = false
  .s : boolean = false
  .t : boolean = false
  .u : boolean = true
  .v : boolean = false
  .w : z15.fe7 = z15.fe7@a40d58c
  .x : boolean = false
  .y : java.lang.String = null
  .z : int = 1
  .shadow$_klass_ : java.lang.Class = class kc5.y
  .shadow$_monitor_ : int = 0
[TOP8] dalvik.system.DexPathList$NativeLibraryElement  ×11
  .initialized : boolean = false
  .path : java.io.File = /system/app/MiuiContentCatcher/MiuiContentCatcher.apk
  .urlHandler : libcore.io.ClassPathURLStreamHandler = null
  .zipDir : java.lang.String = lib/arm64-v8a
  .shadow$_klass_ : java.lang.Class = class dalvik.system.DexPathList$NativeLibraryElement
  .shadow$_monitor_ : int = 0
[TOP9] wq.y0  ×10
  .a : wq.r = wq.s@c7449e3
  .b : int = -1
  .shadow$_klass_ : java.lang.Class = class wq.y0
  .shadow$_monitor_ : int = 536870912
[TOP10] mx5.a1  ×6
  .e : mx5.c2 = TypedList
  .f : java.util.List = []
  .g : boolean = false
  .h : fx5.s = kx5.h@bd964fd
  .i : fv5.l = yv5.a@d6b5ac0
  .d : int = 0
[TOP11] kc5.c0  ×4
  .d : kc5.n = kc5.n@7e4ce95
  .shadow$_klass_ : java.lang.Class = class kc5.c0
  .shadow$_monitor_ : int = 0
[TOP12] com.android.org.conscrypt.OpenSSLX509Certificate  ×4
  .mContext : long = 495778570760
  .mHashCode : java.lang.Integer = 257618496
  .notAfter : java.util.Date = Sat Sep 12 07:59:59 GMT+08:00 2026
  .notBefore : java.util.Date = Wed Feb 25 08:00:00 GMT+08:00 2026
  .serialVersionUID : long = 1992239142393372128
  .issuerX500Principal : javax.security.auth.x500.X500Principal = null
  .subjectX500Principal : javax.security.auth.x500.X500Principal = null
  .serialVersionUID : long = -2491127588187038216
  .hash : int = 257618496
  .type : java.lang.String = X.509
  .serialVersionUID : long = -3585440601605666277
  .shadow$_klass_ : java.lang.Class = class com.android.org.conscrypt.OpenSSLX509Certificate
  .shadow$_monitor_ : int = 0
[TOP13] za3.u  ×4
  .d : fv5.l = null
  .e : int = -1
  .a : z93.e = null
  .b : ca3.c = null
  .c : java.lang.String = null
  .shadow$_klass_ : java.lang.Class = class za3.u
  .shadow$_monitor_ : int = 0
[TOP14] za3.v  ×4
  .d : fv5.l = null
  .e : int = -1
  .a : z93.e = null
  .b : ca3.c = null
  .c : java.lang.String = null
  .shadow$_klass_ : java.lang.Class = class za3.v
  .shadow$_monitor_ : int = 0
[TOP15] za3.c  ×4
  .d : fv5.l = null
  .e : int = -1
  .a : z93.e = null
  .b : ca3.c = null
  .c : java.lang.String = null
  .shadow$_klass_ : java.lang.Class = class za3.c
  .shadow$_monitor_ : int = 0
==================================================


========== addAll 类名统计（total=1060）==========
[TOP1] com.tencent.mm.storage.emotion.EmojiInfo  ×712
  .A2 : java.lang.String = /data/user/0/com.tencent.mm/MicroMsg/b7c5fabdba77ec4298df1f8e53d9af0c/emoji/
  .B2 : java.lang.String = null
  .C2 : java.lang.String = null
  .D2 : int = 0
  .E2 : int = 2
  .F2 : java.lang.String = 
  .G2 : java.lang.String = null
  .H2 : com.tencent.mm.api.EmotionStrategyInfo = null
  .I2 : fk.z6 = SEND_FROM_SCENE_DEFAULT
  .CREATOR : android.os.Parcelable$Creator = g65.i@c3636e5
  .J2 : s45.e0 = s45.e0@1ed55ba
  .A : boolean = true
  .B : boolean = true
  .C : boolean = true
  .D : boolean = true
  .E : boolean = true
  .F : boolean = true
  .G : boolean = true
  .H : boolean = true
  .I : boolean = true
  .J : boolean = true
  .K : boolean = true
  .L : boolean = true
  .M : boolean = true
  .N : boolean = true
  .P : boolean = true
  .Q : boolean = true
  .R : boolean = true
  .S : boolean = true
  .T : boolean = true
  .U : boolean = true
  .V : boolean = true
  .W : boolean = true
  .X : boolean = true
  .Y : boolean = true
  .Z : boolean = true
  .d : boolean = true
  .e : boolean = true
  .f : boolean = true
  .field_activityid : java.lang.String = Selfie:e5b8090c05e2b96e041b06deaf5c4e3b
  .field_aeskey : java.lang.String = 8d2ed35c639d313349d5150015c54869
  .field_app_id : java.lang.String = 
  .field_attachTextColor : java.lang.String = FFFFFF
  .field_attachedEmojiMD5 : [B = [B@a085c6b
  .field_attachedText : java.lang.String = 硬醒
  .field_attr : java.lang.String = 
  .field_captureEnterTime : long = 0
  .field_captureScene : int = 0
  .field_captureStatus : int = 0
  .field_captureUploadCounter : int = 0
  .field_captureUploadErrCode : int = 0
  .field_catalog : int = 81
  .field_cdnUrl : java.lang.String = http://wxapp.tc.qq.com/262/20304/stodownload?m=31fa2d85114d70f4749adc54f090a915&
  .field_content : java.lang.String = 
  .field_custom_meaning : java.lang.String = null
  .field_designerID : java.lang.String = 
  .field_emojiFlag : long = 0
  .field_encrypturl : java.lang.String = http://wxapp.tc.qq.com/262/20304/stodownload?m=552437ce2890fbc99d8aa01931cd7ee8&
  .field_externMd5 : java.lang.String = e4e9fc259e7ea26a531dafd579f938a5
  .field_externUrl : java.lang.String = http://wxapp.tc.qq.com/262/20304/stodownload?m=0f25cb37f419cf311002c007d2a7ed81&
  .field_framesInfo : java.lang.String = 
  .field_groupId : java.lang.String = 
  .field_height : int = 0
  .field_idx : int = 0
  .field_imitateMd5 : java.lang.String = 
  .field_isOcrProcessed : int = 0
  .field_lastUseTime : long = 1779193464705
  .field_lensId : java.lang.String = 
  .field_linkId : java.lang.String = 
  .field_md5 : java.lang.String = 31fa2d85114d70f4749adc54f090a915
  .field_meanings : java.lang.String = null
  .field_name : java.lang.String = 
  .field_needupload : int = 0
  .field_reserved1 : java.lang.String = 
  .field_reserved2 : java.lang.String = 
  .field_reserved3 : int = 1
  .field_reserved4 : int = 1
  .field_size : int = 53970
  .field_source : int = 1
  .field_start : int = 0
  .field_state : int = 3
  .field_storeUnique : int = 0
  .field_svrid : java.lang.String = 
  .field_temp : int = 0
  .field_thumbUrl : java.lang.String = 
  .field_tpauthkey : java.lang.String = null
  .field_tpurl : java.lang.String = null
  .field_type : int = 1
  .field_width : int = 0
  .field_wxamMd5 : java.lang.String = null
  .g : boolean = true
  .h : boolean = true
  .i : boolean = true
  .l1 : boolean = true
  .m : boolean = true
  .n : boolean = true
  .o : boolean = true
  .p : boolean = true
  .p0 : boolean = true
  .p1 : boolean = true
  .q : boolean = true
  .r : boolean = true
  .s : boolean = true
  .t : boolean = true
  .u : boolean = true
  .v : boolean = true
  .v1 : boolean = true
  .w : boolean = true
  .x : boolean = true
  .x0 : boolean = true
  .y : boolean = true
  .y0 : boolean = true
  .z : boolean = true
  .A1 : int = 555704345
  .B1 : int = 3575610
  .C1 : int = 3530753
  .D1 : int = 109757538
  .E1 : int = 109757585
  .F1 : int = 3373707
  .G1 : int = 951530617
  .H1 : int = 2022955529
  .I1 : int = 2022955530
  .J1 : int = 2022955531
  .K1 : int = 2022955532
  .L1 : int = -1411074055
  .M1 : int = 293428218
  .N1 : int = 1736147326
  .O1 : int = -253322636
  .P1 : int = 104125
  .Q1 : int = 3556308
  .R1 : int = -896505829
  .S1 : int = -363311593
  .T1 : int = -28946106
  .U1 : int = 1566917561
  .V1 : int = -1364966910
  .W1 : int = -1512620822
  .X1 : int = -1421131984
  .Y1 : int = 113126854
  .Z1 : int = -1221029593
  .a2 : int = -609031761
  .b2 : int = -609039938
  .c2 : int = 2048620650
  .d2 : int = 110581107
  .e2 : int = 2063396283
  .f2 : int = 1767159665
  .g2 : int = -1664826127
  .h2 : int = 1961195224
  .i2 : int = -212895428
  .j2 : int = -1828144229
  .k2 : int = 1581142539
  .l2 : int = -275695851
  .m2 : int = -1555904225
  .n2 : int = -1106353479
  .o2 : int = 1822793073
  .p2 : int = 755498214
  .q2 : int = 3004913
  .r2 : int = -1102667083
  .s2 : int = -981791210
  .t2 : int = -1141075430
  .u2 : int = 411788079
  .v2 : int = 1686003922
  .w1 : w45.i0 = w45.i0@77a23c8
  .w2 : int = -1776909294
  .x1 : [Ljava.lang.String; = [Ljava.lang.String;@b4e5447
  .x2 : int = 108705909
  .y1 : int = 107902
  .y2 : s45.e0 = s45.e0@3f1b474
  .z1 : int = 109833162
  .z2 : v45.e = v45.e@89d5d9d
  .systemRowid : long = -1
  .COL_ROWID : java.lang.String = rowid
  .FIELD_PREFIX : java.lang.String = field_
  .SYSTEM_ROWID_FIELD : java.lang.String = rowid
  .TAG : java.lang.String = MicroMsg.SDK.IAutoDBItem
  .shadow$_klass_ : java.lang.Class = class com.tencent.mm.storage.emotion.EmojiInfo
  .shadow$_monitor_ : int = 0
[TOP2] com.tencent.mm.plugin.appbrand.appusage.AppBrandRecentTaskInfo  ×128
  .A : int = 0
  .B : boolean = false
  .C : long = 1776746062
  .D : int = 103967
  .E : int = 0
  .F : int = 0
  .G : boolean = false
  .v : java.lang.String = 119855199
  .w : java.lang.String = gh_870576f3c6f9@app
  .x : java.lang.String = 美团丨外卖团购特价美食酒店电影
  .y : java.lang.String = http://wx.qlogo.cn/mmhead/OM4v0FU2h0uaKUxzTLeRmuQ9GibmzugclJyqD36q6AYfaRFUoYALQs
  .z : int = 0
  .d : java.lang.String = gh_870576f3c6f9@app
  .e : java.lang.String = wxde8ac0a21135c07d
  .f : int = 0
  .g : int = 1543
  .h : java.lang.String = 美团丨外卖团购特价美食酒店电影
  .i : java.lang.String = null
  .m : java.lang.String = 
  .n : java.lang.String = http://wx.qlogo.cn/mmhead/OM4v0FU2h0uaKUxzTLeRmuQ9GibmzugclJyqD36q6AYfaRFUoYALQs
  .o : boolean = false
  .p : long = 0
  .q : long = 0
  .r : boolean = false
  .s : java.lang.String = null
  .t : java.lang.String = 
  .u : com.tencent.mm.plugin.appbrand.appusage.AppBrandCommUseInfo = null
  .CREATOR : android.os.Parcelable$Creator = com.tencent.mm.plugin.appbrand.appusage.h6@4f00d22
  .shadow$_klass_ : java.lang.Class = class com.tencent.mm.plugin.appbrand.appusage.AppBrandRecentTaskInfo
  .shadow$_monitor_ : int = 0
[TOP3] uw5.c  ×24
  .a : uw5.e = kotlin.Char
  .b : uw5.c = kotlin
  .c : uw5.c = <root>
  .shadow$_klass_ : java.lang.Class = class uw5.c
  .shadow$_monitor_ : int = 536870912
[TOP4] rc.g  ×23
  .a : java.util.Map = {isCNPayWalletRegion=rc.f@f6276d5, getAccountInfo=rc.f@adfaeea}
  .b : java.util.Map = {}
  .c : java.lang.Class = class com.tencent.mm.plugin.lite.dynamic_module.LiteAppModuleWx
  .d : java.lang.String = wx
  .shadow$_klass_ : java.lang.Class = class rc.g
  .shadow$_monitor_ : int = 0
[TOP5] miui.content.res.ThemeResources$FilterInfo  ×16
  .mFallback : com.miui.internal.content.res.ThemeFallback = com.miui.internal.content.res.ThemeFallback@cefbc18
  .mNightMode : boolean = false
  .mPackages : java.util.HashSet = null
  .mPath : java.lang.String = 
  .mValues : miui.content.res.ThemeValues = miui.content.res.ThemeValues@ff29671
  .shadow$_klass_ : java.lang.Class = class miui.content.res.ThemeResources$FilterInfo
  .shadow$_monitor_ : int = 0
[TOP6] jw1.d  ×12
  .a : int = 1
  .b : int = 16
  .c : boolean = true
  .d : boolean = false
  .e : java.lang.ref.WeakReference = null
  .f : fw1.b = null
  .shadow$_klass_ : java.lang.Class = class jw1.d
  .shadow$_monitor_ : int = 0
[TOP7] kc5.y  ×12
  .d : com.tencent.mm.storage.l4 = com.tencent.mm.storage.l4@1b109c7
  .e : java.lang.CharSequence = 公众号
  .f : java.lang.String = 公众号
  .g : java.lang.CharSequence = 昨天
  .h : java.lang.CharSequence = 快讯: 贵定暴雨致7320人受灾，应急救援工作正有序开展，当地：今晚预报还有中到大雨，存在水位上涨可能
  .i : int = -1
  .m : int = 13
  .n : int = 0
  .o : int = 0
  .p : boolean = false
  .q : boolean = false
  .r : boolean = false
  .s : boolean = false
  .t : boolean = false
  .u : boolean = true
  .v : boolean = false
  .w : z15.fe7 = z15.fe7@a40d58c
  .x : boolean = false
  .y : java.lang.String = null
  .z : int = 1
  .shadow$_klass_ : java.lang.Class = class kc5.y
  .shadow$_monitor_ : int = 0
[TOP8] dalvik.system.DexPathList$NativeLibraryElement  ×11
  .initialized : boolean = false
  .path : java.io.File = /system/app/MiuiContentCatcher/MiuiContentCatcher.apk
  .urlHandler : libcore.io.ClassPathURLStreamHandler = null
  .zipDir : java.lang.String = lib/arm64-v8a
  .shadow$_klass_ : java.lang.Class = class dalvik.system.DexPathList$NativeLibraryElement
  .shadow$_monitor_ : int = 0
[TOP9] wq.y0  ×10
  .a : wq.r = wq.s@c7449e3
  .b : int = -1
  .shadow$_klass_ : java.lang.Class = class wq.y0
  .shadow$_monitor_ : int = 536870912
[TOP10] mx5.a1  ×6
  .e : mx5.c2 = TypedList
  .f : java.util.List = []
  .g : boolean = false
  .h : fx5.s = kx5.h@bd964fd
  .i : fv5.l = yv5.a@d6b5ac0
  .d : int = 0
[TOP11] kc5.c0  ×4
  .d : kc5.n = kc5.n@7e4ce95
  .shadow$_klass_ : java.lang.Class = class kc5.c0
  .shadow$_monitor_ : int = 0
[TOP12] com.android.org.conscrypt.OpenSSLX509Certificate  ×4
  .mContext : long = 495778570760
  .mHashCode : java.lang.Integer = 257618496
  .notAfter : java.util.Date = Sat Sep 12 07:59:59 GMT+08:00 2026
  .notBefore : java.util.Date = Wed Feb 25 08:00:00 GMT+08:00 2026
  .serialVersionUID : long = 1992239142393372128
  .issuerX500Principal : javax.security.auth.x500.X500Principal = null
  .subjectX500Principal : javax.security.auth.x500.X500Principal = null
  .serialVersionUID : long = -2491127588187038216
  .hash : int = 257618496
  .type : java.lang.String = X.509
  .serialVersionUID : long = -3585440601605666277
  .shadow$_klass_ : java.lang.Class = class com.android.org.conscrypt.OpenSSLX509Certificate
  .shadow$_monitor_ : int = 0
[TOP13] za3.u  ×4
  .d : fv5.l = null
  .e : int = -1
  .a : z93.e = null
  .b : ca3.c = null
  .c : java.lang.String = null
  .shadow$_klass_ : java.lang.Class = class za3.u
  .shadow$_monitor_ : int = 0
[TOP14] za3.v  ×4
  .d : fv5.l = null
  .e : int = -1
  .a : z93.e = null
  .b : ca3.c = null
  .c : java.lang.String = null
  .shadow$_klass_ : java.lang.Class = class za3.v
  .shadow$_monitor_ : int = 0
[TOP15] za3.c  ×4
  .d : fv5.l = null
  .e : int = -1
  .a : z93.e = null
  .b : ca3.c = null
  .c : java.lang.String = null
  .shadow$_klass_ : java.lang.Class = class za3.c
  .shadow$_monitor_ : int = 0
==================================================


========== addAll 类名统计（total=1060）==========
[TOP1] com.tencent.mm.storage.emotion.EmojiInfo  ×712
  .A2 : java.lang.String = /data/user/0/com.tencent.mm/MicroMsg/b7c5fabdba77ec4298df1f8e53d9af0c/emoji/
  .B2 : java.lang.String = null
  .C2 : java.lang.String = null
  .D2 : int = 0
  .E2 : int = 2
  .F2 : java.lang.String = 
  .G2 : java.lang.String = null
  .H2 : com.tencent.mm.api.EmotionStrategyInfo = null
  .I2 : fk.z6 = SEND_FROM_SCENE_DEFAULT
  .CREATOR : android.os.Parcelable$Creator = g65.i@c3636e5
  .J2 : s45.e0 = s45.e0@1ed55ba
  .A : boolean = true
  .B : boolean = true
  .C : boolean = true
  .D : boolean = true
  .E : boolean = true
  .F : boolean = true
  .G : boolean = true
  .H : boolean = true
  .I : boolean = true
  .J : boolean = true
  .K : boolean = true
  .L : boolean = true
  .M : boolean = true
  .N : boolean = true
  .P : boolean = true
  .Q : boolean = true
  .R : boolean = true
  .S : boolean = true
  .T : boolean = true
  .U : boolean = true
  .V : boolean = true
  .W : boolean = true
  .X : boolean = true
  .Y : boolean = true
  .Z : boolean = true
  .d : boolean = true
  .e : boolean = true
  .f : boolean = true
  .field_activityid : java.lang.String = Selfie:e5b8090c05e2b96e041b06deaf5c4e3b
  .field_aeskey : java.lang.String = 8d2ed35c639d313349d5150015c54869
  .field_app_id : java.lang.String = 
  .field_attachTextColor : java.lang.String = FFFFFF
  .field_attachedEmojiMD5 : [B = [B@a085c6b
  .field_attachedText : java.lang.String = 硬醒
  .field_attr : java.lang.String = 
  .field_captureEnterTime : long = 0
  .field_captureScene : int = 0
  .field_captureStatus : int = 0
  .field_captureUploadCounter : int = 0
  .field_captureUploadErrCode : int = 0
  .field_catalog : int = 81
  .field_cdnUrl : java.lang.String = http://wxapp.tc.qq.com/262/20304/stodownload?m=31fa2d85114d70f4749adc54f090a915&
  .field_content : java.lang.String = 
  .field_custom_meaning : java.lang.String = null
  .field_designerID : java.lang.String = 
  .field_emojiFlag : long = 0
  .field_encrypturl : java.lang.String = http://wxapp.tc.qq.com/262/20304/stodownload?m=552437ce2890fbc99d8aa01931cd7ee8&
  .field_externMd5 : java.lang.String = e4e9fc259e7ea26a531dafd579f938a5
  .field_externUrl : java.lang.String = http://wxapp.tc.qq.com/262/20304/stodownload?m=0f25cb37f419cf311002c007d2a7ed81&
  .field_framesInfo : java.lang.String = 
  .field_groupId : java.lang.String = 
  .field_height : int = 0
  .field_idx : int = 0
  .field_imitateMd5 : java.lang.String = 
  .field_isOcrProcessed : int = 0
  .field_lastUseTime : long = 1779193464705
  .field_lensId : java.lang.String = 
  .field_linkId : java.lang.String = 
  .field_md5 : java.lang.String = 31fa2d85114d70f4749adc54f090a915
  .field_meanings : java.lang.String = null
  .field_name : java.lang.String = 
  .field_needupload : int = 0
  .field_reserved1 : java.lang.String = 
  .field_reserved2 : java.lang.String = 
  .field_reserved3 : int = 1
  .field_reserved4 : int = 1
  .field_size : int = 53970
  .field_source : int = 1
  .field_start : int = 0
  .field_state : int = 3
  .field_storeUnique : int = 0
  .field_svrid : java.lang.String = 
  .field_temp : int = 0
  .field_thumbUrl : java.lang.String = 
  .field_tpauthkey : java.lang.String = null
  .field_tpurl : java.lang.String = null
  .field_type : int = 1
  .field_width : int = 0
  .field_wxamMd5 : java.lang.String = null
  .g : boolean = true
  .h : boolean = true
  .i : boolean = true
  .l1 : boolean = true
  .m : boolean = true
  .n : boolean = true
  .o : boolean = true
  .p : boolean = true
  .p0 : boolean = true
  .p1 : boolean = true
  .q : boolean = true
  .r : boolean = true
  .s : boolean = true
  .t : boolean = true
  .u : boolean = true
  .v : boolean = true
  .v1 : boolean = true
  .w : boolean = true
  .x : boolean = true
  .x0 : boolean = true
  .y : boolean = true
  .y0 : boolean = true
  .z : boolean = true
  .A1 : int = 555704345
  .B1 : int = 3575610
  .C1 : int = 3530753
  .D1 : int = 109757538
  .E1 : int = 109757585
  .F1 : int = 3373707
  .G1 : int = 951530617
  .H1 : int = 2022955529
  .I1 : int = 2022955530
  .J1 : int = 2022955531
  .K1 : int = 2022955532
  .L1 : int = -1411074055
  .M1 : int = 293428218
  .N1 : int = 1736147326
  .O1 : int = -253322636
  .P1 : int = 104125
  .Q1 : int = 3556308
  .R1 : int = -896505829
  .S1 : int = -363311593
  .T1 : int = -28946106
  .U1 : int = 1566917561
  .V1 : int = -1364966910
  .W1 : int = -1512620822
  .X1 : int = -1421131984
  .Y1 : int = 113126854
  .Z1 : int = -1221029593
  .a2 : int = -609031761
  .b2 : int = -609039938
  .c2 : int = 2048620650
  .d2 : int = 110581107
  .e2 : int = 2063396283
  .f2 : int = 1767159665
  .g2 : int = -1664826127
  .h2 : int = 1961195224
  .i2 : int = -212895428
  .j2 : int = -1828144229
  .k2 : int = 1581142539
  .l2 : int = -275695851
  .m2 : int = -1555904225
  .n2 : int = -1106353479
  .o2 : int = 1822793073
  .p2 : int = 755498214
  .q2 : int = 3004913
  .r2 : int = -1102667083
  .s2 : int = -981791210
  .t2 : int = -1141075430
  .u2 : int = 411788079
  .v2 : int = 1686003922
  .w1 : w45.i0 = w45.i0@77a23c8
  .w2 : int = -1776909294
  .x1 : [Ljava.lang.String; = [Ljava.lang.String;@b4e5447
  .x2 : int = 108705909
  .y1 : int = 107902
  .y2 : s45.e0 = s45.e0@3f1b474
  .z1 : int = 109833162
  .z2 : v45.e = v45.e@89d5d9d
  .systemRowid : long = -1
  .COL_ROWID : java.lang.String = rowid
  .FIELD_PREFIX : java.lang.String = field_
  .SYSTEM_ROWID_FIELD : java.lang.String = rowid
  .TAG : java.lang.String = MicroMsg.SDK.IAutoDBItem
  .shadow$_klass_ : java.lang.Class = class com.tencent.mm.storage.emotion.EmojiInfo
  .shadow$_monitor_ : int = 0
[TOP2] com.tencent.mm.plugin.appbrand.appusage.AppBrandRecentTaskInfo  ×128
  .A : int = 0
  .B : boolean = false
  .C : long = 1776746062
  .D : int = 103967
  .E : int = 0
  .F : int = 0
  .G : boolean = false
  .v : java.lang.String = 119855199
  .w : java.lang.String = gh_870576f3c6f9@app
  .x : java.lang.String = 美团丨外卖团购特价美食酒店电影
  .y : java.lang.String = http://wx.qlogo.cn/mmhead/OM4v0FU2h0uaKUxzTLeRmuQ9GibmzugclJyqD36q6AYfaRFUoYALQs
  .z : int = 0
  .d : java.lang.String = gh_870576f3c6f9@app
  .e : java.lang.String = wxde8ac0a21135c07d
  .f : int = 0
  .g : int = 1543
  .h : java.lang.String = 美团丨外卖团购特价美食酒店电影
  .i : java.lang.String = null
  .m : java.lang.String = 
  .n : java.lang.String = http://wx.qlogo.cn/mmhead/OM4v0FU2h0uaKUxzTLeRmuQ9GibmzugclJyqD36q6AYfaRFUoYALQs
  .o : boolean = false
  .p : long = 0
  .q : long = 0
  .r : boolean = false
  .s : java.lang.String = null
  .t : java.lang.String = 
  .u : com.tencent.mm.plugin.appbrand.appusage.AppBrandCommUseInfo = null
  .CREATOR : android.os.Parcelable$Creator = com.tencent.mm.plugin.appbrand.appusage.h6@4f00d22
  .shadow$_klass_ : java.lang.Class = class com.tencent.mm.plugin.appbrand.appusage.AppBrandRecentTaskInfo
  .shadow$_monitor_ : int = 0
[TOP3] uw5.c  ×24
  .a : uw5.e = kotlin.Char
  .b : uw5.c = kotlin
  .c : uw5.c = <root>
  .shadow$_klass_ : java.lang.Class = class uw5.c
  .shadow$_monitor_ : int = 536870912
[TOP4] rc.g  ×23
  .a : java.util.Map = {isCNPayWalletRegion=rc.f@f6276d5, getAccountInfo=rc.f@adfaeea}
  .b : java.util.Map = {}
  .c : java.lang.Class = class com.tencent.mm.plugin.lite.dynamic_module.LiteAppModuleWx
  .d : java.lang.String = wx
  .shadow$_klass_ : java.lang.Class = class rc.g
  .shadow$_monitor_ : int = 0
[TOP5] miui.content.res.ThemeResources$FilterInfo  ×16
  .mFallback : com.miui.internal.content.res.ThemeFallback = com.miui.internal.content.res.ThemeFallback@cefbc18
  .mNightMode : boolean = false
  .mPackages : java.util.HashSet = null
  .mPath : java.lang.String = 
  .mValues : miui.content.res.ThemeValues = miui.content.res.ThemeValues@ff29671
  .shadow$_klass_ : java.lang.Class = class miui.content.res.ThemeResources$FilterInfo
  .shadow$_monitor_ : int = 0
[TOP6] jw1.d  ×12
  .a : int = 1
  .b : int = 16
  .c : boolean = true
  .d : boolean = false
  .e : java.lang.ref.WeakReference = null
  .f : fw1.b = null
  .shadow$_klass_ : java.lang.Class = class jw1.d
  .shadow$_monitor_ : int = 0
[TOP7] kc5.y  ×12
  .d : com.tencent.mm.storage.l4 = com.tencent.mm.storage.l4@1b109c7
  .e : java.lang.CharSequence = 公众号
  .f : java.lang.String = 公众号
  .g : java.lang.CharSequence = 昨天
  .h : java.lang.CharSequence = 快讯: 贵定暴雨致7320人受灾，应急救援工作正有序开展，当地：今晚预报还有中到大雨，存在水位上涨可能
  .i : int = -1
  .m : int = 13
  .n : int = 0
  .o : int = 0
  .p : boolean = false
  .q : boolean = false
  .r : boolean = false
  .s : boolean = false
  .t : boolean = false
  .u : boolean = true
  .v : boolean = false
  .w : z15.fe7 = z15.fe7@a40d58c
  .x : boolean = false
  .y : java.lang.String = null
  .z : int = 1
  .shadow$_klass_ : java.lang.Class = class kc5.y
  .shadow$_monitor_ : int = 0
[TOP8] dalvik.system.DexPathList$NativeLibraryElement  ×11
  .initialized : boolean = false
  .path : java.io.File = /system/app/MiuiContentCatcher/MiuiContentCatcher.apk
  .urlHandler : libcore.io.ClassPathURLStreamHandler = null
  .zipDir : java.lang.String = lib/arm64-v8a
  .shadow$_klass_ : java.lang.Class = class dalvik.system.DexPathList$NativeLibraryElement
  .shadow$_monitor_ : int = 0
[TOP9] wq.y0  ×10
  .a : wq.r = wq.s@c7449e3
  .b : int = -1
  .shadow$_klass_ : java.lang.Class = class wq.y0
  .shadow$_monitor_ : int = 536870912
[TOP10] mx5.a1  ×6
  .e : mx5.c2 = TypedList
  .f : java.util.List = []
  .g : boolean = false
  .h : fx5.s = kx5.h@bd964fd
  .i : fv5.l = yv5.a@d6b5ac0
  .d : int = 0
[TOP11] kc5.c0  ×4
  .d : kc5.n = kc5.n@7e4ce95
  .shadow$_klass_ : java.lang.Class = class kc5.c0
  .shadow$_monitor_ : int = 0
[TOP12] com.android.org.conscrypt.OpenSSLX509Certificate  ×4
  .mContext : long = 495778570760
  .mHashCode : java.lang.Integer = 257618496
  .notAfter : java.util.Date = Sat Sep 12 07:59:59 GMT+08:00 2026
  .notBefore : java.util.Date = Wed Feb 25 08:00:00 GMT+08:00 2026
  .serialVersionUID : long = 1992239142393372128
  .issuerX500Principal : javax.security.auth.x500.X500Principal = null
  .subjectX500Principal : javax.security.auth.x500.X500Principal = null
  .serialVersionUID : long = -2491127588187038216
  .hash : int = 257618496
  .type : java.lang.String = X.509
  .serialVersionUID : long = -3585440601605666277
  .shadow$_klass_ : java.lang.Class = class com.android.org.conscrypt.OpenSSLX509Certificate
  .shadow$_monitor_ : int = 0
[TOP13] za3.u  ×4
  .d : fv5.l = null
  .e : int = -1
  .a : z93.e = null
  .b : ca3.c = null
  .c : java.lang.String = null
  .shadow$_klass_ : java.lang.Class = class za3.u
  .shadow$_monitor_ : int = 0
[TOP14] za3.v  ×4
  .d : fv5.l = null
  .e : int = -1
  .a : z93.e = null
  .b : ca3.c = null
  .c : java.lang.String = null
  .shadow$_klass_ : java.lang.Class = class za3.v
  .shadow$_monitor_ : int = 0
[TOP15] za3.c  ×4
  .d : fv5.l = null
  .e : int = -1
  .a : z93.e = null
  .b : ca3.c = null
  .c : java.lang.String = null
  .shadow$_klass_ : java.lang.Class = class za3.c
  .shadow$_monitor_ : int = 0
==================================================


========== addAll 类名统计（total=1060）==========
[TOP1] com.tencent.mm.storage.emotion.EmojiInfo  ×712
  .A2 : java.lang.String = /data/user/0/com.tencent.mm/MicroMsg/b7c5fabdba77ec4298df1f8e53d9af0c/emoji/
  .B2 : java.lang.String = null
  .C2 : java.lang.String = null
  .D2 : int = 0
  .E2 : int = 2
  .F2 : java.lang.String = 
  .G2 : java.lang.String = null
  .H2 : com.tencent.mm.api.EmotionStrategyInfo = null
  .I2 : fk.z6 = SEND_FROM_SCENE_DEFAULT
  .CREATOR : android.os.Parcelable$Creator = g65.i@c3636e5
  .J2 : s45.e0 = s45.e0@1ed55ba
  .A : boolean = true
  .B : boolean = true
  .C : boolean = true
  .D : boolean = true
  .E : boolean = true
  .F : boolean = true
  .G : boolean = true
  .H : boolean = true
  .I : boolean = true
  .J : boolean = true
  .K : boolean = true
  .L : boolean = true
  .M : boolean = true
  .N : boolean = true
  .P : boolean = true
  .Q : boolean = true
  .R : boolean = true
  .S : boolean = true
  .T : boolean = true
  .U : boolean = true
  .V : boolean = true
  .W : boolean = true
  .X : boolean = true
  .Y : boolean = true
  .Z : boolean = true
  .d : boolean = true
  .e : boolean = true
  .f : boolean = true
  .field_activityid : java.lang.String = Selfie:e5b8090c05e2b96e041b06deaf5c4e3b
  .field_aeskey : java.lang.String = 8d2ed35c639d313349d5150015c54869
  .field_app_id : java.lang.String = 
  .field_attachTextColor : java.lang.String = FFFFFF
  .field_attachedEmojiMD5 : [B = [B@a085c6b
  .field_attachedText : java.lang.String = 硬醒
  .field_attr : java.lang.String = 
  .field_captureEnterTime : long = 0
  .field_captureScene : int = 0
  .field_captureStatus : int = 0
  .field_captureUploadCounter : int = 0
  .field_captureUploadErrCode : int = 0
  .field_catalog : int = 81
  .field_cdnUrl : java.lang.String = http://wxapp.tc.qq.com/262/20304/stodownload?m=31fa2d85114d70f4749adc54f090a915&
  .field_content : java.lang.String = 
  .field_custom_meaning : java.lang.String = null
  .field_designerID : java.lang.String = 
  .field_emojiFlag : long = 0
  .field_encrypturl : java.lang.String = http://wxapp.tc.qq.com/262/20304/stodownload?m=552437ce2890fbc99d8aa01931cd7ee8&
  .field_externMd5 : java.lang.String = e4e9fc259e7ea26a531dafd579f938a5
  .field_externUrl : java.lang.String = http://wxapp.tc.qq.com/262/20304/stodownload?m=0f25cb37f419cf311002c007d2a7ed81&
  .field_framesInfo : java.lang.String = 
  .field_groupId : java.lang.String = 
  .field_height : int = 0
  .field_idx : int = 0
  .field_imitateMd5 : java.lang.String = 
  .field_isOcrProcessed : int = 0
  .field_lastUseTime : long = 1779193464705
  .field_lensId : java.lang.String = 
  .field_linkId : java.lang.String = 
  .field_md5 : java.lang.String = 31fa2d85114d70f4749adc54f090a915
  .field_meanings : java.lang.String = null
  .field_name : java.lang.String = 
  .field_needupload : int = 0
  .field_reserved1 : java.lang.String = 
  .field_reserved2 : java.lang.String = 
  .field_reserved3 : int = 1
  .field_reserved4 : int = 1
  .field_size : int = 53970
  .field_source : int = 1
  .field_start : int = 0
  .field_state : int = 3
  .field_storeUnique : int = 0
  .field_svrid : java.lang.String = 
  .field_temp : int = 0
  .field_thumbUrl : java.lang.String = 
  .field_tpauthkey : java.lang.String = null
  .field_tpurl : java.lang.String = null
  .field_type : int = 1
  .field_width : int = 0
  .field_wxamMd5 : java.lang.String = null
  .g : boolean = true
  .h : boolean = true
  .i : boolean = true
  .l1 : boolean = true
  .m : boolean = true
  .n : boolean = true
  .o : boolean = true
  .p : boolean = true
  .p0 : boolean = true
  .p1 : boolean = true
  .q : boolean = true
  .r : boolean = true
  .s : boolean = true
  .t : boolean = true
  .u : boolean = true
  .v : boolean = true
  .v1 : boolean = true
  .w : boolean = true
  .x : boolean = true
  .x0 : boolean = true
  .y : boolean = true
  .y0 : boolean = true
  .z : boolean = true
  .A1 : int = 555704345
  .B1 : int = 3575610
  .C1 : int = 3530753
  .D1 : int = 109757538
  .E1 : int = 109757585
  .F1 : int = 3373707
  .G1 : int = 951530617
  .H1 : int = 2022955529
  .I1 : int = 2022955530
  .J1 : int = 2022955531
  .K1 : int = 2022955532
  .L1 : int = -1411074055
  .M1 : int = 293428218
  .N1 : int = 1736147326
  .O1 : int = -253322636
  .P1 : int = 104125
  .Q1 : int = 3556308
  .R1 : int = -896505829
  .S1 : int = -363311593
  .T1 : int = -28946106
  .U1 : int = 1566917561
  .V1 : int = -1364966910
  .W1 : int = -1512620822
  .X1 : int = -1421131984
  .Y1 : int = 113126854
  .Z1 : int = -1221029593
  .a2 : int = -609031761
  .b2 : int = -609039938
  .c2 : int = 2048620650
  .d2 : int = 110581107
  .e2 : int = 2063396283
  .f2 : int = 1767159665
  .g2 : int = -1664826127
  .h2 : int = 1961195224
  .i2 : int = -212895428
  .j2 : int = -1828144229
  .k2 : int = 1581142539
  .l2 : int = -275695851
  .m2 : int = -1555904225
  .n2 : int = -1106353479
  .o2 : int = 1822793073
  .p2 : int = 755498214
  .q2 : int = 3004913
  .r2 : int = -1102667083
  .s2 : int = -981791210
  .t2 : int = -1141075430
  .u2 : int = 411788079
  .v2 : int = 1686003922
  .w1 : w45.i0 = w45.i0@77a23c8
  .w2 : int = -1776909294
  .x1 : [Ljava.lang.String; = [Ljava.lang.String;@b4e5447
  .x2 : int = 108705909
  .y1 : int = 107902
  .y2 : s45.e0 = s45.e0@3f1b474
  .z1 : int = 109833162
  .z2 : v45.e = v45.e@89d5d9d
  .systemRowid : long = -1
  .COL_ROWID : java.lang.String = rowid
  .FIELD_PREFIX : java.lang.String = field_
  .SYSTEM_ROWID_FIELD : java.lang.String = rowid
  .TAG : java.lang.String = MicroMsg.SDK.IAutoDBItem
  .shadow$_klass_ : java.lang.Class = class com.tencent.mm.storage.emotion.EmojiInfo
  .shadow$_monitor_ : int = 0
[TOP2] com.tencent.mm.plugin.appbrand.appusage.AppBrandRecentTaskInfo  ×128
  .A : int = 0
  .B : boolean = false
  .C : long = 1776746062
  .D : int = 103967
  .E : int = 0
  .F : int = 0
  .G : boolean = false
  .v : java.lang.String = 119855199
  .w : java.lang.String = gh_870576f3c6f9@app
  .x : java.lang.String = 美团丨外卖团购特价美食酒店电影
  .y : java.lang.String = http://wx.qlogo.cn/mmhead/OM4v0FU2h0uaKUxzTLeRmuQ9GibmzugclJyqD36q6AYfaRFUoYALQs
  .z : int = 0
  .d : java.lang.String = gh_870576f3c6f9@app
  .e : java.lang.String = wxde8ac0a21135c07d
  .f : int = 0
  .g : int = 1543
  .h : java.lang.String = 美团丨外卖团购特价美食酒店电影
  .i : java.lang.String = null
  .m : java.lang.String = 
  .n : java.lang.String = http://wx.qlogo.cn/mmhead/OM4v0FU2h0uaKUxzTLeRmuQ9GibmzugclJyqD36q6AYfaRFUoYALQs
  .o : boolean = false
  .p : long = 0
  .q : long = 0
  .r : boolean = false
  .s : java.lang.String = null
  .t : java.lang.String = 
  .u : com.tencent.mm.plugin.appbrand.appusage.AppBrandCommUseInfo = null
  .CREATOR : android.os.Parcelable$Creator = com.tencent.mm.plugin.appbrand.appusage.h6@4f00d22
  .shadow$_klass_ : java.lang.Class = class com.tencent.mm.plugin.appbrand.appusage.AppBrandRecentTaskInfo
  .shadow$_monitor_ : int = 0
[TOP3] uw5.c  ×24
  .a : uw5.e = kotlin.Char
  .b : uw5.c = kotlin
  .c : uw5.c = <root>
  .shadow$_klass_ : java.lang.Class = class uw5.c
  .shadow$_monitor_ : int = 536870912
[TOP4] rc.g  ×23
  .a : java.util.Map = {isCNPayWalletRegion=rc.f@f6276d5, getAccountInfo=rc.f@adfaeea}
  .b : java.util.Map = {}
  .c : java.lang.Class = class com.tencent.mm.plugin.lite.dynamic_module.LiteAppModuleWx
  .d : java.lang.String = wx
  .shadow$_klass_ : java.lang.Class = class rc.g
  .shadow$_monitor_ : int = 0
[TOP5] miui.content.res.ThemeResources$FilterInfo  ×16
  .mFallback : com.miui.internal.content.res.ThemeFallback = com.miui.internal.content.res.ThemeFallback@cefbc18
  .mNightMode : boolean = false
  .mPackages : java.util.HashSet = null
  .mPath : java.lang.String = 
  .mValues : miui.content.res.ThemeValues = miui.content.res.ThemeValues@ff29671
  .shadow$_klass_ : java.lang.Class = class miui.content.res.ThemeResources$FilterInfo
  .shadow$_monitor_ : int = 0
[TOP6] jw1.d  ×12
  .a : int = 1
  .b : int = 16
  .c : boolean = true
  .d : boolean = false
  .e : java.lang.ref.WeakReference = null
  .f : fw1.b = null
  .shadow$_klass_ : java.lang.Class = class jw1.d
  .shadow$_monitor_ : int = 0
[TOP7] kc5.y  ×12
  .d : com.tencent.mm.storage.l4 = com.tencent.mm.storage.l4@1b109c7
  .e : java.lang.CharSequence = 公众号
  .f : java.lang.String = 公众号
  .g : java.lang.CharSequence = 昨天
  .h : java.lang.CharSequence = 快讯: 贵定暴雨致7320人受灾，应急救援工作正有序开展，当地：今晚预报还有中到大雨，存在水位上涨可能
  .i : int = -1
  .m : int = 13
  .n : int = 0
  .o : int = 0
  .p : boolean = false
  .q : boolean = false
  .r : boolean = false
  .s : boolean = false
  .t : boolean = false
  .u : boolean = true
  .v : boolean = false
  .w : z15.fe7 = z15.fe7@a40d58c
  .x : boolean = false
  .y : java.lang.String = null
  .z : int = 1
  .shadow$_klass_ : java.lang.Class = class kc5.y
  .shadow$_monitor_ : int = 0
[TOP8] dalvik.system.DexPathList$NativeLibraryElement  ×11
  .initialized : boolean = false
  .path : java.io.File = /system/app/MiuiContentCatcher/MiuiContentCatcher.apk
  .urlHandler : libcore.io.ClassPathURLStreamHandler = null
  .zipDir : java.lang.String = lib/arm64-v8a
  .shadow$_klass_ : java.lang.Class = class dalvik.system.DexPathList$NativeLibraryElement
  .shadow$_monitor_ : int = 0
[TOP9] wq.y0  ×10
  .a : wq.r = wq.s@c7449e3
  .b : int = -1
  .shadow$_klass_ : java.lang.Class = class wq.y0
  .shadow$_monitor_ : int = 536870912
[TOP10] mx5.a1  ×6
  .e : mx5.c2 = TypedList
  .f : java.util.List = []
  .g : boolean = false
  .h : fx5.s = kx5.h@bd964fd
  .i : fv5.l = yv5.a@d6b5ac0
  .d : int = 0
[TOP11] kc5.c0  ×4
  .d : kc5.n = kc5.n@7e4ce95
  .shadow$_klass_ : java.lang.Class = class kc5.c0
  .shadow$_monitor_ : int = 0
[TOP12] com.android.org.conscrypt.OpenSSLX509Certificate  ×4
  .mContext : long = 495778570760
  .mHashCode : java.lang.Integer = 257618496
  .notAfter : java.util.Date = Sat Sep 12 07:59:59 GMT+08:00 2026
  .notBefore : java.util.Date = Wed Feb 25 08:00:00 GMT+08:00 2026
  .serialVersionUID : long = 1992239142393372128
  .issuerX500Principal : javax.security.auth.x500.X500Principal = null
  .subjectX500Principal : javax.security.auth.x500.X500Principal = null
  .serialVersionUID : long = -2491127588187038216
  .hash : int = 257618496
  .type : java.lang.String = X.509
  .serialVersionUID : long = -3585440601605666277
  .shadow$_klass_ : java.lang.Class = class com.android.org.conscrypt.OpenSSLX509Certificate
  .shadow$_monitor_ : int = 0
[TOP13] za3.u  ×4
  .d : fv5.l = null
  .e : int = -1
  .a : z93.e = null
  .b : ca3.c = null
  .c : java.lang.String = null
  .shadow$_klass_ : java.lang.Class = class za3.u
  .shadow$_monitor_ : int = 0
[TOP14] za3.v  ×4
  .d : fv5.l = null
  .e : int = -1
  .a : z93.e = null
  .b : ca3.c = null
  .c : java.lang.String = null
  .shadow$_klass_ : java.lang.Class = class za3.v
  .shadow$_monitor_ : int = 0
[TOP15] za3.c  ×4
  .d : fv5.l = null
  .e : int = -1
  .a : z93.e = null
  .b : ca3.c = null
  .c : java.lang.String = null
  .shadow$_klass_ : java.lang.Class = class za3.c
  .shadow$_monitor_ : int = 0
==================================================


========== addAll 类名统计（total=1060）==========
[TOP1] com.tencent.mm.storage.emotion.EmojiInfo  ×712
  .A2 : java.lang.String = /data/user/0/com.tencent.mm/MicroMsg/b7c5fabdba77ec4298df1f8e53d9af0c/emoji/
  .B2 : java.lang.String = null
  .C2 : java.lang.String = null
  .D2 : int = 0
  .E2 : int = 2
  .F2 : java.lang.String = 
  .G2 : java.lang.String = null
  .H2 : com.tencent.mm.api.EmotionStrategyInfo = null
  .I2 : fk.z6 = SEND_FROM_SCENE_DEFAULT
  .CREATOR : android.os.Parcelable$Creator = g65.i@c3636e5
  .J2 : s45.e0 = s45.e0@1ed55ba
  .A : boolean = true
  .B : boolean = true
  .C : boolean = true
  .D : boolean = true
  .E : boolean = true
  .F : boolean = true
  .G : boolean = true
  .H : boolean = true
  .I : boolean = true
  .J : boolean = true
  .K : boolean = true
  .L : boolean = true
  .M : boolean = true
  .N : boolean = true
  .P : boolean = true
  .Q : boolean = true
  .R : boolean = true
  .S : boolean = true
  .T : boolean = true
  .U : boolean = true
  .V : boolean = true
  .W : boolean = true
  .X : boolean = true
  .Y : boolean = true
  .Z : boolean = true
  .d : boolean = true
  .e : boolean = true
  .f : boolean = true
  .field_activityid : java.lang.String = Selfie:e5b8090c05e2b96e041b06deaf5c4e3b
  .field_aeskey : java.lang.String = 8d2ed35c639d313349d5150015c54869
  .field_app_id : java.lang.String = 
  .field_attachTextColor : java.lang.String = FFFFFF
  .field_attachedEmojiMD5 : [B = [B@a085c6b
  .field_attachedText : java.lang.String = 硬醒
  .field_attr : java.lang.String = 
  .field_captureEnterTime : long = 0
  .field_captureScene : int = 0
  .field_captureStatus : int = 0
  .field_captureUploadCounter : int = 0
  .field_captureUploadErrCode : int = 0
  .field_catalog : int = 81
  .field_cdnUrl : java.lang.String = http://wxapp.tc.qq.com/262/20304/stodownload?m=31fa2d85114d70f4749adc54f090a915&
  .field_content : java.lang.String = 
  .field_custom_meaning : java.lang.String = null
  .field_designerID : java.lang.String = 
  .field_emojiFlag : long = 0
  .field_encrypturl : java.lang.String = http://wxapp.tc.qq.com/262/20304/stodownload?m=552437ce2890fbc99d8aa01931cd7ee8&
  .field_externMd5 : java.lang.String = e4e9fc259e7ea26a531dafd579f938a5
  .field_externUrl : java.lang.String = http://wxapp.tc.qq.com/262/20304/stodownload?m=0f25cb37f419cf311002c007d2a7ed81&
  .field_framesInfo : java.lang.String = 
  .field_groupId : java.lang.String = 
  .field_height : int = 0
  .field_idx : int = 0
  .field_imitateMd5 : java.lang.String = 
  .field_isOcrProcessed : int = 0
  .field_lastUseTime : long = 1779193464705
  .field_lensId : java.lang.String = 
  .field_linkId : java.lang.String = 
  .field_md5 : java.lang.String = 31fa2d85114d70f4749adc54f090a915
  .field_meanings : java.lang.String = null
  .field_name : java.lang.String = 
  .field_needupload : int = 0
  .field_reserved1 : java.lang.String = 
  .field_reserved2 : java.lang.String = 
  .field_reserved3 : int = 1
  .field_reserved4 : int = 1
  .field_size : int = 53970
  .field_source : int = 1
  .field_start : int = 0
  .field_state : int = 3
  .field_storeUnique : int = 0
  .field_svrid : java.lang.String = 
  .field_temp : int = 0
  .field_thumbUrl : java.lang.String = 
  .field_tpauthkey : java.lang.String = null
  .field_tpurl : java.lang.String = null
  .field_type : int = 1
  .field_width : int = 0
  .field_wxamMd5 : java.lang.String = null
  .g : boolean = true
  .h : boolean = true
  .i : boolean = true
  .l1 : boolean = true
  .m : boolean = true
  .n : boolean = true
  .o : boolean = true
  .p : boolean = true
  .p0 : boolean = true
  .p1 : boolean = true
  .q : boolean = true
  .r : boolean = true
  .s : boolean = true
  .t : boolean = true
  .u : boolean = true
  .v : boolean = true
  .v1 : boolean = true
  .w : boolean = true
  .x : boolean = true
  .x0 : boolean = true
  .y : boolean = true
  .y0 : boolean = true
  .z : boolean = true
  .A1 : int = 555704345
  .B1 : int = 3575610
  .C1 : int = 3530753
  .D1 : int = 109757538
  .E1 : int = 109757585
  .F1 : int = 3373707
  .G1 : int = 951530617
  .H1 : int = 2022955529
  .I1 : int = 2022955530
  .J1 : int = 2022955531
  .K1 : int = 2022955532
  .L1 : int = -1411074055
  .M1 : int = 293428218
  .N1 : int = 1736147326
  .O1 : int = -253322636
  .P1 : int = 104125
  .Q1 : int = 3556308
  .R1 : int = -896505829
  .S1 : int = -363311593
  .T1 : int = -28946106
  .U1 : int = 1566917561
  .V1 : int = -1364966910
  .W1 : int = -1512620822
  .X1 : int = -1421131984
  .Y1 : int = 113126854
  .Z1 : int = -1221029593
  .a2 : int = -609031761
  .b2 : int = -609039938
  .c2 : int = 2048620650
  .d2 : int = 110581107
  .e2 : int = 2063396283
  .f2 : int = 1767159665
  .g2 : int = -1664826127
  .h2 : int = 1961195224
  .i2 : int = -212895428
  .j2 : int = -1828144229
  .k2 : int = 1581142539
  .l2 : int = -275695851
  .m2 : int = -1555904225
  .n2 : int = -1106353479
  .o2 : int = 1822793073
  .p2 : int = 755498214
  .q2 : int = 3004913
  .r2 : int = -1102667083
  .s2 : int = -981791210
  .t2 : int = -1141075430
  .u2 : int = 411788079
  .v2 : int = 1686003922
  .w1 : w45.i0 = w45.i0@77a23c8
  .w2 : int = -1776909294
  .x1 : [Ljava.lang.String; = [Ljava.lang.String;@b4e5447
  .x2 : int = 108705909
  .y1 : int = 107902
  .y2 : s45.e0 = s45.e0@3f1b474
  .z1 : int = 109833162
  .z2 : v45.e = v45.e@89d5d9d
  .systemRowid : long = -1
  .COL_ROWID : java.lang.String = rowid
  .FIELD_PREFIX : java.lang.String = field_
  .SYSTEM_ROWID_FIELD : java.lang.String = rowid
  .TAG : java.lang.String = MicroMsg.SDK.IAutoDBItem
  .shadow$_klass_ : java.lang.Class = class com.tencent.mm.storage.emotion.EmojiInfo
  .shadow$_monitor_ : int = 0
[TOP2] com.tencent.mm.plugin.appbrand.appusage.AppBrandRecentTaskInfo  ×128
  .A : int = 0
  .B : boolean = false
  .C : long = 1776746062
  .D : int = 103967
  .E : int = 0
  .F : int = 0
  .G : boolean = false
  .v : java.lang.String = 119855199
  .w : java.lang.String = gh_870576f3c6f9@app
  .x : java.lang.String = 美团丨外卖团购特价美食酒店电影
  .y : java.lang.String = http://wx.qlogo.cn/mmhead/OM4v0FU2h0uaKUxzTLeRmuQ9GibmzugclJyqD36q6AYfaRFUoYALQs
  .z : int = 0
  .d : java.lang.String = gh_870576f3c6f9@app
  .e : java.lang.String = wxde8ac0a21135c07d
  .f : int = 0
  .g : int = 1543
  .h : java.lang.String = 美团丨外卖团购特价美食酒店电影
  .i : java.lang.String = null
  .m : java.lang.String = 
  .n : java.lang.String = http://wx.qlogo.cn/mmhead/OM4v0FU2h0uaKUxzTLeRmuQ9GibmzugclJyqD36q6AYfaRFUoYALQs
  .o : boolean = false
  .p : long = 0
  .q : long = 0
  .r : boolean = false
  .s : java.lang.String = null
  .t : java.lang.String = 
  .u : com.tencent.mm.plugin.appbrand.appusage.AppBrandCommUseInfo = null
  .CREATOR : android.os.Parcelable$Creator = com.tencent.mm.plugin.appbrand.appusage.h6@4f00d22
  .shadow$_klass_ : java.lang.Class = class com.tencent.mm.plugin.appbrand.appusage.AppBrandRecentTaskInfo
  .shadow$_monitor_ : int = 0
[TOP3] uw5.c  ×24
  .a : uw5.e = kotlin.Char
  .b : uw5.c = kotlin
  .c : uw5.c = <root>
  .shadow$_klass_ : java.lang.Class = class uw5.c
  .shadow$_monitor_ : int = 536870912
[TOP4] rc.g  ×23
  .a : java.util.Map = {isCNPayWalletRegion=rc.f@f6276d5, getAccountInfo=rc.f@adfaeea}
  .b : java.util.Map = {}
  .c : java.lang.Class = class com.tencent.mm.plugin.lite.dynamic_module.LiteAppModuleWx
  .d : java.lang.String = wx
  .shadow$_klass_ : java.lang.Class = class rc.g
  .shadow$_monitor_ : int = 0
[TOP5] miui.content.res.ThemeResources$FilterInfo  ×16
  .mFallback : com.miui.internal.content.res.ThemeFallback = com.miui.internal.content.res.ThemeFallback@cefbc18
  .mNightMode : boolean = false
  .mPackages : java.util.HashSet = null
  .mPath : java.lang.String = 
  .mValues : miui.content.res.ThemeValues = miui.content.res.ThemeValues@ff29671
  .shadow$_klass_ : java.lang.Class = class miui.content.res.ThemeResources$FilterInfo
  .shadow$_monitor_ : int = 0
[TOP6] jw1.d  ×12
  .a : int = 1
  .b : int = 16
  .c : boolean = true
  .d : boolean = false
  .e : java.lang.ref.WeakReference = null
  .f : fw1.b = null
  .shadow$_klass_ : java.lang.Class = class jw1.d
  .shadow$_monitor_ : int = 0
[TOP7] kc5.y  ×12
  .d : com.tencent.mm.storage.l4 = com.tencent.mm.storage.l4@1b109c7
  .e : java.lang.CharSequence = 公众号
  .f : java.lang.String = 公众号
  .g : java.lang.CharSequence = 昨天
  .h : java.lang.CharSequence = 快讯: 贵定暴雨致7320人受灾，应急救援工作正有序开展，当地：今晚预报还有中到大雨，存在水位上涨可能
  .i : int = -1
  .m : int = 13
  .n : int = 0
  .o : int = 0
  .p : boolean = false
  .q : boolean = false
  .r : boolean = false
  .s : boolean = false
  .t : boolean = false
  .u : boolean = true
  .v : boolean = false
  .w : z15.fe7 = z15.fe7@a40d58c
  .x : boolean = false
  .y : java.lang.String = null
  .z : int = 1
  .shadow$_klass_ : java.lang.Class = class kc5.y
  .shadow$_monitor_ : int = 0
[TOP8] dalvik.system.DexPathList$NativeLibraryElement  ×11
  .initialized : boolean = false
  .path : java.io.File = /system/app/MiuiContentCatcher/MiuiContentCatcher.apk
  .urlHandler : libcore.io.ClassPathURLStreamHandler = null
  .zipDir : java.lang.String = lib/arm64-v8a
  .shadow$_klass_ : java.lang.Class = class dalvik.system.DexPathList$NativeLibraryElement
  .shadow$_monitor_ : int = 0
[TOP9] wq.y0  ×10
  .a : wq.r = wq.s@c7449e3
  .b : int = -1
  .shadow$_klass_ : java.lang.Class = class wq.y0
  .shadow$_monitor_ : int = 536870912
[TOP10] mx5.a1  ×6
  .e : mx5.c2 = TypedList
  .f : java.util.List = []
  .g : boolean = false
  .h : fx5.s = kx5.h@bd964fd
  .i : fv5.l = yv5.a@d6b5ac0
  .d : int = 0
[TOP11] kc5.c0  ×4
  .d : kc5.n = kc5.n@7e4ce95
  .shadow$_klass_ : java.lang.Class = class kc5.c0
  .shadow$_monitor_ : int = 0
[TOP12] com.android.org.conscrypt.OpenSSLX509Certificate  ×4
  .mContext : long = 495778570760
  .mHashCode : java.lang.Integer = 257618496
  .notAfter : java.util.Date = Sat Sep 12 07:59:59 GMT+08:00 2026
  .notBefore : java.util.Date = Wed Feb 25 08:00:00 GMT+08:00 2026
  .serialVersionUID : long = 1992239142393372128
  .issuerX500Principal : javax.security.auth.x500.X500Principal = null
  .subjectX500Principal : javax.security.auth.x500.X500Principal = null
  .serialVersionUID : long = -2491127588187038216
  .hash : int = 257618496
  .type : java.lang.String = X.509
  .serialVersionUID : long = -3585440601605666277
  .shadow$_klass_ : java.lang.Class = class com.android.org.conscrypt.OpenSSLX509Certificate
  .shadow$_monitor_ : int = 0
[TOP13] za3.u  ×4
  .d : fv5.l = null
  .e : int = -1
  .a : z93.e = null
  .b : ca3.c = null
  .c : java.lang.String = null
  .shadow$_klass_ : java.lang.Class = class za3.u
  .shadow$_monitor_ : int = 0
[TOP14] za3.v  ×4
  .d : fv5.l = null
  .e : int = -1
  .a : z93.e = null
  .b : ca3.c = null
  .c : java.lang.String = null
  .shadow$_klass_ : java.lang.Class = class za3.v
  .shadow$_monitor_ : int = 0
[TOP15] za3.c  ×4
  .d : fv5.l = null
  .e : int = -1
  .a : z93.e = null
  .b : ca3.c = null
  .c : java.lang.String = null
  .shadow$_klass_ : java.lang.Class = class za3.c
  .shadow$_monitor_ : int = 0
==================================================

[NEW] com.tencent.mars.smc.IDKey (首次出现，字段见统计报告)

========== addAll 类名统计（total=1113）==========
[TOP1] com.tencent.mm.storage.emotion.EmojiInfo  ×712
  .A2 : java.lang.String = /data/user/0/com.tencent.mm/MicroMsg/b7c5fabdba77ec4298df1f8e53d9af0c/emoji/
  .B2 : java.lang.String = null
  .C2 : java.lang.String = null
  .D2 : int = 0
  .E2 : int = 2
  .F2 : java.lang.String = 
  .G2 : java.lang.String = null
  .H2 : com.tencent.mm.api.EmotionStrategyInfo = null
  .I2 : fk.z6 = SEND_FROM_SCENE_DEFAULT
  .CREATOR : android.os.Parcelable$Creator = g65.i@c3636e5
  .J2 : s45.e0 = s45.e0@1ed55ba
  .A : boolean = true
  .B : boolean = true
  .C : boolean = true
  .D : boolean = true
  .E : boolean = true
  .F : boolean = true
  .G : boolean = true
  .H : boolean = true
  .I : boolean = true
  .J : boolean = true
  .K : boolean = true
  .L : boolean = true
  .M : boolean = true
  .N : boolean = true
  .P : boolean = true
  .Q : boolean = true
  .R : boolean = true
  .S : boolean = true
  .T : boolean = true
  .U : boolean = true
  .V : boolean = true
  .W : boolean = true
  .X : boolean = true
  .Y : boolean = true
  .Z : boolean = true
  .d : boolean = true
  .e : boolean = true
  .f : boolean = true
  .field_activityid : java.lang.String = Selfie:e5b8090c05e2b96e041b06deaf5c4e3b
  .field_aeskey : java.lang.String = 8d2ed35c639d313349d5150015c54869
  .field_app_id : java.lang.String = 
  .field_attachTextColor : java.lang.String = FFFFFF
  .field_attachedEmojiMD5 : [B = [B@a085c6b
  .field_attachedText : java.lang.String = 硬醒
  .field_attr : java.lang.String = 
  .field_captureEnterTime : long = 0
  .field_captureScene : int = 0
  .field_captureStatus : int = 0
  .field_captureUploadCounter : int = 0
  .field_captureUploadErrCode : int = 0
  .field_catalog : int = 81
  .field_cdnUrl : java.lang.String = http://wxapp.tc.qq.com/262/20304/stodownload?m=31fa2d85114d70f4749adc54f090a915&
  .field_content : java.lang.String = 
  .field_custom_meaning : java.lang.String = null
  .field_designerID : java.lang.String = 
  .field_emojiFlag : long = 0
  .field_encrypturl : java.lang.String = http://wxapp.tc.qq.com/262/20304/stodownload?m=552437ce2890fbc99d8aa01931cd7ee8&
  .field_externMd5 : java.lang.String = e4e9fc259e7ea26a531dafd579f938a5
  .field_externUrl : java.lang.String = http://wxapp.tc.qq.com/262/20304/stodownload?m=0f25cb37f419cf311002c007d2a7ed81&
  .field_framesInfo : java.lang.String = 
  .field_groupId : java.lang.String = 
  .field_height : int = 0
  .field_idx : int = 0
  .field_imitateMd5 : java.lang.String = 
  .field_isOcrProcessed : int = 0
  .field_lastUseTime : long = 1779193464705
  .field_lensId : java.lang.String = 
  .field_linkId : java.lang.String = 
  .field_md5 : java.lang.String = 31fa2d85114d70f4749adc54f090a915
  .field_meanings : java.lang.String = null
  .field_name : java.lang.String = 
  .field_needupload : int = 0
  .field_reserved1 : java.lang.String = 
  .field_reserved2 : java.lang.String = 
  .field_reserved3 : int = 1
  .field_reserved4 : int = 1
  .field_size : int = 53970
  .field_source : int = 1
  .field_start : int = 0
  .field_state : int = 3
  .field_storeUnique : int = 0
  .field_svrid : java.lang.String = 
  .field_temp : int = 0
  .field_thumbUrl : java.lang.String = 
  .field_tpauthkey : java.lang.String = null
  .field_tpurl : java.lang.String = null
  .field_type : int = 1
  .field_width : int = 0
  .field_wxamMd5 : java.lang.String = null
  .g : boolean = true
  .h : boolean = true
  .i : boolean = true
  .l1 : boolean = true
  .m : boolean = true
  .n : boolean = true
  .o : boolean = true
  .p : boolean = true
  .p0 : boolean = true
  .p1 : boolean = true
  .q : boolean = true
  .r : boolean = true
  .s : boolean = true
  .t : boolean = true
  .u : boolean = true
  .v : boolean = true
  .v1 : boolean = true
  .w : boolean = true
  .x : boolean = true
  .x0 : boolean = true
  .y : boolean = true
  .y0 : boolean = true
  .z : boolean = true
  .A1 : int = 555704345
  .B1 : int = 3575610
  .C1 : int = 3530753
  .D1 : int = 109757538
  .E1 : int = 109757585
  .F1 : int = 3373707
  .G1 : int = 951530617
  .H1 : int = 2022955529
  .I1 : int = 2022955530
  .J1 : int = 2022955531
  .K1 : int = 2022955532
  .L1 : int = -1411074055
  .M1 : int = 293428218
  .N1 : int = 1736147326
  .O1 : int = -253322636
  .P1 : int = 104125
  .Q1 : int = 3556308
  .R1 : int = -896505829
  .S1 : int = -363311593
  .T1 : int = -28946106
  .U1 : int = 1566917561
  .V1 : int = -1364966910
  .W1 : int = -1512620822
  .X1 : int = -1421131984
  .Y1 : int = 113126854
  .Z1 : int = -1221029593
  .a2 : int = -609031761
  .b2 : int = -609039938
  .c2 : int = 2048620650
  .d2 : int = 110581107
  .e2 : int = 2063396283
  .f2 : int = 1767159665
  .g2 : int = -1664826127
  .h2 : int = 1961195224
  .i2 : int = -212895428
  .j2 : int = -1828144229
  .k2 : int = 1581142539
  .l2 : int = -275695851
  .m2 : int = -1555904225
  .n2 : int = -1106353479
  .o2 : int = 1822793073
  .p2 : int = 755498214
  .q2 : int = 3004913
  .r2 : int = -1102667083
  .s2 : int = -981791210
  .t2 : int = -1141075430
  .u2 : int = 411788079
  .v2 : int = 1686003922
  .w1 : w45.i0 = w45.i0@77a23c8
  .w2 : int = -1776909294
  .x1 : [Ljava.lang.String; = [Ljava.lang.String;@b4e5447
  .x2 : int = 108705909
  .y1 : int = 107902
  .y2 : s45.e0 = s45.e0@3f1b474
  .z1 : int = 109833162
  .z2 : v45.e = v45.e@89d5d9d
  .systemRowid : long = -1
  .COL_ROWID : java.lang.String = rowid
  .FIELD_PREFIX : java.lang.String = field_
  .SYSTEM_ROWID_FIELD : java.lang.String = rowid
  .TAG : java.lang.String = MicroMsg.SDK.IAutoDBItem
  .shadow$_klass_ : java.lang.Class = class com.tencent.mm.storage.emotion.EmojiInfo
  .shadow$_monitor_ : int = 0
[TOP2] com.tencent.mm.plugin.appbrand.appusage.AppBrandRecentTaskInfo  ×128
  .A : int = 0
  .B : boolean = false
  .C : long = 1776746062
  .D : int = 103967
  .E : int = 0
  .F : int = 0
  .G : boolean = false
  .v : java.lang.String = 119855199
  .w : java.lang.String = gh_870576f3c6f9@app
  .x : java.lang.String = 美团丨外卖团购特价美食酒店电影
  .y : java.lang.String = http://wx.qlogo.cn/mmhead/OM4v0FU2h0uaKUxzTLeRmuQ9GibmzugclJyqD36q6AYfaRFUoYALQs
  .z : int = 0
  .d : java.lang.String = gh_870576f3c6f9@app
  .e : java.lang.String = wxde8ac0a21135c07d
  .f : int = 0
  .g : int = 1543
  .h : java.lang.String = 美团丨外卖团购特价美食酒店电影
  .i : java.lang.String = null
  .m : java.lang.String = 
  .n : java.lang.String = http://wx.qlogo.cn/mmhead/OM4v0FU2h0uaKUxzTLeRmuQ9GibmzugclJyqD36q6AYfaRFUoYALQs
  .o : boolean = false
  .p : long = 0
  .q : long = 0
  .r : boolean = false
  .s : java.lang.String = null
  .t : java.lang.String = 
  .u : com.tencent.mm.plugin.appbrand.appusage.AppBrandCommUseInfo = null
  .CREATOR : android.os.Parcelable$Creator = com.tencent.mm.plugin.appbrand.appusage.h6@4f00d22
  .shadow$_klass_ : java.lang.Class = class com.tencent.mm.plugin.appbrand.appusage.AppBrandRecentTaskInfo
  .shadow$_monitor_ : int = 0
[TOP3] rc.g  ×51
  .a : java.util.Map = {isCNPayWalletRegion=rc.f@f6276d5, getAccountInfo=rc.f@adfaeea}
  .b : java.util.Map = {}
  .c : java.lang.Class = class com.tencent.mm.plugin.lite.dynamic_module.LiteAppModuleWx
  .d : java.lang.String = wx
  .shadow$_klass_ : java.lang.Class = class rc.g
  .shadow$_monitor_ : int = 0
[TOP4] com.tencent.mars.smc.IDKey  ×25
  .id : long = 1308
  .key : long = 1
  .value : long = 1
  .CREATOR : android.os.Parcelable$Creator = com.tencent.mars.smc.IDKey$1@e036e51
  .shadow$_klass_ : java.lang.Class = class com.tencent.mars.smc.IDKey
  .shadow$_monitor_ : int = 0
[TOP5] uw5.c  ×24
  .a : uw5.e = kotlin.Char
  .b : uw5.c = kotlin
  .c : uw5.c = <root>
  .shadow$_klass_ : java.lang.Class = class uw5.c
  .shadow$_monitor_ : int = 536870912
[TOP6] miui.content.res.ThemeResources$FilterInfo  ×16
  .mFallback : com.miui.internal.content.res.ThemeFallback = com.miui.internal.content.res.ThemeFallback@cefbc18
  .mNightMode : boolean = false
  .mPackages : java.util.HashSet = null
  .mPath : java.lang.String = 
  .mValues : miui.content.res.ThemeValues = miui.content.res.ThemeValues@ff29671
  .shadow$_klass_ : java.lang.Class = class miui.content.res.ThemeResources$FilterInfo
  .shadow$_monitor_ : int = 0
[TOP7] jw1.d  ×12
  .a : int = 1
  .b : int = 16
  .c : boolean = true
  .d : boolean = false
  .e : java.lang.ref.WeakReference = null
  .f : fw1.b = null
  .shadow$_klass_ : java.lang.Class = class jw1.d
  .shadow$_monitor_ : int = 0
[TOP8] kc5.y  ×12
  .d : com.tencent.mm.storage.l4 = com.tencent.mm.storage.l4@1b109c7
  .e : java.lang.CharSequence = 公众号
  .f : java.lang.String = 公众号
  .g : java.lang.CharSequence = 昨天
  .h : java.lang.CharSequence = 快讯: 贵定暴雨致7320人受灾，应急救援工作正有序开展，当地：今晚预报还有中到大雨，存在水位上涨可能
  .i : int = -1
  .m : int = 13
  .n : int = 0
  .o : int = 0
  .p : boolean = false
  .q : boolean = false
  .r : boolean = false
  .s : boolean = false
  .t : boolean = false
  .u : boolean = true
  .v : boolean = false
  .w : z15.fe7 = z15.fe7@a40d58c
  .x : boolean = false
  .y : java.lang.String = null
  .z : int = 1
  .shadow$_klass_ : java.lang.Class = class kc5.y
  .shadow$_monitor_ : int = 0
[TOP9] dalvik.system.DexPathList$NativeLibraryElement  ×11
  .initialized : boolean = false
  .path : java.io.File = /system/app/MiuiContentCatcher/MiuiContentCatcher.apk
  .urlHandler : libcore.io.ClassPathURLStreamHandler = null
  .zipDir : java.lang.String = lib/arm64-v8a
  .shadow$_klass_ : java.lang.Class = class dalvik.system.DexPathList$NativeLibraryElement
  .shadow$_monitor_ : int = 0
[TOP10] wq.y0  ×10
  .a : wq.r = wq.s@c7449e3
  .b : int = -1
  .shadow$_klass_ : java.lang.Class = class wq.y0
  .shadow$_monitor_ : int = 536870912
[TOP11] mx5.a1  ×6
  .e : mx5.c2 = TypedList
  .f : java.util.List = []
  .g : boolean = false
  .h : fx5.s = kx5.h@bd964fd
  .i : fv5.l = yv5.a@d6b5ac0
  .d : int = 0
[TOP12] kc5.c0  ×4
  .d : kc5.n = kc5.n@7e4ce95
  .shadow$_klass_ : java.lang.Class = class kc5.c0
  .shadow$_monitor_ : int = 0
[TOP13] com.android.org.conscrypt.OpenSSLX509Certificate  ×4
  .mContext : long = 495778570760
  .mHashCode : java.lang.Integer = 257618496
  .notAfter : java.util.Date = Sat Sep 12 07:59:59 GMT+08:00 2026
  .notBefore : java.util.Date = Wed Feb 25 08:00:00 GMT+08:00 2026
  .serialVersionUID : long = 1992239142393372128
  .issuerX500Principal : javax.security.auth.x500.X500Principal = null
  .subjectX500Principal : javax.security.auth.x500.X500Principal = null
  .serialVersionUID : long = -2491127588187038216
  .hash : int = 257618496
  .type : java.lang.String = X.509
  .serialVersionUID : long = -3585440601605666277
  .shadow$_klass_ : java.lang.Class = class com.android.org.conscrypt.OpenSSLX509Certificate
  .shadow$_monitor_ : int = 0
[TOP14] za3.u  ×4
  .d : fv5.l = null
  .e : int = -1
  .a : z93.e = null
  .b : ca3.c = null
  .c : java.lang.String = null
  .shadow$_klass_ : java.lang.Class = class za3.u
  .shadow$_monitor_ : int = 0
[TOP15] za3.v  ×4
  .d : fv5.l = null
  .e : int = -1
  .a : z93.e = null
  .b : ca3.c = null
  .c : java.lang.String = null
  .shadow$_klass_ : java.lang.Class = class za3.v
  .shadow$_monitor_ : int = 0
==================================================

