     ____
    / _  |   Frida 17.9.10 - A world-class dynamic instrumentation toolkit
   | (_| |
    > _  |   Commands:
   /_/ |_|       help      -> Displays the help system
   . . . .       object?   -> Display information about 'object'
   . . . .       exit/quit -> Exit
   . . . .
   . . . .   More info at https://frida.re/docs/home/
   . . . .
   . . . .   Connected to MI 9 (id=609b4b18)
Attaching...
18:34:45.620 [PU8071:Java.Field{holder: ApplicationInfo{24c6b9c com.tencent.mm}, fieldType: 2, fieldReturnType: Ljava/lang/String;, value: com.tencent.mm}:INIT] 进程=Java.Field{holder: ApplicationInfo{24c6b9c com.tencent.mm}, fieldType: 2, fieldReturnType: Ljava/lang/String;, value: com.tencent.mm} → 主进程模式
18:34:45.621 [PU8071:Java.Field{holder: ApplicationInfo{24c6b9c com.tencent.mm}, fieldType: 2, fieldReturnType: Ljava/lang/String;, value: com.tencent.mm}:INIT] 参考 Catfish 8.0.70 破解版实证：replaceNotification=总闸 showUnReadMsgCount=tab归零
18:34:45.621 [PU8071:Java.Field{holder: ApplicationInfo{24c6b9c com.tencent.mm}, fieldType: 2, fieldReturnType: Ljava/lang/String;, value: com.tencent.mm}:MODE] === 主进程 — 找 showUnReadMsgCount 等价 ===
18:34:46.327 [PU8071:Java.Field{holder: ApplicationInfo{24c6b9c com.tencent.mm}, fieldType: 2, fieldReturnType: Ljava/lang/String;, value: com.tencent.mm}:HOOK] LauncherUI ×1
18:34:46.331 [PU8071:Java.Field{holder: ApplicationInfo{24c6b9c com.tencent.mm}, fieldType: 2, fieldReturnType: Ljava/lang/String;, value: com.tencent.mm}:ERR] com.tencent.mm.ui.maintab.MainTabUI: java.lang.ClassNotFoundException: Didn't find class "com.tencent.mm.ui.maintab.MainTabUI" on path: DexPathList[[zip file "/data/user/0/com.tencent.mm/tinker/patch-b2c53cd6/dex/tinker_classN.apk"],nativeLibraryDirectories=[/data/user/0/com.tencent.mm/tinker/patch-b2c53cd6/lib/lib/arm64-v8a, /data/app/~~3b70A491-llST8--4goL8w==/com.tencent.mm-6Z-QeOfO6j_nv-YH34JDqA==/lib/arm64, /data/app/~~3b70A491-llST8--4goL8w==/com.tencent.mm-6Z-QeOfO6j_nv-YH34JDqA==/base.apk!/lib/arm64-v8a, /system/lib64, /system/system_ext/lib64]]
18:34:46.334 [PU8071:Java.Field{holder: ApplicationInfo{24c6b9c com.tencent.mm}, fieldType: 2, fieldReturnType: Ljava/lang/String;, value: com.tencent.mm}:ERR] com.tencent.mm.ui.maintab.MainTabUnreadMgr: java.lang.ClassNotFoundException: Didn't find class "com.tencent.mm.ui.maintab.MainTabUnreadMgr" on path: DexPathList[[zip file "/data/user/0/com.tencent.mm/tinker/patch-b2c53cd6/dex/tinker_classN.apk"],nativeLibraryDirectories=[/data/user/0/com.tencent.mm/tinker/patch-b2c53cd6/lib/lib/arm64-v8a, /data/app/~~3b70A491-llST8--4goL8w==/com.tencent.mm-6Z-QeOfO6j_nv-YH34JDqA==/lib/arm64, /data/app/~~3b70A491-llST8--4goL8w==/com.tencent.mm-6Z-QeOfO6j_nv-YH34JDqA==/base.apk!/lib/arm64-v8a, /system/lib64, /system/system_ext/lib64]]
18:34:46.337 [PU8071:Java.Field{holder: ApplicationInfo{24c6b9c com.tencent.mm}, fieldType: 2, fieldReturnType: Ljava/lang/String;, value: com.tencent.mm}:ERR] com.tencent.mm.plugin.notification.badge.BadgeManager: java.lang.ClassNotFoundException: Didn't find class "com.tencent.mm.plugin.notification.badge.BadgeManager" on path: DexPathList[[zip file "/data/user/0/com.tencent.mm/tinker/patch-b2c53cd6/dex/tinker_classN.apk"],nativeLibraryDirectories=[/data/user/0/com.tencent.mm/tinker/patch-b2c53cd6/lib/lib/arm64-v8a, /data/app/~~3b70A491-llST8--4goL8w==/com.tencent.mm-6Z-QeOfO6j_nv-YH34JDqA==/lib/arm64, /data/app/~~3b70A491-llST8--4goL8w==/com.tencent.mm-6Z-QeOfO6j_nv-YH34JDqA==/base.apk!/lib/arm64-v8a, /system/lib64, /system/system_ext/lib64]]
18:34:46.340 [PU8071:Java.Field{holder: ApplicationInfo{24c6b9c com.tencent.mm}, fieldType: 2, fieldReturnType: Ljava/lang/String;, value: com.tencent.mm}:ERR] com.tencent.mm.plugin.notification.badge.BadgeUtil: java.lang.ClassNotFoundException: Didn't find class "com.tencent.mm.plugin.notification.badge.BadgeUtil" on path: DexPathList[[zip file "/data/user/0/com.tencent.mm/tinker/patch-b2c53cd6/dex/tinker_classN.apk"],nativeLibraryDirectories=[/data/user/0/com.tencent.mm/tinker/patch-b2c53cd6/lib/lib/arm64-v8a, /data/app/~~3b70A491-llST8--4goL8w==/com.tencent.mm-6Z-QeOfO6j_nv-YH34JDqA==/lib/arm64, /data/app/~~3b70A491-llST8--4goL8w==/com.tencent.mm-6Z-QeOfO6j_nv-YH34JDqA==/base.apk!/lib/arm64-v8a, /system/lib64, /system/system_ext/lib64]]
18:34:46.342 [PU8071:Java.Field{holder: ApplicationInfo{24c6b9c com.tencent.mm}, fieldType: 2, fieldReturnType: Ljava/lang/String;, value: com.tencent.mm}:ERR] com.tencent.mm.plugin.notification.helper.NotificationHelper: java.lang.ClassNotFoundException: Didn't find class "com.tencent.mm.plugin.notification.helper.NotificationHelper" on path: DexPathList[[zip file "/data/user/0/com.tencent.mm/tinker/patch-b2c53cd6/dex/tinker_classN.apk"],nativeLibraryDirectories=[/data/user/0/com.tencent.mm/tinker/patch-b2c53cd6/lib/lib/arm64-v8a, /data/app/~~3b70A491-llST8--4goL8w==/com.tencent.mm-6Z-QeOfO6j_nv-YH34JDqA==/lib/arm64, /data/app/~~3b70A491-llST8--4goL8w==/com.tencent.mm-6Z-QeOfO6j_nv-YH34JDqA==/base.apk!/lib/arm64-v8a, /system/lib64, /system/system_ext/lib64]]
18:34:59.645 [PU8071:Java.Field{holder: ApplicationInfo{24c6b9c com.tencent.mm}, fieldType: 2, fieldReturnType: Ljava/lang/String;, value: com.tencent.mm}:SCAN] 主进程候选类: 455
18:34:59.645 [PU8071:Java.Field{holder: ApplicationInfo{24c6b9c com.tencent.mm}, fieldType: 2, fieldReturnType: Ljava/lang/String;, value: com.tencent.mm}:CAND] com.tencent.mm.plugin.finder.extension.reddot.ca
18:34:59.651 [PU8071:Java.Field{holder: ApplicationInfo{24c6b9c com.tencent.mm}, fieldType: 2, fieldReturnType: Ljava/lang/String;, value: com.tencent.mm}:CAND] com.tencent.mm.plugin.finder.extension.reddot.cb
18:34:59.654 [PU8071:Java.Field{holder: ApplicationInfo{24c6b9c com.tencent.mm}, fieldType: 2, fieldReturnType: Ljava/lang/String;, value: com.tencent.mm}:CAND] com.tencent.mm.plugin.finder.extension.reddot.e1
18:34:59.686 [PU8071:Java.Field{holder: ApplicationInfo{24c6b9c com.tencent.mm}, fieldType: 2, fieldReturnType: Ljava/lang/String;, value: com.tencent.mm}:CAND] com.tencent.mm.plugin.finder.extension.reddot.e4
18:34:59.688 [PU8071:Java.Field{holder: ApplicationInfo{24c6b9c com.tencent.mm}, fieldType: 2, fieldReturnType: Ljava/lang/String;, value: com.tencent.mm}:CAND] com.tencent.mm.plugin.finder.extension.reddot.db
18:34:59.691 [PU8071:Java.Field{holder: ApplicationInfo{24c6b9c com.tencent.mm}, fieldType: 2, fieldReturnType: Ljava/lang/String;, value: com.tencent.mm}:CAND] com.tencent.mm.plugin.finder.extension.reddot.f1
18:34:59.693 [PU8071:Java.Field{holder: ApplicationInfo{24c6b9c com.tencent.mm}, fieldType: 2, fieldReturnType: Ljava/lang/String;, value: com.tencent.mm}:CAND] com.tencent.mm.plugin.finder.extension.reddot.f2
18:34:59.696 [PU8071:Java.Field{holder: ApplicationInfo{24c6b9c com.tencent.mm}, fieldType: 2, fieldReturnType: Ljava/lang/String;, value: com.tencent.mm}:CAND] com.tencent.mm.plugin.finder.extension.reddot.f4
18:34:59.698 [PU8071:Java.Field{holder: ApplicationInfo{24c6b9c com.tencent.mm}, fieldType: 2, fieldReturnType: Ljava/lang/String;, value: com.tencent.mm}:CAND] com.tencent.mm.plugin.finder.extension.reddot.g0
18:34:59.700 [PU8071:Java.Field{holder: ApplicationInfo{24c6b9c com.tencent.mm}, fieldType: 2, fieldReturnType: Ljava/lang/String;, value: com.tencent.mm}:CAND] com.tencent.mm.plugin.finder.extension.reddot.g1
18:34:59.702 [PU8071:Java.Field{holder: ApplicationInfo{24c6b9c com.tencent.mm}, fieldType: 2, fieldReturnType: Ljava/lang/String;, value: com.tencent.mm}:CAND] com.tencent.mm.plugin.finder.extension.reddot.g2
18:34:59.704 [PU8071:Java.Field{holder: ApplicationInfo{24c6b9c com.tencent.mm}, fieldType: 2, fieldReturnType: Ljava/lang/String;, value: com.tencent.mm}:CAND] com.tencent.mm.plugin.finder.extension.reddot.g3
18:34:59.706 [PU8071:Java.Field{holder: ApplicationInfo{24c6b9c com.tencent.mm}, fieldType: 2, fieldReturnType: Ljava/lang/String;, value: com.tencent.mm}:CAND] com.tencent.mm.plugin.finder.extension.reddot.g4
18:34:59.716 [PU8071:Java.Field{holder: ApplicationInfo{24c6b9c com.tencent.mm}, fieldType: 2, fieldReturnType: Ljava/lang/String;, value: com.tencent.mm}:CAND] com.tencent.mm.plugin.finder.extension.reddot.g5
18:34:59.718 [PU8071:Java.Field{holder: ApplicationInfo{24c6b9c com.tencent.mm}, fieldType: 2, fieldReturnType: Ljava/lang/String;, value: com.tencent.mm}:CAND] com.tencent.mm.plugin.finder.extension.reddot.h0
18:34:59.721 [PU8071:Java.Field{holder: ApplicationInfo{24c6b9c com.tencent.mm}, fieldType: 2, fieldReturnType: Ljava/lang/String;, value: com.tencent.mm}:CAND] com.tencent.mm.plugin.finder.extension.reddot.h1
18:34:59.723 [PU8071:Java.Field{holder: ApplicationInfo{24c6b9c com.tencent.mm}, fieldType: 2, fieldReturnType: Ljava/lang/String;, value: com.tencent.mm}:CAND] com.tencent.mm.plugin.finder.extension.reddot.h4
18:34:59.726 [PU8071:Java.Field{holder: ApplicationInfo{24c6b9c com.tencent.mm}, fieldType: 2, fieldReturnType: Ljava/lang/String;, value: com.tencent.mm}:CAND] com.tencent.mm.plugin.finder.extension.reddot.h5
18:34:59.728 [PU8071:Java.Field{holder: ApplicationInfo{24c6b9c com.tencent.mm}, fieldType: 2, fieldReturnType: Ljava/lang/String;, value: com.tencent.mm}:CAND] com.tencent.mm.plugin.finder.extension.reddot.ga
18:34:59.758 [PU8071:Java.Field{holder: ApplicationInfo{24c6b9c com.tencent.mm}, fieldType: 2, fieldReturnType: Ljava/lang/String;, value: com.tencent.mm}:CAND] com.tencent.mm.plugin.finder.extension.reddot.gb
18:34:59.760 [PU8071:Java.Field{holder: ApplicationInfo{24c6b9c com.tencent.mm}, fieldType: 2, fieldReturnType: Ljava/lang/String;, value: com.tencent.mm}:CAND] com.tencent.mm.plugin.finder.extension.reddot.i1
18:34:59.764 [PU8071:Java.Field{holder: ApplicationInfo{24c6b9c com.tencent.mm}, fieldType: 2, fieldReturnType: Ljava/lang/String;, value: com.tencent.mm}:CAND] com.tencent.mm.plugin.finder.extension.reddot.i3
18:34:59.767 [PU8071:Java.Field{holder: ApplicationInfo{24c6b9c com.tencent.mm}, fieldType: 2, fieldReturnType: Ljava/lang/String;, value: com.tencent.mm}:CAND] com.tencent.mm.plugin.finder.extension.reddot.i4
18:34:59.773 [PU8071:Java.Field{holder: ApplicationInfo{24c6b9c com.tencent.mm}, fieldType: 2, fieldReturnType: Ljava/lang/String;, value: com.tencent.mm}:HOOK] i4 ×1
18:34:59.773 [PU8071:Java.Field{holder: ApplicationInfo{24c6b9c com.tencent.mm}, fieldType: 2, fieldReturnType: Ljava/lang/String;, value: com.tencent.mm}:CAND] com.tencent.mm.plugin.finder.extension.reddot.i5
18:34:59.775 [PU8071:Java.Field{holder: ApplicationInfo{24c6b9c com.tencent.mm}, fieldType: 2, fieldReturnType: Ljava/lang/String;, value: com.tencent.mm}:CAND] com.tencent.mm.plugin.finder.extension.reddot.ha
18:34:59.776 [PU8071:Java.Field{holder: ApplicationInfo{24c6b9c com.tencent.mm}, fieldType: 2, fieldReturnType: Ljava/lang/String;, value: com.tencent.mm}:CAND] com.tencent.mm.plugin.finder.extension.reddot.hb
18:34:59.778 [PU8071:Java.Field{holder: ApplicationInfo{24c6b9c com.tencent.mm}, fieldType: 2, fieldReturnType: Ljava/lang/String;, value: com.tencent.mm}:CAND] com.tencent.mm.plugin.finder.extension.reddot.j7
18:34:59.781 [PU8071:Java.Field{holder: ApplicationInfo{24c6b9c com.tencent.mm}, fieldType: 2, fieldReturnType: Ljava/lang/String;, value: com.tencent.mm}:CAND] com.tencent.mm.plugin.finder.extension.reddot.k2
18:34:59.788 [PU8071:Java.Field{holder: ApplicationInfo{24c6b9c com.tencent.mm}, fieldType: 2, fieldReturnType: Ljava/lang/String;, value: com.tencent.mm}:CAND] com.tencent.mm.plugin.finder.extension.reddot.k3
18:34:59.800 [PU8071:Java.Field{holder: ApplicationInfo{24c6b9c com.tencent.mm}, fieldType: 2, fieldReturnType: Ljava/lang/String;, value: com.tencent.mm}:HOOK] k3 ×1
18:34:59.801 [PU8071:Java.Field{holder: ApplicationInfo{24c6b9c com.tencent.mm}, fieldType: 2, fieldReturnType: Ljava/lang/String;, value: com.tencent.mm}:CAND] com.tencent.mm.plugin.finder.extension.reddot.k4
18:34:59.803 [PU8071:Java.Field{holder: ApplicationInfo{24c6b9c com.tencent.mm}, fieldType: 2, fieldReturnType: Ljava/lang/String;, value: com.tencent.mm}:CAND] com.tencent.mm.plugin.finder.extension.reddot.k5
18:34:59.805 [PU8071:Java.Field{holder: ApplicationInfo{24c6b9c com.tencent.mm}, fieldType: 2, fieldReturnType: Ljava/lang/String;, value: com.tencent.mm}:CAND] com.tencent.mm.plugin.finder.extension.reddot.jb
18:34:59.863 [PU8071:Java.Field{holder: ApplicationInfo{24c6b9c com.tencent.mm}, fieldType: 2, fieldReturnType: Ljava/lang/String;, value: com.tencent.mm}:HOOK] jb ×2
18:34:59.863 [PU8071:Java.Field{holder: ApplicationInfo{24c6b9c com.tencent.mm}, fieldType: 2, fieldReturnType: Ljava/lang/String;, value: com.tencent.mm}:CAND] com.tencent.mm.plugin.finder.extension.reddot.l2
18:34:59.866 [PU8071:Java.Field{holder: ApplicationInfo{24c6b9c com.tencent.mm}, fieldType: 2, fieldReturnType: Ljava/lang/String;, value: com.tencent.mm}:CAND] com.tencent.mm.plugin.finder.extension.reddot.l4
18:34:59.868 [PU8071:Java.Field{holder: ApplicationInfo{24c6b9c com.tencent.mm}, fieldType: 2, fieldReturnType: Ljava/lang/String;, value: com.tencent.mm}:CAND] com.tencent.mm.plugin.finder.extension.reddot.l5
18:34:59.941 [PU8071:Java.Field{holder: ApplicationInfo{24c6b9c com.tencent.mm}, fieldType: 2, fieldReturnType: Ljava/lang/String;, value: com.tencent.mm}:HOOK] l5 ×2
18:34:59.941 [PU8071:Java.Field{holder: ApplicationInfo{24c6b9c com.tencent.mm}, fieldType: 2, fieldReturnType: Ljava/lang/String;, value: com.tencent.mm}:CAND] com.tencent.mm.plugin.finder.extension.reddot.l7
18:34:59.944 [PU8071:Java.Field{holder: ApplicationInfo{24c6b9c com.tencent.mm}, fieldType: 2, fieldReturnType: Ljava/lang/String;, value: com.tencent.mm}:CAND] com.tencent.mm.plugin.finder.extension.reddot.ka
18:34:59.946 [PU8071:Java.Field{holder: ApplicationInfo{24c6b9c com.tencent.mm}, fieldType: 2, fieldReturnType: Ljava/lang/String;, value: com.tencent.mm}:CAND] com.tencent.mm.plugin.finder.extension.reddot.m0
18:34:59.949 [PU8071:Java.Field{holder: ApplicationInfo{24c6b9c com.tencent.mm}, fieldType: 2, fieldReturnType: Ljava/lang/String;, value: com.tencent.mm}:CAND] com.tencent.mm.plugin.finder.extension.reddot.m1
18:34:59.951 [PU8071:Java.Field{holder: ApplicationInfo{24c6b9c com.tencent.mm}, fieldType: 2, fieldReturnType: Ljava/lang/String;, value: com.tencent.mm}:CAND] com.tencent.mm.plugin.finder.extension.reddot.m2
18:34:59.957 [PU8071:Java.Field{holder: ApplicationInfo{24c6b9c com.tencent.mm}, fieldType: 2, fieldReturnType: Ljava/lang/String;, value: com.tencent.mm}:HOOK] m2 ×1
18:34:59.957 [PU8071:Java.Field{holder: ApplicationInfo{24c6b9c com.tencent.mm}, fieldType: 2, fieldReturnType: Ljava/lang/String;, value: com.tencent.mm}:CAND] com.tencent.mm.plugin.finder.extension.reddot.m6
18:34:59.961 [PU8071:Java.Field{holder: ApplicationInfo{24c6b9c com.tencent.mm}, fieldType: 2, fieldReturnType: Ljava/lang/String;, value: com.tencent.mm}:CAND] com.tencent.mm.plugin.finder.extension.reddot.m7
18:34:59.964 [PU8071:Java.Field{holder: ApplicationInfo{24c6b9c com.tencent.mm}, fieldType: 2, fieldReturnType: Ljava/lang/String;, value: com.tencent.mm}:CAND] com.tencent.mm.plugin.finder.extension.reddot.la
18:34:59.968 [PU8071:Java.Field{holder: ApplicationInfo{24c6b9c com.tencent.mm}, fieldType: 2, fieldReturnType: Ljava/lang/String;, value: com.tencent.mm}:CAND] com.tencent.mm.autogen.events.FindMoreFriendEntryRedDotEvent
18:34:59.969 [PU8071:Java.Field{holder: ApplicationInfo{24c6b9c com.tencent.mm}, fieldType: 2, fieldReturnType: Ljava/lang/String;, value: com.tencent.mm}:CAND] com.tencent.mm.plugin.finder.extension.reddot.n1
18:34:59.971 [PU8071:Java.Field{holder: ApplicationInfo{24c6b9c com.tencent.mm}, fieldType: 2, fieldReturnType: Ljava/lang/String;, value: com.tencent.mm}:CAND] com.tencent.mm.plugin.finder.extension.reddot.n2
18:34:59.980 [PU8071:Java.Field{holder: ApplicationInfo{24c6b9c com.tencent.mm}, fieldType: 2, fieldReturnType: Ljava/lang/String;, value: com.tencent.mm}:CAND] com.tencent.mm.plugin.finder.extension.reddot.n4
18:34:59.983 [PU8071:Java.Field{holder: ApplicationInfo{24c6b9c com.tencent.mm}, fieldType: 2, fieldReturnType: Ljava/lang/String;, value: com.tencent.mm}:CAND] com.tencent.mm.plugin.finder.extension.reddot.n5
18:34:59.985 [PU8071:Java.Field{holder: ApplicationInfo{24c6b9c com.tencent.mm}, fieldType: 2, fieldReturnType: Ljava/lang/String;, value: com.tencent.mm}:CAND] com.tencent.mm.protocal.protobuf.FinderJumpInfoRedDot
18:34:59.992 [PU8071:Java.Field{holder: ApplicationInfo{24c6b9c com.tencent.mm}, fieldType: 2, fieldReturnType: Ljava/lang/String;, value: com.tencent.mm}:CAND] com.tencent.mm.plugin.finder.extension.reddot.ma
18:34:59.994 [PU8071:Java.Field{holder: ApplicationInfo{24c6b9c com.tencent.mm}, fieldType: 2, fieldReturnType: Ljava/lang/String;, value: com.tencent.mm}:CAND] com.tencent.mm.plugin.finder.extension.reddot.FinderRedDotExpiredHandler$mainUiIndexChangeListener$1
18:34:59.997 [PU8071:Java.Field{holder: ApplicationInfo{24c6b9c com.tencent.mm}, fieldType: 2, fieldReturnType: Ljava/lang/String;, value: com.tencent.mm}:CAND] com.tencent.mm.plugin.finder.extension.reddot.o1
18:34:59.999 [PU8071:Java.Field{holder: ApplicationInfo{24c6b9c com.tencent.mm}, fieldType: 2, fieldReturnType: Ljava/lang/String;, value: com.tencent.mm}:CAND] com.tencent.mm.plugin.finder.extension.reddot.o2
18:35:00.100 [PU8071:Java.Field{holder: ApplicationInfo{24c6b9c com.tencent.mm}, fieldType: 2, fieldReturnType: Ljava/lang/String;, value: com.tencent.mm}:CAND] com.tencent.mm.plugin.finder.extension.reddot.o4
18:35:00.300 [PU8071:Java.Field{holder: ApplicationInfo{24c6b9c com.tencent.mm}, fieldType: 2, fieldReturnType: Ljava/lang/String;, value: com.tencent.mm}:CAND] com.tencent.mm.plugin.finder.extension.reddot.o5
18:35:00.500 [PU8071:Java.Field{holder: ApplicationInfo{24c6b9c com.tencent.mm}, fieldType: 2, fieldReturnType: Ljava/lang/String;, value: com.tencent.mm}:CAND] com.tencent.mm.plugin.finder.extension.reddot.o6
18:35:00.800 [PU8071:Java.Field{holder: ApplicationInfo{24c6b9c com.tencent.mm}, fieldType: 2, fieldReturnType: Ljava/lang/String;, value: com.tencent.mm}:CAND] com.tencent.mm.plugin.finder.extension.reddot.na
18:35:00.150 [PU8071:Java.Field{holder: ApplicationInfo{24c6b9c com.tencent.mm}, fieldType: 2, fieldReturnType: Ljava/lang/String;, value: com.tencent.mm}:HOOK] na ×1
18:35:00.150 [PU8071:Java.Field{holder: ApplicationInfo{24c6b9c com.tencent.mm}, fieldType: 2, fieldReturnType: Ljava/lang/String;, value: com.tencent.mm}:CAND] com.tencent.mm.plugin.finder.extension.reddot.p1
18:35:00.170 [PU8071:Java.Field{holder: ApplicationInfo{24c6b9c com.tencent.mm}, fieldType: 2, fieldReturnType: Ljava/lang/String;, value: com.tencent.mm}:CAND] com.tencent.mm.plugin.finder.extension.reddot.p2
18:35:00.190 [PU8071:Java.Field{holder: ApplicationInfo{24c6b9c com.tencent.mm}, fieldType: 2, fieldReturnType: Ljava/lang/String;, value: com.tencent.mm}:CAND] com.tencent.mm.plugin.finder.extension.reddot.p4
18:35:00.210 [PU8071:Java.Field{holder: ApplicationInfo{24c6b9c com.tencent.mm}, fieldType: 2, fieldReturnType: Ljava/lang/String;, value: com.tencent.mm}:CAND] com.tencent.mm.plugin.finder.extension.reddot.p5
18:35:00.270 [PU8071:Java.Field{holder: ApplicationInfo{24c6b9c com.tencent.mm}, fieldType: 2, fieldReturnType: Ljava/lang/String;, value: com.tencent.mm}:CAND] com.tencent.mm.plugin.finder.extension.reddot.p7
18:35:00.290 [PU8071:Java.Field{holder: ApplicationInfo{24c6b9c com.tencent.mm}, fieldType: 2, fieldReturnType: Ljava/lang/String;, value: com.tencent.mm}:CAND] com.tencent.mm.plugin.finder.extension.reddot.oa
18:35:00.770 [PU8071:Java.Field{holder: ApplicationInfo{24c6b9c com.tencent.mm}, fieldType: 2, fieldReturnType: Ljava/lang/String;, value: com.tencent.mm}:CAND] com.tencent.mm.plugin.finder.extension.reddot.q1
18:35:00.880 [PU8071:Java.Field{holder: ApplicationInfo{24c6b9c com.tencent.mm}, fieldType: 2, fieldReturnType: Ljava/lang/String;, value: com.tencent.mm}:CAND] com.tencent.mm.plugin.finder.extension.reddot.q2
18:35:00.900 [PU8071:Java.Field{holder: ApplicationInfo{24c6b9c com.tencent.mm}, fieldType: 2, fieldReturnType: Ljava/lang/String;, value: com.tencent.mm}:CAND] com.tencent.mm.plugin.finder.extension.reddot.q3
18:35:00.930 [PU8071:Java.Field{holder: ApplicationInfo{24c6b9c com.tencent.mm}, fieldType: 2, fieldReturnType: Ljava/lang/String;, value: com.tencent.mm}:CAND] com.tencent.mm.plugin.finder.extension.reddot.q5
18:35:00.950 [PU8071:Java.Field{holder: ApplicationInfo{24c6b9c com.tencent.mm}, fieldType: 2, fieldReturnType: Ljava/lang/String;, value: com.tencent.mm}:CAND] com.tencent.mm.plugin.finder.extension.reddot.q6
18:35:00.980 [PU8071:Java.Field{holder: ApplicationInfo{24c6b9c com.tencent.mm}, fieldType: 2, fieldReturnType: Ljava/lang/String;, value: com.tencent.mm}:CAND] com.tencent.mm.plugin.finder.extension.reddot.q7
18:35:00.100 [PU8071:Java.Field{holder: ApplicationInfo{24c6b9c com.tencent.mm}, fieldType: 2, fieldReturnType: Ljava/lang/String;, value: com.tencent.mm}:CAND] com.tencent.mm.plugin.finder.extension.reddot.pa
18:35:00.104 [PU8071:Java.Field{holder: ApplicationInfo{24c6b9c com.tencent.mm}, fieldType: 2, fieldReturnType: Ljava/lang/String;, value: com.tencent.mm}:CAND] com.tencent.mm.autogen.events.AppBrandGetServiceUnreadCountEvent
18:35:00.105 [PU8071:Java.Field{holder: ApplicationInfo{24c6b9c com.tencent.mm}, fieldType: 2, fieldReturnType: Ljava/lang/String;, value: com.tencent.mm}:CAND] com.tencent.mm.plugin.finder.extension.reddot.pb
18:35:00.116 [PU8071:Java.Field{holder: ApplicationInfo{24c6b9c com.tencent.mm}, fieldType: 2, fieldReturnType: Ljava/lang/String;, value: com.tencent.mm}:CAND] com.tencent.mm.autogen.mmdata.rpt.FinderRedDotStruct
18:35:00.124 [PU8071:Java.Field{holder: ApplicationInfo{24c6b9c com.tencent.mm}, fieldType: 2, fieldReturnType: Ljava/lang/String;, value: com.tencent.mm}:HOOK] FinderRedDotStruct ×1
18:35:00.124 [PU8071:Java.Field{holder: ApplicationInfo{24c6b9c com.tencent.mm}, fieldType: 2, fieldReturnType: Ljava/lang/String;, value: com.tencent.mm}:CAND] com.tencent.mm.repairer.config.search.RepairerConfigWebSearchCommonSyncRedDot
18:35:00.132 [PU8071:Java.Field{holder: ApplicationInfo{24c6b9c com.tencent.mm}, fieldType: 2, fieldReturnType: Ljava/lang/String;, value: com.tencent.mm}:CAND] com.tencent.mm.plugin.finder.extension.reddot.r0
18:35:00.134 [PU8071:Java.Field{holder: ApplicationInfo{24c6b9c com.tencent.mm}, fieldType: 2, fieldReturnType: Ljava/lang/String;, value: com.tencent.mm}:CAND] com.tencent.mm.plugin.finder.extension.reddot.r2
18:35:00.136 [PU8071:Java.Field{holder: ApplicationInfo{24c6b9c com.tencent.mm}, fieldType: 2, fieldReturnType: Ljava/lang/String;, value: com.tencent.mm}:CAND] com.tencent.mm.plugin.finder.extension.reddot.r5
18:35:00.138 [PU8071:Java.Field{holder: ApplicationInfo{24c6b9c com.tencent.mm}, fieldType: 2, fieldReturnType: Ljava/lang/String;, value: com.tencent.mm}:CAND] com.tencent.mm.plugin.finder.extension.reddot.r6
18:35:00.140 [PU8071:Java.Field{holder: ApplicationInfo{24c6b9c com.tencent.mm}, fieldType: 2, fieldReturnType: Ljava/lang/String;, value: com.tencent.mm}:CAND] com.tencent.mm.plugin.finder.extension.reddot.qa
18:35:00.154 [PU8071:Java.Field{holder: ApplicationInfo{24c6b9c com.tencent.mm}, fieldType: 2, fieldReturnType: Ljava/lang/String;, value: com.tencent.mm}:CAND] com.tencent.mm.plugin.finder.extension.reddot.s2
18:35:00.156 [PU8071:Java.Field{holder: ApplicationInfo{24c6b9c com.tencent.mm}, fieldType: 2, fieldReturnType: Ljava/lang/String;, value: com.tencent.mm}:CAND] com.tencent.mm.plugin.finder.extension.reddot.s3
18:35:00.158 [PU8071:Java.Field{holder: ApplicationInfo{24c6b9c com.tencent.mm}, fieldType: 2, fieldReturnType: Ljava/lang/String;, value: com.tencent.mm}:CAND] com.tencent.mm.plugin.finder.extension.reddot.s4
18:35:00.161 [PU8071:Java.Field{holder: ApplicationInfo{24c6b9c com.tencent.mm}, fieldType: 2, fieldReturnType: Ljava/lang/String;, value: com.tencent.mm}:CAND] com.tencent.mm.plugin.finder.extension.reddot.s5
18:35:00.171 [PU8071:Java.Field{holder: ApplicationInfo{24c6b9c com.tencent.mm}, fieldType: 2, fieldReturnType: Ljava/lang/String;, value: com.tencent.mm}:CAND] com.tencent.mm.plugin.finder.extension.reddot.s6
18:35:00.173 [PU8071:Java.Field{holder: ApplicationInfo{24c6b9c com.tencent.mm}, fieldType: 2, fieldReturnType: Ljava/lang/String;, value: com.tencent.mm}:CAND] com.tencent.mm.plugin.finder.extension.reddot.s7
18:35:00.175 [PU8071:Java.Field{holder: ApplicationInfo{24c6b9c com.tencent.mm}, fieldType: 2, fieldReturnType: Ljava/lang/String;, value: com.tencent.mm}:CAND] com.tencent.mm.autogen.events.WeChatTabRedDotEvent
18:35:00.177 [PU8071:Java.Field{holder: ApplicationInfo{24c6b9c com.tencent.mm}, fieldType: 2, fieldReturnType: Ljava/lang/String;, value: com.tencent.mm}:CAND] com.tencent.mm.plugin.finder.extension.reddot.rb
18:35:00.180 [PU8071:Java.Field{holder: ApplicationInfo{24c6b9c com.tencent.mm}, fieldType: 2, fieldReturnType: Ljava/lang/String;, value: com.tencent.mm}:CAND] com.tencent.mm.plugin.finder.extension.reddot.t0
18:35:00.182 [PU8071:Java.Field{holder: ApplicationInfo{24c6b9c com.tencent.mm}, fieldType: 2, fieldReturnType: Ljava/lang/String;, value: com.tencent.mm}:CAND] com.tencent.mm.plugin.finder.extension.reddot.t1
18:35:00.185 [PU8071:Java.Field{holder: ApplicationInfo{24c6b9c com.tencent.mm}, fieldType: 2, fieldReturnType: Ljava/lang/String;, value: com.tencent.mm}:CAND] com.tencent.mm.plugin.finder.extension.reddot.t2
18:35:00.187 [PU8071:Java.Field{holder: ApplicationInfo{24c6b9c com.tencent.mm}, fieldType: 2, fieldReturnType: Ljava/lang/String;, value: com.tencent.mm}:CAND] com.tencent.mm.plugin.finder.extension.reddot.t4
18:35:00.189 [PU8071:Java.Field{holder: ApplicationInfo{24c6b9c com.tencent.mm}, fieldType: 2, fieldReturnType: Ljava/lang/String;, value: com.tencent.mm}:CAND] com.tencent.mm.plugin.finder.extension.reddot.t5
18:35:00.195 [PU8071:Java.Field{holder: ApplicationInfo{24c6b9c com.tencent.mm}, fieldType: 2, fieldReturnType: Ljava/lang/String;, value: com.tencent.mm}:HOOK] t5 ×1
18:35:00.195 [PU8071:Java.Field{holder: ApplicationInfo{24c6b9c com.tencent.mm}, fieldType: 2, fieldReturnType: Ljava/lang/String;, value: com.tencent.mm}:CAND] com.tencent.mm.plugin.finder.extension.reddot.t7
18:35:00.197 [PU8071:Java.Field{holder: ApplicationInfo{24c6b9c com.tencent.mm}, fieldType: 2, fieldReturnType: Ljava/lang/String;, value: com.tencent.mm}:CAND] com.tencent.mm.autogen.events.AppBrandResetAllServiceUnreadCountEvent
18:35:00.198 [PU8071:Java.Field{holder: ApplicationInfo{24c6b9c com.tencent.mm}, fieldType: 2, fieldReturnType: Ljava/lang/String;, value: com.tencent.mm}:CAND] com.tencent.mm.plugin.finder.extension.reddot.sb
18:35:00.201 [PU8071:Java.Field{holder: ApplicationInfo{24c6b9c com.tencent.mm}, fieldType: 2, fieldReturnType: Ljava/lang/String;, value: com.tencent.mm}:CAND] com.tencent.mm.plugin.finder.extension.reddot.u1
18:35:00.203 [PU8071:Java.Field{holder: ApplicationInfo{24c6b9c com.tencent.mm}, fieldType: 2, fieldReturnType: Ljava/lang/String;, value: com.tencent.mm}:CAND] com.tencent.mm.plugin.finder.extension.reddot.u2
18:35:00.205 [PU8071:Java.Field{holder: ApplicationInfo{24c6b9c com.tencent.mm}, fieldType: 2, fieldReturnType: Ljava/lang/String;, value: com.tencent.mm}:CAND] com.tencent.mm.plugin.finder.extension.reddot.u3
18:35:00.208 [PU8071:Java.Field{holder: ApplicationInfo{24c6b9c com.tencent.mm}, fieldType: 2, fieldReturnType: Ljava/lang/String;, value: com.tencent.mm}:CAND] com.tencent.mm.autogen.events.FinderRedDotEraseEvent
18:35:00.209 [PU8071:Java.Field{holder: ApplicationInfo{24c6b9c com.tencent.mm}, fieldType: 2, fieldReturnType: Ljava/lang/String;, value: com.tencent.mm}:CAND] com.tencent.mm.plugin.finder.extension.reddot.u4
18:35:00.211 [PU8071:Java.Field{holder: ApplicationInfo{24c6b9c com.tencent.mm}, fieldType: 2, fieldReturnType: Ljava/lang/String;, value: com.tencent.mm}:CAND] com.tencent.mm.plugin.finder.extension.reddot.u5
18:35:00.214 [PU8071:Java.Field{holder: ApplicationInfo{24c6b9c com.tencent.mm}, fieldType: 2, fieldReturnType: Ljava/lang/String;, value: com.tencent.mm}:CAND] com.tencent.mm.plugin.finder.extension.reddot.u6
18:35:00.231 [PU8071:Java.Field{holder: ApplicationInfo{24c6b9c com.tencent.mm}, fieldType: 2, fieldReturnType: Ljava/lang/String;, value: com.tencent.mm}:CAND] com.tencent.mm.plugin.finder.extension.reddot.u7
18:35:00.233 [PU8071:Java.Field{holder: ApplicationInfo{24c6b9c com.tencent.mm}, fieldType: 2, fieldReturnType: Ljava/lang/String;, value: com.tencent.mm}:CAND] com.tencent.mm.plugin.finder.extension.reddot.ta
18:35:00.243 [PU8071:Java.Field{holder: ApplicationInfo{24c6b9c com.tencent.mm}, fieldType: 2, fieldReturnType: Ljava/lang/String;, value: com.tencent.mm}:CAND] com.tencent.mm.plugin.finder.extension.reddot.v1
18:35:00.245 [PU8071:Java.Field{holder: ApplicationInfo{24c6b9c com.tencent.mm}, fieldType: 2, fieldReturnType: Ljava/lang/String;, value: com.tencent.mm}:CAND] com.tencent.mm.plugin.finder.extension.reddot.v2
18:35:00.247 [PU8071:Java.Field{holder: ApplicationInfo{24c6b9c com.tencent.mm}, fieldType: 2, fieldReturnType: Ljava/lang/String;, value: com.tencent.mm}:CAND] com.tencent.mm.plugin.finder.extension.reddot.v3
18:35:00.250 [PU8071:Java.Field{holder: ApplicationInfo{24c6b9c com.tencent.mm}, fieldType: 2, fieldReturnType: Ljava/lang/String;, value: com.tencent.mm}:CAND] com.tencent.mm.plugin.finder.extension.reddot.v6
18:35:00.252 [PU8071:Java.Field{holder: ApplicationInfo{24c6b9c com.tencent.mm}, fieldType: 2, fieldReturnType: Ljava/lang/String;, value: com.tencent.mm}:CAND] com.tencent.mm.plugin.finder.extension.reddot.ua
18:35:00.253 [PU8071:Java.Field{holder: ApplicationInfo{24c6b9c com.tencent.mm}, fieldType: 2, fieldReturnType: Ljava/lang/String;, value: com.tencent.mm}:CAND] com.tencent.mm.ui.MainTabUnreadMgr$2
18:35:00.255 [PU8071:Java.Field{holder: ApplicationInfo{24c6b9c com.tencent.mm}, fieldType: 2, fieldReturnType: Ljava/lang/String;, value: com.tencent.mm}:CAND] com.tencent.mm.ui.MainTabUnreadMgr$3
18:35:00.257 [PU8071:Java.Field{holder: ApplicationInfo{24c6b9c com.tencent.mm}, fieldType: 2, fieldReturnType: Ljava/lang/String;, value: com.tencent.mm}:CAND] com.tencent.mm.plugin.finder.extension.reddot.w1
18:35:00.280 [PU8071:Java.Field{holder: ApplicationInfo{24c6b9c com.tencent.mm}, fieldType: 2, fieldReturnType: Ljava/lang/String;, value: com.tencent.mm}:CAND] com.tencent.mm.plugin.finder.extension.reddot.w2
18:35:00.282 [PU8071:Java.Field{holder: ApplicationInfo{24c6b9c com.tencent.mm}, fieldType: 2, fieldReturnType: Ljava/lang/String;, value: com.tencent.mm}:CAND] com.tencent.mm.plugin.finder.extension.reddot.w3
18:35:00.289 [PU8071:Java.Field{holder: ApplicationInfo{24c6b9c com.tencent.mm}, fieldType: 2, fieldReturnType: Ljava/lang/String;, value: com.tencent.mm}:CAND] com.tencent.mm.plugin.finder.extension.reddot.w4
18:35:00.291 [PU8071:Java.Field{holder: ApplicationInfo{24c6b9c com.tencent.mm}, fieldType: 2, fieldReturnType: Ljava/lang/String;, value: com.tencent.mm}:CAND] com.tencent.mm.plugin.finder.extension.reddot.w6
18:35:00.293 [PU8071:Java.Field{holder: ApplicationInfo{24c6b9c com.tencent.mm}, fieldType: 2, fieldReturnType: Ljava/lang/String;, value: com.tencent.mm}:CAND] com.tencent.mm.plugin.finder.extension.reddot.x1
18:35:00.296 [PU8071:Java.Field{holder: ApplicationInfo{24c6b9c com.tencent.mm}, fieldType: 2, fieldReturnType: Ljava/lang/String;, value: com.tencent.mm}:CAND] com.tencent.mm.plugin.finder.extension.reddot.x2
18:35:00.308 [PU8071:Java.Field{holder: ApplicationInfo{24c6b9c com.tencent.mm}, fieldType: 2, fieldReturnType: Ljava/lang/String;, value: com.tencent.mm}:CAND] com.tencent.mm.plugin.finder.extension.reddot.x3
18:35:00.311 [PU8071:Java.Field{holder: ApplicationInfo{24c6b9c com.tencent.mm}, fieldType: 2, fieldReturnType: Ljava/lang/String;, value: com.tencent.mm}:CAND] com.tencent.mm.plugin.finder.extension.reddot.x4
18:35:00.313 [PU8071:Java.Field{holder: ApplicationInfo{24c6b9c com.tencent.mm}, fieldType: 2, fieldReturnType: Ljava/lang/String;, value: com.tencent.mm}:CAND] com.tencent.mm.plugin.finder.extension.reddot.x5
18:35:00.317 [PU8071:Java.Field{holder: ApplicationInfo{24c6b9c com.tencent.mm}, fieldType: 2, fieldReturnType: Ljava/lang/String;, value: com.tencent.mm}:CAND] com.tencent.mm.plugin.finder.extension.reddot.x6
18:35:00.321 [PU8071:Java.Field{holder: ApplicationInfo{24c6b9c com.tencent.mm}, fieldType: 2, fieldReturnType: Ljava/lang/String;, value: com.tencent.mm}:CAND] com.tencent.mm.plugin.finder.extension.reddot.wa
18:35:00.322 [PU8071:Java.Field{holder: ApplicationInfo{24c6b9c com.tencent.mm}, fieldType: 2, fieldReturnType: Ljava/lang/String;, value: com.tencent.mm}:CAND] com.tencent.mm.ui.MainTabUI$$a
18:35:00.325 [PU8071:Java.Field{holder: ApplicationInfo{24c6b9c com.tencent.mm}, fieldType: 2, fieldReturnType: Ljava/lang/String;, value: com.tencent.mm}:CAND] com.tencent.mm.plugin.finder.extension.reddot.y0
18:35:00.327 [PU8071:Java.Field{holder: ApplicationInfo{24c6b9c com.tencent.mm}, fieldType: 2, fieldReturnType: Ljava/lang/String;, value: com.tencent.mm}:CAND] com.tencent.mm.ui.MainTabUI$$b
18:35:00.330 [PU8071:Java.Field{holder: ApplicationInfo{24c6b9c com.tencent.mm}, fieldType: 2, fieldReturnType: Ljava/lang/String;, value: com.tencent.mm}:CAND] com.tencent.mm.plugin.finder.extension.reddot.y1
18:35:00.339 [PU8071:Java.Field{holder: ApplicationInfo{24c6b9c com.tencent.mm}, fieldType: 2, fieldReturnType: Ljava/lang/String;, value: com.tencent.mm}:CAND] com.tencent.mm.ui.MainTabUI$$c
18:35:00.341 [PU8071:Java.Field{holder: ApplicationInfo{24c6b9c com.tencent.mm}, fieldType: 2, fieldReturnType: Ljava/lang/String;, value: com.tencent.mm}:CAND] com.tencent.mm.plugin.finder.extension.reddot.y3
18:35:00.346 [PU8071:Java.Field{holder: ApplicationInfo{24c6b9c com.tencent.mm}, fieldType: 2, fieldReturnType: Ljava/lang/String;, value: com.tencent.mm}:HOOK] y3 ×1
18:35:00.347 [PU8071:Java.Field{holder: ApplicationInfo{24c6b9c com.tencent.mm}, fieldType: 2, fieldReturnType: Ljava/lang/String;, value: com.tencent.mm}:CAND] com.tencent.mm.plugin.finder.extension.reddot.y4
18:35:00.349 [PU8071:Java.Field{holder: ApplicationInfo{24c6b9c com.tencent.mm}, fieldType: 2, fieldReturnType: Ljava/lang/String;, value: com.tencent.mm}:CAND] com.tencent.mm.plugin.finder.extension.reddot.y5
18:35:00.351 [PU8071:Java.Field{holder: ApplicationInfo{24c6b9c com.tencent.mm}, fieldType: 2, fieldReturnType: Ljava/lang/String;, value: com.tencent.mm}:CAND] com.tencent.mm.plugin.finder.extension.reddot.y6
18:35:00.352 [PU8071:Java.Field{holder: ApplicationInfo{24c6b9c com.tencent.mm}, fieldType: 2, fieldReturnType: Ljava/lang/String;, value: com.tencent.mm}:CAND] com.tencent.mm.plugin.finder.extension.reddot.y7
18:35:00.354 [PU8071:Java.Field{holder: ApplicationInfo{24c6b9c com.tencent.mm}, fieldType: 2, fieldReturnType: Ljava/lang/String;, value: com.tencent.mm}:CAND] com.tencent.mm.plugin.finder.extension.reddot.y8
18:35:00.358 [PU8071:Java.Field{holder: ApplicationInfo{24c6b9c com.tencent.mm}, fieldType: 2, fieldReturnType: Ljava/lang/String;, value: com.tencent.mm}:CAND] com.tencent.mm.plugin.finder.extension.reddot.y9
18:35:00.361 [PU8071:Java.Field{holder: ApplicationInfo{24c6b9c com.tencent.mm}, fieldType: 2, fieldReturnType: Ljava/lang/String;, value: com.tencent.mm}:CAND] com.tencent.mm.plugin.finder.extension.reddot.xa
18:35:00.363 [PU8071:Java.Field{holder: ApplicationInfo{24c6b9c com.tencent.mm}, fieldType: 2, fieldReturnType: Ljava/lang/String;, value: com.tencent.mm}:CAND] com.tencent.mm.plugin.finder.extension.reddot.z3
18:35:00.364 [PU8071:Java.Field{holder: ApplicationInfo{24c6b9c com.tencent.mm}, fieldType: 2, fieldReturnType: Ljava/lang/String;, value: com.tencent.mm}:CAND] com.tencent.mm.plugin.finder.extension.reddot.z5
18:35:00.393 [PU8071:Java.Field{holder: ApplicationInfo{24c6b9c com.tencent.mm}, fieldType: 2, fieldReturnType: Ljava/lang/String;, value: com.tencent.mm}:CAND] com.tencent.mm.plugin.finder.extension.reddot.z6
18:35:00.399 [PU8071:Java.Field{holder: ApplicationInfo{24c6b9c com.tencent.mm}, fieldType: 2, fieldReturnType: Ljava/lang/String;, value: com.tencent.mm}:HOOK] z6 ×1
18:35:00.399 [PU8071:Java.Field{holder: ApplicationInfo{24c6b9c com.tencent.mm}, fieldType: 2, fieldReturnType: Ljava/lang/String;, value: com.tencent.mm}:CAND] com.tencent.mm.plugin.finder.extension.reddot.z9
18:35:00.401 [PU8071:Java.Field{holder: ApplicationInfo{24c6b9c com.tencent.mm}, fieldType: 2, fieldReturnType: Ljava/lang/String;, value: com.tencent.mm}:CAND] com.tencent.mm.ui.conversation.ConversationUnreadHelper$1
18:35:00.403 [PU8071:Java.Field{holder: ApplicationInfo{24c6b9c com.tencent.mm}, fieldType: 2, fieldReturnType: Ljava/lang/String;, value: com.tencent.mm}:CAND] com.tencent.mm.ui.LauncherUI$$a
18:35:00.405 [PU8071:Java.Field{holder: ApplicationInfo{24c6b9c com.tencent.mm}, fieldType: 2, fieldReturnType: Ljava/lang/String;, value: com.tencent.mm}:CAND] com.tencent.mm.ui.MainTabUnreadMgr$10
18:35:00.407 [PU8071:Java.Field{holder: ApplicationInfo{24c6b9c com.tencent.mm}, fieldType: 2, fieldReturnType: Ljava/lang/String;, value: com.tencent.mm}:CAND] com.tencent.mm.plugin.finder.extension.reddot.FinderRedDotTrigger$1
18:35:00.410 [PU8071:Java.Field{holder: ApplicationInfo{24c6b9c com.tencent.mm}, fieldType: 2, fieldReturnType: Ljava/lang/String;, value: com.tencent.mm}:CAND] com.tencent.mm.plugin.finder.extension.reddot.FinderRedDotTrigger$2
18:35:00.412 [PU8071:Java.Field{holder: ApplicationInfo{24c6b9c com.tencent.mm}, fieldType: 2, fieldReturnType: Ljava/lang/String;, value: com.tencent.mm}:CAND] com.tencent.mm.plugin.finder.extension.reddot.FinderNewDiscoveryRedDotService$chattingExitListener$1
18:35:00.414 [PU8071:Java.Field{holder: ApplicationInfo{24c6b9c com.tencent.mm}, fieldType: 2, fieldReturnType: Ljava/lang/String;, value: com.tencent.mm}:CAND] com.tencent.mm.plugin.finder.extension.reddot.DiscoveryFinderRedDotManager$mainUiIndexChangeListener$1
18:35:00.416 [PU8071:Java.Field{holder: ApplicationInfo{24c6b9c com.tencent.mm}, fieldType: 2, fieldReturnType: Ljava/lang/String;, value: com.tencent.mm}:CAND] com.tencent.mm.ui.LauncherUI
18:35:00.416 [PU8071:Java.Field{holder: ApplicationInfo{24c6b9c com.tencent.mm}, fieldType: 2, fieldReturnType: Ljava/lang/String;, value: com.tencent.mm}:CAND] com.tencent.mm.ui.LauncherUIBottomTabView$$a
18:35:00.421 [PU8071:Java.Field{holder: ApplicationInfo{24c6b9c com.tencent.mm}, fieldType: 2, fieldReturnType: Ljava/lang/String;, value: com.tencent.mm}:CAND] com.tencent.mm.autogen.events.GetMainTabUnReadCountEvent
18:35:00.422 [PU8071:Java.Field{holder: ApplicationInfo{24c6b9c com.tencent.mm}, fieldType: 2, fieldReturnType: Ljava/lang/String;, value: com.tencent.mm}:CAND] com.tencent.mm.ui.MainTabUI$1
18:35:00.424 [PU8071:Java.Field{holder: ApplicationInfo{24c6b9c com.tencent.mm}, fieldType: 2, fieldReturnType: Ljava/lang/String;, value: com.tencent.mm}:CAND] com.tencent.mm.ui.MainTabUI$2
18:35:00.426 [PU8071:Java.Field{holder: ApplicationInfo{24c6b9c com.tencent.mm}, fieldType: 2, fieldReturnType: Ljava/lang/String;, value: com.tencent.mm}:CAND] com.tencent.mm.ui.MainTabUI$3
18:35:00.429 [PU8071:Java.Field{holder: ApplicationInfo{24c6b9c com.tencent.mm}, fieldType: 2, fieldReturnType: Ljava/lang/String;, value: com.tencent.mm}:CAND] com.tencent.mm.ui.LauncherUIBottomTabView
18:35:00.481 [PU8071:Java.Field{holder: ApplicationInfo{24c6b9c com.tencent.mm}, fieldType: 2, fieldReturnType: Ljava/lang/String;, value: com.tencent.mm}:HOOK] LauncherUIBottomTabView ×13
18:35:00.481 [PU8071:Java.Field{holder: ApplicationInfo{24c6b9c com.tencent.mm}, fieldType: 2, fieldReturnType: Ljava/lang/String;, value: com.tencent.mm}:CAND] com.tencent.mm.plugin.finder.view.FinderHomeTabRedDotTipsBubbleView
18:35:00.490 [PU8071:Java.Field{holder: ApplicationInfo{24c6b9c com.tencent.mm}, fieldType: 2, fieldReturnType: Ljava/lang/String;, value: com.tencent.mm}:HOOK] FinderHomeTabRedDotTipsBubbleView ×1
18:35:00.490 [PU8071:Java.Field{holder: ApplicationInfo{24c6b9c com.tencent.mm}, fieldType: 2, fieldReturnType: Ljava/lang/String;, value: com.tencent.mm}:CAND] com.tencent.mm.autogen.events.FinderRedDotExpirationEvent
18:35:00.492 [PU8071:Java.Field{holder: ApplicationInfo{24c6b9c com.tencent.mm}, fieldType: 2, fieldReturnType: Ljava/lang/String;, value: com.tencent.mm}:CAND] com.tencent.mm.plugin.finder.extension.reddot.FinderRedDotAvatarManager$homeUiTabChangeListener$1
18:35:00.494 [PU8071:Java.Field{holder: ApplicationInfo{24c6b9c com.tencent.mm}, fieldType: 2, fieldReturnType: Ljava/lang/String;, value: com.tencent.mm}:CAND] com.tencent.mm.ui.MainTabUI$TabsAdapter
18:35:00.516 [PU8071:Java.Field{holder: ApplicationInfo{24c6b9c com.tencent.mm}, fieldType: 2, fieldReturnType: Ljava/lang/String;, value: com.tencent.mm}:HOOK] MainTabUI$TabsAdapter ×5
18:35:00.516 [PU8071:Java.Field{holder: ApplicationInfo{24c6b9c com.tencent.mm}, fieldType: 2, fieldReturnType: Ljava/lang/String;, value: com.tencent.mm}:CAND] com.tencent.mm.autogen.mmdata.rpt.FinderSyncRedDotStruct
18:35:00.521 [PU8071:Java.Field{holder: ApplicationInfo{24c6b9c com.tencent.mm}, fieldType: 2, fieldReturnType: Ljava/lang/String;, value: com.tencent.mm}:HOOK] FinderSyncRedDotStruct ×1
18:35:00.521 [PU8071:Java.Field{holder: ApplicationInfo{24c6b9c com.tencent.mm}, fieldType: 2, fieldReturnType: Ljava/lang/String;, value: com.tencent.mm}:CAND] com.tencent.mm.plugin.finder.extension.reddot.a
18:35:00.523 [PU8071:Java.Field{holder: ApplicationInfo{24c6b9c com.tencent.mm}, fieldType: 2, fieldReturnType: Ljava/lang/String;, value: com.tencent.mm}:CAND] com.tencent.mm.plugin.finder.extension.reddot.b
18:35:00.525 [PU8071:Java.Field{holder: ApplicationInfo{24c6b9c com.tencent.mm}, fieldType: 2, fieldReturnType: Ljava/lang/String;, value: com.tencent.mm}:CAND] com.tencent.mm.plugin.finder.extension.reddot.c
18:35:00.527 [PU8071:Java.Field{holder: ApplicationInfo{24c6b9c com.tencent.mm}, fieldType: 2, fieldReturnType: Ljava/lang/String;, value: com.tencent.mm}:CAND] com.tencent.mm.plugin.finder.extension.reddot.d
18:35:00.530 [PU8071:Java.Field{holder: ApplicationInfo{24c6b9c com.tencent.mm}, fieldType: 2, fieldReturnType: Ljava/lang/String;, value: com.tencent.mm}:CAND] com.tencent.mm.plugin.finder.extension.reddot.e
18:35:00.534 [PU8071:Java.Field{holder: ApplicationInfo{24c6b9c com.tencent.mm}, fieldType: 2, fieldReturnType: Ljava/lang/String;, value: com.tencent.mm}:CAND] com.tencent.mm.plugin.finder.extension.reddot.f
18:35:00.536 [PU8071:Java.Field{holder: ApplicationInfo{24c6b9c com.tencent.mm}, fieldType: 2, fieldReturnType: Ljava/lang/String;, value: com.tencent.mm}:CAND] com.tencent.mm.plugin.finder.extension.reddot.g
18:35:00.543 [PU8071:Java.Field{holder: ApplicationInfo{24c6b9c com.tencent.mm}, fieldType: 2, fieldReturnType: Ljava/lang/String;, value: com.tencent.mm}:CAND] com.tencent.mm.plugin.finder.extension.reddot.i
18:35:00.546 [PU8071:Java.Field{holder: ApplicationInfo{24c6b9c com.tencent.mm}, fieldType: 2, fieldReturnType: Ljava/lang/String;, value: com.tencent.mm}:CAND] com.tencent.mm.plugin.finder.extension.reddot.j
18:35:00.548 [PU8071:Java.Field{holder: ApplicationInfo{24c6b9c com.tencent.mm}, fieldType: 2, fieldReturnType: Ljava/lang/String;, value: com.tencent.mm}:CAND] com.tencent.mm.plugin.finder.extension.reddot.k
18:35:00.552 [PU8071:Java.Field{holder: ApplicationInfo{24c6b9c com.tencent.mm}, fieldType: 2, fieldReturnType: Ljava/lang/String;, value: com.tencent.mm}:CAND] com.tencent.mm.plugin.finder.extension.reddot.r
18:35:00.561 [PU8071:Java.Field{holder: ApplicationInfo{24c6b9c com.tencent.mm}, fieldType: 2, fieldReturnType: Ljava/lang/String;, value: com.tencent.mm}:CAND] com.tencent.mm.plugin.finder.extension.reddot.s
18:35:00.563 [PU8071:Java.Field{holder: ApplicationInfo{24c6b9c com.tencent.mm}, fieldType: 2, fieldReturnType: Ljava/lang/String;, value: com.tencent.mm}:CAND] com.tencent.mm.plugin.finder.extension.reddot.t
18:35:00.564 [PU8071:Java.Field{holder: ApplicationInfo{24c6b9c com.tencent.mm}, fieldType: 2, fieldReturnType: Ljava/lang/String;, value: com.tencent.mm}:CAND] com.tencent.mm.plugin.finder.extension.reddot.u
18:35:00.566 [PU8071:Java.Field{holder: ApplicationInfo{24c6b9c com.tencent.mm}, fieldType: 2, fieldReturnType: Ljava/lang/String;, value: com.tencent.mm}:CAND] com.tencent.mm.plugin.finder.extension.reddot.v
18:35:00.567 [PU8071:Java.Field{holder: ApplicationInfo{24c6b9c com.tencent.mm}, fieldType: 2, fieldReturnType: Ljava/lang/String;, value: com.tencent.mm}:CAND] com.tencent.mm.plugin.finder.extension.reddot.w
18:35:00.574 [PU8071:Java.Field{holder: ApplicationInfo{24c6b9c com.tencent.mm}, fieldType: 2, fieldReturnType: Ljava/lang/String;, value: com.tencent.mm}:HOOK] w ×1
18:35:00.574 [PU8071:Java.Field{holder: ApplicationInfo{24c6b9c com.tencent.mm}, fieldType: 2, fieldReturnType: Ljava/lang/String;, value: com.tencent.mm}:CAND] com.tencent.mm.plugin.finder.extension.reddot.x
18:35:00.577 [PU8071:Java.Field{holder: ApplicationInfo{24c6b9c com.tencent.mm}, fieldType: 2, fieldReturnType: Ljava/lang/String;, value: com.tencent.mm}:CAND] com.tencent.mm.repairer.config.ting.RepairerConfigTingDisableRedDotSyncFrequencyControl
18:35:00.582 [PU8071:Java.Field{holder: ApplicationInfo{24c6b9c com.tencent.mm}, fieldType: 2, fieldReturnType: Ljava/lang/String;, value: com.tencent.mm}:CAND] com.tencent.mm.autogen.events.UnreadChangeEvent
18:35:00.583 [PU8071:Java.Field{holder: ApplicationInfo{24c6b9c com.tencent.mm}, fieldType: 2, fieldReturnType: Ljava/lang/String;, value: com.tencent.mm}:CAND] com.tencent.mm.autogen.events.AppBrandSetServiceUnreadCountEvent
18:35:00.584 [PU8071:Java.Field{holder: ApplicationInfo{24c6b9c com.tencent.mm}, fieldType: 2, fieldReturnType: Ljava/lang/String;, value: com.tencent.mm}:CAND] com.tencent.mm.repairer.config.ting.RepairerConfigTingDiscoverRedDotSyncDisable
18:35:00.590 [PU8071:Java.Field{holder: ApplicationInfo{24c6b9c com.tencent.mm}, fieldType: 2, fieldReturnType: Ljava/lang/String;, value: com.tencent.mm}:CAND] com.tencent.mm.autogen.mmdata.rpt.FinderRedDotNewStruct
18:35:00.596 [PU8071:Java.Field{holder: ApplicationInfo{24c6b9c com.tencent.mm}, fieldType: 2, fieldReturnType: Ljava/lang/String;, value: com.tencent.mm}:HOOK] FinderRedDotNewStruct ×1
18:35:00.596 [PU8071:Java.Field{holder: ApplicationInfo{24c6b9c com.tencent.mm}, fieldType: 2, fieldReturnType: Ljava/lang/String;, value: com.tencent.mm}:CAND] com.tencent.mm.plugin.finder.extension.reddot.render.RenderView$AlignAbsoluteSizeSpan
18:35:00.599 [PU8071:Java.Field{holder: ApplicationInfo{24c6b9c com.tencent.mm}, fieldType: 2, fieldReturnType: Ljava/lang/String;, value: com.tencent.mm}:CAND] com.tencent.mm.plugin.appbrand.ui.AppBrandLauncherUI
18:35:00.620 [PU8071:Java.Field{holder: ApplicationInfo{24c6b9c com.tencent.mm}, fieldType: 2, fieldReturnType: Ljava/lang/String;, value: com.tencent.mm}:HOOK] AppBrandLauncherUI ×2
18:35:00.620 [PU8071:Java.Field{holder: ApplicationInfo{24c6b9c com.tencent.mm}, fieldType: 2, fieldReturnType: Ljava/lang/String;, value: com.tencent.mm}:CAND] com.tencent.mm.autogen.events.ResetBadgeCountEvent
18:35:00.621 [PU8071:Java.Field{holder: ApplicationInfo{24c6b9c com.tencent.mm}, fieldType: 2, fieldReturnType: Ljava/lang/String;, value: com.tencent.mm}:CAND] com.tencent.mm.autogen.events.BypCommonBizWebSearchRedDotEvent
18:35:00.622 [PU8071:Java.Field{holder: ApplicationInfo{24c6b9c com.tencent.mm}, fieldType: 2, fieldReturnType: Ljava/lang/String;, value: com.tencent.mm}:CAND] com.tencent.mm.repairer.config.chatting.RepairerConfigLauncherUIX2CPreload
18:35:00.628 [PU8071:Java.Field{holder: ApplicationInfo{24c6b9c com.tencent.mm}, fieldType: 2, fieldReturnType: Ljava/lang/String;, value: com.tencent.mm}:CAND] com.tencent.mm.plugin.finder.extension.reddot.render.RenderView
18:35:00.677 [PU8071:Java.Field{holder: ApplicationInfo{24c6b9c com.tencent.mm}, fieldType: 2, fieldReturnType: Ljava/lang/String;, value: com.tencent.mm}:HOOK] RenderView ×7
18:35:00.677 [PU8071:Java.Field{holder: ApplicationInfo{24c6b9c com.tencent.mm}, fieldType: 2, fieldReturnType: Ljava/lang/String;, value: com.tencent.mm}:CAND] com.tencent.mm.ui.MainTabUI
18:35:00.701 [PU8071:Java.Field{holder: ApplicationInfo{24c6b9c com.tencent.mm}, fieldType: 2, fieldReturnType: Ljava/lang/String;, value: com.tencent.mm}:HOOK] MainTabUI ×4
18:35:00.701 [PU8071:Java.Field{holder: ApplicationInfo{24c6b9c com.tencent.mm}, fieldType: 2, fieldReturnType: Ljava/lang/String;, value: com.tencent.mm}:CAND] com.tencent.mm.ui.LauncherUI$1
18:35:00.704 [PU8071:Java.Field{holder: ApplicationInfo{24c6b9c com.tencent.mm}, fieldType: 2, fieldReturnType: Ljava/lang/String;, value: com.tencent.mm}:CAND] com.tencent.mm.autogen.events.FinderRedDotLifeNotifyEvent
18:35:00.705 [PU8071:Java.Field{holder: ApplicationInfo{24c6b9c com.tencent.mm}, fieldType: 2, fieldReturnType: Ljava/lang/String;, value: com.tencent.mm}:CAND] com.tencent.mm.plugin.finder.extension.reddot.render.RenderView$FontWeightAbsoluteSizeSpan
18:35:00.707 [PU8071:Java.Field{holder: ApplicationInfo{24c6b9c com.tencent.mm}, fieldType: 2, fieldReturnType: Ljava/lang/String;, value: com.tencent.mm}:CAND] com.tencent.mm.plugin.mmec.service.PluginMMEcFeatureService$notifyRedDotListener$1
18:35:00.709 [PU8071:Java.Field{holder: ApplicationInfo{24c6b9c com.tencent.mm}, fieldType: 2, fieldReturnType: Ljava/lang/String;, value: com.tencent.mm}:CAND] com.tencent.mm.plugin.finder.extension.reddot.render.a
18:35:00.730 [PU8071:Java.Field{holder: ApplicationInfo{24c6b9c com.tencent.mm}, fieldType: 2, fieldReturnType: Ljava/lang/String;, value: com.tencent.mm}:CAND] com.tencent.mm.plugin.finder.extension.reddot.a0
18:35:00.731 [PU8071:Java.Field{holder: ApplicationInfo{24c6b9c com.tencent.mm}, fieldType: 2, fieldReturnType: Ljava/lang/String;, value: com.tencent.mm}:CAND] com.tencent.mm.plugin.finder.extension.reddot.a1
18:35:00.733 [PU8071:Java.Field{holder: ApplicationInfo{24c6b9c com.tencent.mm}, fieldType: 2, fieldReturnType: Ljava/lang/String;, value: com.tencent.mm}:CAND] com.tencent.mm.plugin.finder.extension.reddot.a2
18:35:00.737 [PU8071:Java.Field{holder: ApplicationInfo{24c6b9c com.tencent.mm}, fieldType: 2, fieldReturnType: Ljava/lang/String;, value: com.tencent.mm}:CAND] com.tencent.mm.plugin.finder.extension.reddot.a4
18:35:00.739 [PU8071:Java.Field{holder: ApplicationInfo{24c6b9c com.tencent.mm}, fieldType: 2, fieldReturnType: Ljava/lang/String;, value: com.tencent.mm}:CAND] com.tencent.mm.plugin.finder.extension.reddot.a7
18:35:00.742 [PU8071:Java.Field{holder: ApplicationInfo{24c6b9c com.tencent.mm}, fieldType: 2, fieldReturnType: Ljava/lang/String;, value: com.tencent.mm}:CAND] com.tencent.mm.plugin.finder.extension.reddot.b1
18:35:00.744 [PU8071:Java.Field{holder: ApplicationInfo{24c6b9c com.tencent.mm}, fieldType: 2, fieldReturnType: Ljava/lang/String;, value: com.tencent.mm}:CAND] com.tencent.mm.plugin.finder.extension.reddot.b3
18:35:00.747 [PU8071:Java.Field{holder: ApplicationInfo{24c6b9c com.tencent.mm}, fieldType: 2, fieldReturnType: Ljava/lang/String;, value: com.tencent.mm}:CAND] com.tencent.mm.plugin.finder.extension.reddot.b4
18:35:00.749 [PU8071:Java.Field{holder: ApplicationInfo{24c6b9c com.tencent.mm}, fieldType: 2, fieldReturnType: Ljava/lang/String;, value: com.tencent.mm}:CAND] com.tencent.mm.plugin.finder.extension.reddot.b7
18:35:00.751 [PU8071:Java.Field{holder: ApplicationInfo{24c6b9c com.tencent.mm}, fieldType: 2, fieldReturnType: Ljava/lang/String;, value: com.tencent.mm}:CAND] com.tencent.mm.plugin.finder.extension.reddot.aa
18:35:00.760 [PU8071:Java.Field{holder: ApplicationInfo{24c6b9c com.tencent.mm}, fieldType: 2, fieldReturnType: Ljava/lang/String;, value: com.tencent.mm}:CAND] com.tencent.mm.plugin.finder.extension.reddot.ab
18:35:00.762 [PU8071:Java.Field{holder: ApplicationInfo{24c6b9c com.tencent.mm}, fieldType: 2, fieldReturnType: Ljava/lang/String;, value: com.tencent.mm}:CAND] com.tencent.mm.plugin.finder.extension.reddot.c1
18:35:00.764 [PU8071:Java.Field{holder: ApplicationInfo{24c6b9c com.tencent.mm}, fieldType: 2, fieldReturnType: Ljava/lang/String;, value: com.tencent.mm}:CAND] com.tencent.mm.plugin.finder.extension.reddot.c3
18:35:00.765 [PU8071:Java.Field{holder: ApplicationInfo{24c6b9c com.tencent.mm}, fieldType: 2, fieldReturnType: Ljava/lang/String;, value: com.tencent.mm}:CAND] com.tencent.mm.plugin.finder.extension.reddot.c4
18:35:00.773 [PU8071:Java.Field{holder: ApplicationInfo{24c6b9c com.tencent.mm}, fieldType: 2, fieldReturnType: Ljava/lang/String;, value: com.tencent.mm}:CAND] com.tencent.mm.plugin.finder.extension.reddot.c5
18:35:00.775 [PU8071:Java.Field{holder: ApplicationInfo{24c6b9c com.tencent.mm}, fieldType: 2, fieldReturnType: Ljava/lang/String;, value: com.tencent.mm}:CAND] com.tencent.mm.plugin.finder.extension.reddot.c7
18:35:00.777 [PU8071:Java.Field{holder: ApplicationInfo{24c6b9c com.tencent.mm}, fieldType: 2, fieldReturnType: Ljava/lang/String;, value: com.tencent.mm}:CAND] com.tencent.mm.plugin.finder.extension.reddot.c8
18:35:00.779 [PU8071:Java.Field{holder: ApplicationInfo{24c6b9c com.tencent.mm}, fieldType: 2, fieldReturnType: Ljava/lang/String;, value: com.tencent.mm}:CAND] com.tencent.mm.plugin.finder.extension.reddot.ba
18:35:00.782 [PU8071:Java.Field{holder: ApplicationInfo{24c6b9c com.tencent.mm}, fieldType: 2, fieldReturnType: Ljava/lang/String;, value: com.tencent.mm}:CAND] com.tencent.mm.plugin.finder.extension.reddot.bb
18:35:00.785 [PU8071:Java.Field{holder: ApplicationInfo{24c6b9c com.tencent.mm}, fieldType: 2, fieldReturnType: Ljava/lang/String;, value: com.tencent.mm}:CAND] com.tencent.mm.ui.launcher.LauncherUIRegistry$LauncherUIMoveTaskToBackEvent
18:35:00.786 [PU8071:Java.Field{holder: ApplicationInfo{24c6b9c com.tencent.mm}, fieldType: 2, fieldReturnType: Ljava/lang/String;, value: com.tencent.mm}:CAND] com.tencent.mm.autogen.events.RedDotExposureEventEvent
18:35:00.787 [PU8071:Java.Field{holder: ApplicationInfo{24c6b9c com.tencent.mm}, fieldType: 2, fieldReturnType: Ljava/lang/String;, value: com.tencent.mm}:CAND] com.tencent.mm.plugin.finder.extension.reddot.d1
18:35:00.789 [PU8071:Java.Field{holder: ApplicationInfo{24c6b9c com.tencent.mm}, fieldType: 2, fieldReturnType: Ljava/lang/String;, value: com.tencent.mm}:CAND] com.tencent.mm.plugin.finder.extension.reddot.d4
18:35:00.791 [PU8071:Java.Field{holder: ApplicationInfo{24c6b9c com.tencent.mm}, fieldType: 2, fieldReturnType: Ljava/lang/String;, value: com.tencent.mm}:CAND] com.tencent.mm.plugin.finder.extension.reddot.d5
18:35:00.793 [PU8071:Java.Field{holder: ApplicationInfo{24c6b9c com.tencent.mm}, fieldType: 2, fieldReturnType: Ljava/lang/String;, value: com.tencent.mm}:CAND] com.tencent.mm.plugin.finder.extension.reddot.d7
18:35:00.795 [PU8071:Java.Field{holder: ApplicationInfo{24c6b9c com.tencent.mm}, fieldType: 2, fieldReturnType: Ljava/lang/String;, value: com.tencent.mm}:CAND] com.tencent.mm.plugin.finder.extension.reddot.d8
18:35:00.936 [PU8071:Java.Field{holder: ApplicationInfo{24c6b9c com.tencent.mm}, fieldType: 2, fieldReturnType: Ljava/lang/String;, value: com.tencent.mm}:HOOK] d8 ×4
18:35:00.937 [PU8071:Java.Field{holder: ApplicationInfo{24c6b9c com.tencent.mm}, fieldType: 2, fieldReturnType: Ljava/lang/String;, value: com.tencent.mm}:CAND] com.tencent.mm.plugin.finder.extension.reddot.ca
18:35:00.937 [PU8071:Java.Field{holder: ApplicationInfo{24c6b9c com.tencent.mm}, fieldType: 2, fieldReturnType: Ljava/lang/String;, value: com.tencent.mm}:CAND] com.tencent.mm.plugin.finder.extension.reddot.cb
18:35:00.937 [PU8071:Java.Field{holder: ApplicationInfo{24c6b9c com.tencent.mm}, fieldType: 2, fieldReturnType: Ljava/lang/String;, value: com.tencent.mm}:CAND] com.tencent.mm.plugin.finder.extension.reddot.e1
18:35:00.937 [PU8071:Java.Field{holder: ApplicationInfo{24c6b9c com.tencent.mm}, fieldType: 2, fieldReturnType: Ljava/lang/String;, value: com.tencent.mm}:CAND] com.tencent.mm.plugin.finder.extension.reddot.e4
18:35:00.937 [PU8071:Java.Field{holder: ApplicationInfo{24c6b9c com.tencent.mm}, fieldType: 2, fieldReturnType: Ljava/lang/String;, value: com.tencent.mm}:CAND] com.tencent.mm.plugin.finder.extension.reddot.db
18:35:00.937 [PU8071:Java.Field{holder: ApplicationInfo{24c6b9c com.tencent.mm}, fieldType: 2, fieldReturnType: Ljava/lang/String;, value: com.tencent.mm}:CAND] com.tencent.mm.autogen.events.FinderGameRedDotEvent
18:35:00.939 [PU8071:Java.Field{holder: ApplicationInfo{24c6b9c com.tencent.mm}, fieldType: 2, fieldReturnType: Ljava/lang/String;, value: com.tencent.mm}:CAND] com.tencent.mm.plugin.finder.extension.reddot.f1
18:35:00.939 [PU8071:Java.Field{holder: ApplicationInfo{24c6b9c com.tencent.mm}, fieldType: 2, fieldReturnType: Ljava/lang/String;, value: com.tencent.mm}:CAND] com.tencent.mm.plugin.finder.extension.reddot.f2
18:35:00.939 [PU8071:Java.Field{holder: ApplicationInfo{24c6b9c com.tencent.mm}, fieldType: 2, fieldReturnType: Ljava/lang/String;, value: com.tencent.mm}:CAND] com.tencent.mm.plugin.finder.extension.reddot.f4
18:35:00.939 [PU8071:Java.Field{holder: ApplicationInfo{24c6b9c com.tencent.mm}, fieldType: 2, fieldReturnType: Ljava/lang/String;, value: com.tencent.mm}:CAND] com.tencent.mm.plugin.finder.extension.reddot.g0
18:35:00.939 [PU8071:Java.Field{holder: ApplicationInfo{24c6b9c com.tencent.mm}, fieldType: 2, fieldReturnType: Ljava/lang/String;, value: com.tencent.mm}:CAND] com.tencent.mm.plugin.finder.extension.reddot.g1
18:35:00.939 [PU8071:Java.Field{holder: ApplicationInfo{24c6b9c com.tencent.mm}, fieldType: 2, fieldReturnType: Ljava/lang/String;, value: com.tencent.mm}:CAND] com.tencent.mm.plugin.finder.extension.reddot.g2
18:35:00.939 [PU8071:Java.Field{holder: ApplicationInfo{24c6b9c com.tencent.mm}, fieldType: 2, fieldReturnType: Ljava/lang/String;, value: com.tencent.mm}:CAND] com.tencent.mm.plugin.finder.extension.reddot.g3
18:35:00.940 [PU8071:Java.Field{holder: ApplicationInfo{24c6b9c com.tencent.mm}, fieldType: 2, fieldReturnType: Ljava/lang/String;, value: com.tencent.mm}:CAND] com.tencent.mm.plugin.finder.extension.reddot.g4
18:35:00.940 [PU8071:Java.Field{holder: ApplicationInfo{24c6b9c com.tencent.mm}, fieldType: 2, fieldReturnType: Ljava/lang/String;, value: com.tencent.mm}:CAND] com.tencent.mm.plugin.finder.extension.reddot.g5
18:35:00.940 [PU8071:Java.Field{holder: ApplicationInfo{24c6b9c com.tencent.mm}, fieldType: 2, fieldReturnType: Ljava/lang/String;, value: com.tencent.mm}:CAND] com.tencent.mm.plugin.finder.extension.reddot.h0
18:35:00.940 [PU8071:Java.Field{holder: ApplicationInfo{24c6b9c com.tencent.mm}, fieldType: 2, fieldReturnType: Ljava/lang/String;, value: com.tencent.mm}:CAND] com.tencent.mm.plugin.finder.extension.reddot.h1
18:35:00.940 [PU8071:Java.Field{holder: ApplicationInfo{24c6b9c com.tencent.mm}, fieldType: 2, fieldReturnType: Ljava/lang/String;, value: com.tencent.mm}:CAND] com.tencent.mm.plugin.finder.extension.reddot.h4
18:35:00.940 [PU8071:Java.Field{holder: ApplicationInfo{24c6b9c com.tencent.mm}, fieldType: 2, fieldReturnType: Ljava/lang/String;, value: com.tencent.mm}:CAND] com.tencent.mm.plugin.finder.extension.reddot.h5
18:35:00.940 [PU8071:Java.Field{holder: ApplicationInfo{24c6b9c com.tencent.mm}, fieldType: 2, fieldReturnType: Ljava/lang/String;, value: com.tencent.mm}:CAND] com.tencent.mm.plugin.finder.extension.reddot.ga
18:35:00.940 [PU8071:Java.Field{holder: ApplicationInfo{24c6b9c com.tencent.mm}, fieldType: 2, fieldReturnType: Ljava/lang/String;, value: com.tencent.mm}:CAND] com.tencent.mm.plugin.finder.extension.reddot.gb
18:35:00.940 [PU8071:Java.Field{holder: ApplicationInfo{24c6b9c com.tencent.mm}, fieldType: 2, fieldReturnType: Ljava/lang/String;, value: com.tencent.mm}:CAND] com.tencent.mm.plugin.finder.extension.reddot.i1
18:35:00.941 [PU8071:Java.Field{holder: ApplicationInfo{24c6b9c com.tencent.mm}, fieldType: 2, fieldReturnType: Ljava/lang/String;, value: com.tencent.mm}:CAND] com.tencent.mm.plugin.finder.extension.reddot.i3
18:35:00.941 [PU8071:Java.Field{holder: ApplicationInfo{24c6b9c com.tencent.mm}, fieldType: 2, fieldReturnType: Ljava/lang/String;, value: com.tencent.mm}:CAND] com.tencent.mm.plugin.finder.extension.reddot.i4
18:35:00.941 [PU8071:Java.Field{holder: ApplicationInfo{24c6b9c com.tencent.mm}, fieldType: 2, fieldReturnType: Ljava/lang/String;, value: com.tencent.mm}:CAND] com.tencent.mm.plugin.finder.extension.reddot.i5
18:35:00.941 [PU8071:Java.Field{holder: ApplicationInfo{24c6b9c com.tencent.mm}, fieldType: 2, fieldReturnType: Ljava/lang/String;, value: com.tencent.mm}:CAND] com.tencent.mm.plugin.sns.ui.improve.component.unread.ImproveUnreadUIC
18:35:00.967 [PU8071:Java.Field{holder: ApplicationInfo{24c6b9c com.tencent.mm}, fieldType: 2, fieldReturnType: Ljava/lang/String;, value: com.tencent.mm}:CAND] com.tencent.mm.plugin.finder.extension.reddot.ha
18:35:00.967 [PU8071:Java.Field{holder: ApplicationInfo{24c6b9c com.tencent.mm}, fieldType: 2, fieldReturnType: Ljava/lang/String;, value: com.tencent.mm}:CAND] com.tencent.mm.plugin.finder.extension.reddot.hb
18:35:00.967 [PU8071:Java.Field{holder: ApplicationInfo{24c6b9c com.tencent.mm}, fieldType: 2, fieldReturnType: Ljava/lang/String;, value: com.tencent.mm}:CAND] com.tencent.mm.plugin.finder.extension.reddot.j1
18:35:00.972 [PU8071:Java.Field{holder: ApplicationInfo{24c6b9c com.tencent.mm}, fieldType: 2, fieldReturnType: Ljava/lang/String;, value: com.tencent.mm}:HOOK] j1 ×1
18:35:00.972 [PU8071:Java.Field{holder: ApplicationInfo{24c6b9c com.tencent.mm}, fieldType: 2, fieldReturnType: Ljava/lang/String;, value: com.tencent.mm}:CAND] com.tencent.mm.plugin.finder.extension.reddot.j7
18:35:00.972 [PU8071:Java.Field{holder: ApplicationInfo{24c6b9c com.tencent.mm}, fieldType: 2, fieldReturnType: Ljava/lang/String;, value: com.tencent.mm}:CAND] com.tencent.mm.plugin.finder.extension.reddot.k1
18:35:00.975 [PU8071:Java.Field{holder: ApplicationInfo{24c6b9c com.tencent.mm}, fieldType: 2, fieldReturnType: Ljava/lang/String;, value: com.tencent.mm}:CAND] com.tencent.mm.plugin.finder.extension.reddot.k2
18:35:00.975 [PU8071:Java.Field{holder: ApplicationInfo{24c6b9c com.tencent.mm}, fieldType: 2, fieldReturnType: Ljava/lang/String;, value: com.tencent.mm}:CAND] com.tencent.mm.plugin.finder.extension.reddot.k3
18:35:00.975 [PU8071:Java.Field{holder: ApplicationInfo{24c6b9c com.tencent.mm}, fieldType: 2, fieldReturnType: Ljava/lang/String;, value: com.tencent.mm}:CAND] com.tencent.mm.plugin.finder.extension.reddot.k4
18:35:00.975 [PU8071:Java.Field{holder: ApplicationInfo{24c6b9c com.tencent.mm}, fieldType: 2, fieldReturnType: Ljava/lang/String;, value: com.tencent.mm}:CAND] com.tencent.mm.plugin.finder.extension.reddot.k5
18:35:00.975 [PU8071:Java.Field{holder: ApplicationInfo{24c6b9c com.tencent.mm}, fieldType: 2, fieldReturnType: Ljava/lang/String;, value: com.tencent.mm}:CAND] com.tencent.mm.plugin.finder.extension.reddot.jb
18:35:00.975 [PU8071:Java.Field{holder: ApplicationInfo{24c6b9c com.tencent.mm}, fieldType: 2, fieldReturnType: Ljava/lang/String;, value: com.tencent.mm}:CAND] com.tencent.mm.plugin.finder.extension.reddot.l1
18:35:00.978 [PU8071:Java.Field{holder: ApplicationInfo{24c6b9c com.tencent.mm}, fieldType: 2, fieldReturnType: Ljava/lang/String;, value: com.tencent.mm}:CAND] com.tencent.mm.plugin.finder.extension.reddot.l2
18:35:00.978 [PU8071:Java.Field{holder: ApplicationInfo{24c6b9c com.tencent.mm}, fieldType: 2, fieldReturnType: Ljava/lang/String;, value: com.tencent.mm}:CAND] com.tencent.mm.plugin.finder.extension.reddot.l4
18:35:00.978 [PU8071:Java.Field{holder: ApplicationInfo{24c6b9c com.tencent.mm}, fieldType: 2, fieldReturnType: Ljava/lang/String;, value: com.tencent.mm}:CAND] com.tencent.mm.plugin.finder.extension.reddot.l5
18:35:00.978 [PU8071:Java.Field{holder: ApplicationInfo{24c6b9c com.tencent.mm}, fieldType: 2, fieldReturnType: Ljava/lang/String;, value: com.tencent.mm}:CAND] com.tencent.mm.plugin.finder.extension.reddot.l7
18:35:00.978 [PU8071:Java.Field{holder: ApplicationInfo{24c6b9c com.tencent.mm}, fieldType: 2, fieldReturnType: Ljava/lang/String;, value: com.tencent.mm}:CAND] com.tencent.mm.plugin.finder.extension.reddot.ka
18:35:00.978 [PU8071:Java.Field{holder: ApplicationInfo{24c6b9c com.tencent.mm}, fieldType: 2, fieldReturnType: Ljava/lang/String;, value: com.tencent.mm}:CAND] com.tencent.mm.plugin.finder.extension.reddot.m0
18:35:00.978 [PU8071:Java.Field{holder: ApplicationInfo{24c6b9c com.tencent.mm}, fieldType: 2, fieldReturnType: Ljava/lang/String;, value: com.tencent.mm}:CAND] com.tencent.mm.plugin.finder.extension.reddot.m1
18:35:00.978 [PU8071:Java.Field{holder: ApplicationInfo{24c6b9c com.tencent.mm}, fieldType: 2, fieldReturnType: Ljava/lang/String;, value: com.tencent.mm}:CAND] com.tencent.mm.plugin.finder.extension.reddot.m2
18:35:00.979 [PU8071:Java.Field{holder: ApplicationInfo{24c6b9c com.tencent.mm}, fieldType: 2, fieldReturnType: Ljava/lang/String;, value: com.tencent.mm}:CAND] com.tencent.mm.plugin.finder.extension.reddot.m6
18:35:00.979 [PU8071:Java.Field{holder: ApplicationInfo{24c6b9c com.tencent.mm}, fieldType: 2, fieldReturnType: Ljava/lang/String;, value: com.tencent.mm}:CAND] com.tencent.mm.plugin.finder.extension.reddot.m7
18:35:00.979 [PU8071:Java.Field{holder: ApplicationInfo{24c6b9c com.tencent.mm}, fieldType: 2, fieldReturnType: Ljava/lang/String;, value: com.tencent.mm}:CAND] com.tencent.mm.plugin.finder.extension.reddot.la
18:35:00.979 [PU8071:Java.Field{holder: ApplicationInfo{24c6b9c com.tencent.mm}, fieldType: 2, fieldReturnType: Ljava/lang/String;, value: com.tencent.mm}:CAND] com.tencent.mm.autogen.events.FindMoreFriendEntryRedDotEvent
18:35:00.979 [PU8071:Java.Field{holder: ApplicationInfo{24c6b9c com.tencent.mm}, fieldType: 2, fieldReturnType: Ljava/lang/String;, value: com.tencent.mm}:CAND] com.tencent.mm.plugin.finder.extension.reddot.n1
18:35:00.979 [PU8071:Java.Field{holder: ApplicationInfo{24c6b9c com.tencent.mm}, fieldType: 2, fieldReturnType: Ljava/lang/String;, value: com.tencent.mm}:CAND] com.tencent.mm.plugin.finder.extension.reddot.n2
18:35:00.979 [PU8071:Java.Field{holder: ApplicationInfo{24c6b9c com.tencent.mm}, fieldType: 2, fieldReturnType: Ljava/lang/String;, value: com.tencent.mm}:CAND] com.tencent.mm.plugin.finder.extension.reddot.n4
18:35:00.979 [PU8071:Java.Field{holder: ApplicationInfo{24c6b9c com.tencent.mm}, fieldType: 2, fieldReturnType: Ljava/lang/String;, value: com.tencent.mm}:CAND] com.tencent.mm.plugin.finder.extension.reddot.n5
18:35:00.979 [PU8071:Java.Field{holder: ApplicationInfo{24c6b9c com.tencent.mm}, fieldType: 2, fieldReturnType: Ljava/lang/String;, value: com.tencent.mm}:CAND] com.tencent.mm.protocal.protobuf.FinderJumpInfoRedDot
18:35:00.980 [PU8071:Java.Field{holder: ApplicationInfo{24c6b9c com.tencent.mm}, fieldType: 2, fieldReturnType: Ljava/lang/String;, value: com.tencent.mm}:CAND] com.tencent.mm.plugin.finder.extension.reddot.ma
18:35:00.980 [PU8071:Java.Field{holder: ApplicationInfo{24c6b9c com.tencent.mm}, fieldType: 2, fieldReturnType: Ljava/lang/String;, value: com.tencent.mm}:CAND] com.tencent.mm.plugin.finder.extension.reddot.FinderRedDotExpiredHandler$mainUiIndexChangeListener$1
18:35:00.980 [PU8071:Java.Field{holder: ApplicationInfo{24c6b9c com.tencent.mm}, fieldType: 2, fieldReturnType: Ljava/lang/String;, value: com.tencent.mm}:CAND] com.tencent.mm.plugin.finder.extension.reddot.o1
18:35:00.980 [PU8071:Java.Field{holder: ApplicationInfo{24c6b9c com.tencent.mm}, fieldType: 2, fieldReturnType: Ljava/lang/String;, value: com.tencent.mm}:CAND] com.tencent.mm.plugin.finder.extension.reddot.o2
18:35:00.980 [PU8071:Java.Field{holder: ApplicationInfo{24c6b9c com.tencent.mm}, fieldType: 2, fieldReturnType: Ljava/lang/String;, value: com.tencent.mm}:CAND] com.tencent.mm.plugin.finder.extension.reddot.o4
18:35:00.980 [PU8071:Java.Field{holder: ApplicationInfo{24c6b9c com.tencent.mm}, fieldType: 2, fieldReturnType: Ljava/lang/String;, value: com.tencent.mm}:CAND] com.tencent.mm.plugin.finder.extension.reddot.o5
18:35:00.980 [PU8071:Java.Field{holder: ApplicationInfo{24c6b9c com.tencent.mm}, fieldType: 2, fieldReturnType: Ljava/lang/String;, value: com.tencent.mm}:CAND] com.tencent.mm.plugin.finder.extension.reddot.o6
18:35:00.980 [PU8071:Java.Field{holder: ApplicationInfo{24c6b9c com.tencent.mm}, fieldType: 2, fieldReturnType: Ljava/lang/String;, value: com.tencent.mm}:CAND] com.tencent.mm.plugin.finder.extension.reddot.na
18:35:00.981 [PU8071:Java.Field{holder: ApplicationInfo{24c6b9c com.tencent.mm}, fieldType: 2, fieldReturnType: Ljava/lang/String;, value: com.tencent.mm}:CAND] com.tencent.mm.plugin.finder.extension.reddot.p1
18:35:00.981 [PU8071:Java.Field{holder: ApplicationInfo{24c6b9c com.tencent.mm}, fieldType: 2, fieldReturnType: Ljava/lang/String;, value: com.tencent.mm}:CAND] com.tencent.mm.plugin.finder.extension.reddot.p2
18:35:00.981 [PU8071:Java.Field{holder: ApplicationInfo{24c6b9c com.tencent.mm}, fieldType: 2, fieldReturnType: Ljava/lang/String;, value: com.tencent.mm}:CAND] com.tencent.mm.plugin.finder.extension.reddot.p4
18:35:00.981 [PU8071:Java.Field{holder: ApplicationInfo{24c6b9c com.tencent.mm}, fieldType: 2, fieldReturnType: Ljava/lang/String;, value: com.tencent.mm}:CAND] com.tencent.mm.plugin.finder.extension.reddot.p5
18:35:00.981 [PU8071:Java.Field{holder: ApplicationInfo{24c6b9c com.tencent.mm}, fieldType: 2, fieldReturnType: Ljava/lang/String;, value: com.tencent.mm}:CAND] com.tencent.mm.plugin.finder.extension.reddot.p7
18:35:00.981 [PU8071:Java.Field{holder: ApplicationInfo{24c6b9c com.tencent.mm}, fieldType: 2, fieldReturnType: Ljava/lang/String;, value: com.tencent.mm}:CAND] com.tencent.mm.plugin.finder.extension.reddot.oa
18:35:00.981 [PU8071:Java.Field{holder: ApplicationInfo{24c6b9c com.tencent.mm}, fieldType: 2, fieldReturnType: Ljava/lang/String;, value: com.tencent.mm}:CAND] com.tencent.mm.plugin.finder.extension.reddot.q1
18:35:00.981 [PU8071:Java.Field{holder: ApplicationInfo{24c6b9c com.tencent.mm}, fieldType: 2, fieldReturnType: Ljava/lang/String;, value: com.tencent.mm}:CAND] com.tencent.mm.plugin.finder.extension.reddot.q2
18:35:00.981 [PU8071:Java.Field{holder: ApplicationInfo{24c6b9c com.tencent.mm}, fieldType: 2, fieldReturnType: Ljava/lang/String;, value: com.tencent.mm}:CAND] com.tencent.mm.plugin.finder.extension.reddot.q3
18:35:00.981 [PU8071:Java.Field{holder: ApplicationInfo{24c6b9c com.tencent.mm}, fieldType: 2, fieldReturnType: Ljava/lang/String;, value: com.tencent.mm}:CAND] com.tencent.mm.plugin.finder.extension.reddot.q5
18:35:00.982 [PU8071:Java.Field{holder: ApplicationInfo{24c6b9c com.tencent.mm}, fieldType: 2, fieldReturnType: Ljava/lang/String;, value: com.tencent.mm}:CAND] com.tencent.mm.plugin.finder.extension.reddot.q6
18:35:00.982 [PU8071:Java.Field{holder: ApplicationInfo{24c6b9c com.tencent.mm}, fieldType: 2, fieldReturnType: Ljava/lang/String;, value: com.tencent.mm}:CAND] com.tencent.mm.plugin.finder.extension.reddot.q7
18:35:00.982 [PU8071:Java.Field{holder: ApplicationInfo{24c6b9c com.tencent.mm}, fieldType: 2, fieldReturnType: Ljava/lang/String;, value: com.tencent.mm}:CAND] com.tencent.mm.plugin.finder.extension.reddot.pa
18:35:00.982 [PU8071:Java.Field{holder: ApplicationInfo{24c6b9c com.tencent.mm}, fieldType: 2, fieldReturnType: Ljava/lang/String;, value: com.tencent.mm}:CAND] com.tencent.mm.autogen.events.AppBrandGetServiceUnreadCountEvent
18:35:00.982 [PU8071:Java.Field{holder: ApplicationInfo{24c6b9c com.tencent.mm}, fieldType: 2, fieldReturnType: Ljava/lang/String;, value: com.tencent.mm}:CAND] com.tencent.mm.plugin.finder.extension.reddot.pb
18:35:00.982 [PU8071:Java.Field{holder: ApplicationInfo{24c6b9c com.tencent.mm}, fieldType: 2, fieldReturnType: Ljava/lang/String;, value: com.tencent.mm}:CAND] com.tencent.mm.autogen.mmdata.rpt.FinderRedDotStruct
18:35:00.982 [PU8071:Java.Field{holder: ApplicationInfo{24c6b9c com.tencent.mm}, fieldType: 2, fieldReturnType: Ljava/lang/String;, value: com.tencent.mm}:CAND] com.tencent.mm.repairer.config.search.RepairerConfigWebSearchCommonSyncRedDot
18:35:00.982 [PU8071:Java.Field{holder: ApplicationInfo{24c6b9c com.tencent.mm}, fieldType: 2, fieldReturnType: Ljava/lang/String;, value: com.tencent.mm}:CAND] com.tencent.mm.plugin.finder.extension.reddot.r0
18:35:00.983 [PU8071:Java.Field{holder: ApplicationInfo{24c6b9c com.tencent.mm}, fieldType: 2, fieldReturnType: Ljava/lang/String;, value: com.tencent.mm}:CAND] com.tencent.mm.plugin.finder.extension.reddot.r2
18:35:00.983 [PU8071:Java.Field{holder: ApplicationInfo{24c6b9c com.tencent.mm}, fieldType: 2, fieldReturnType: Ljava/lang/String;, value: com.tencent.mm}:CAND] com.tencent.mm.plugin.finder.extension.reddot.r5
18:35:00.983 [PU8071:Java.Field{holder: ApplicationInfo{24c6b9c com.tencent.mm}, fieldType: 2, fieldReturnType: Ljava/lang/String;, value: com.tencent.mm}:CAND] com.tencent.mm.plugin.finder.extension.reddot.r6
18:35:00.983 [PU8071:Java.Field{holder: ApplicationInfo{24c6b9c com.tencent.mm}, fieldType: 2, fieldReturnType: Ljava/lang/String;, value: com.tencent.mm}:CAND] com.tencent.mm.plugin.finder.extension.reddot.qa
18:35:00.983 [PU8071:Java.Field{holder: ApplicationInfo{24c6b9c com.tencent.mm}, fieldType: 2, fieldReturnType: Ljava/lang/String;, value: com.tencent.mm}:CAND] com.tencent.mm.plugin.finder.extension.reddot.s2
18:35:00.983 [PU8071:Java.Field{holder: ApplicationInfo{24c6b9c com.tencent.mm}, fieldType: 2, fieldReturnType: Ljava/lang/String;, value: com.tencent.mm}:CAND] com.tencent.mm.plugin.finder.extension.reddot.s3
18:35:00.983 [PU8071:Java.Field{holder: ApplicationInfo{24c6b9c com.tencent.mm}, fieldType: 2, fieldReturnType: Ljava/lang/String;, value: com.tencent.mm}:CAND] com.tencent.mm.plugin.finder.extension.reddot.s4
18:35:00.983 [PU8071:Java.Field{holder: ApplicationInfo{24c6b9c com.tencent.mm}, fieldType: 2, fieldReturnType: Ljava/lang/String;, value: com.tencent.mm}:CAND] com.tencent.mm.plugin.finder.extension.reddot.s5
18:35:00.984 [PU8071:Java.Field{holder: ApplicationInfo{24c6b9c com.tencent.mm}, fieldType: 2, fieldReturnType: Ljava/lang/String;, value: com.tencent.mm}:CAND] com.tencent.mm.plugin.finder.extension.reddot.s6
18:35:00.984 [PU8071:Java.Field{holder: ApplicationInfo{24c6b9c com.tencent.mm}, fieldType: 2, fieldReturnType: Ljava/lang/String;, value: com.tencent.mm}:CAND] com.tencent.mm.plugin.finder.extension.reddot.s7
18:35:00.984 [PU8071:Java.Field{holder: ApplicationInfo{24c6b9c com.tencent.mm}, fieldType: 2, fieldReturnType: Ljava/lang/String;, value: com.tencent.mm}:CAND] com.tencent.mm.autogen.events.WeChatTabRedDotEvent
18:35:00.984 [PU8071:Java.Field{holder: ApplicationInfo{24c6b9c com.tencent.mm}, fieldType: 2, fieldReturnType: Ljava/lang/String;, value: com.tencent.mm}:CAND] com.tencent.mm.plugin.finder.extension.reddot.rb
18:35:00.984 [PU8071:Java.Field{holder: ApplicationInfo{24c6b9c com.tencent.mm}, fieldType: 2, fieldReturnType: Ljava/lang/String;, value: com.tencent.mm}:CAND] com.tencent.mm.plugin.finder.extension.reddot.t0
18:35:00.984 [PU8071:Java.Field{holder: ApplicationInfo{24c6b9c com.tencent.mm}, fieldType: 2, fieldReturnType: Ljava/lang/String;, value: com.tencent.mm}:CAND] com.tencent.mm.plugin.finder.extension.reddot.t1
18:35:00.984 [PU8071:Java.Field{holder: ApplicationInfo{24c6b9c com.tencent.mm}, fieldType: 2, fieldReturnType: Ljava/lang/String;, value: com.tencent.mm}:CAND] com.tencent.mm.plugin.finder.extension.reddot.t2
18:35:00.984 [PU8071:Java.Field{holder: ApplicationInfo{24c6b9c com.tencent.mm}, fieldType: 2, fieldReturnType: Ljava/lang/String;, value: com.tencent.mm}:CAND] com.tencent.mm.plugin.finder.extension.reddot.t3
18:35:00.988 [PU8071:Java.Field{holder: ApplicationInfo{24c6b9c com.tencent.mm}, fieldType: 2, fieldReturnType: Ljava/lang/String;, value: com.tencent.mm}:CAND] com.tencent.mm.plugin.finder.extension.reddot.t4
18:35:00.988 [PU8071:Java.Field{holder: ApplicationInfo{24c6b9c com.tencent.mm}, fieldType: 2, fieldReturnType: Ljava/lang/String;, value: com.tencent.mm}:CAND] com.tencent.mm.plugin.finder.extension.reddot.t5
18:35:00.988 [PU8071:Java.Field{holder: ApplicationInfo{24c6b9c com.tencent.mm}, fieldType: 2, fieldReturnType: Ljava/lang/String;, value: com.tencent.mm}:CAND] com.tencent.mm.plugin.finder.extension.reddot.t7
18:35:00.988 [PU8071:Java.Field{holder: ApplicationInfo{24c6b9c com.tencent.mm}, fieldType: 2, fieldReturnType: Ljava/lang/String;, value: com.tencent.mm}:CAND] com.tencent.mm.autogen.events.AppBrandResetAllServiceUnreadCountEvent
18:35:00.988 [PU8071:Java.Field{holder: ApplicationInfo{24c6b9c com.tencent.mm}, fieldType: 2, fieldReturnType: Ljava/lang/String;, value: com.tencent.mm}:CAND] com.tencent.mm.plugin.finder.extension.reddot.sb
18:35:00.988 [PU8071:Java.Field{holder: ApplicationInfo{24c6b9c com.tencent.mm}, fieldType: 2, fieldReturnType: Ljava/lang/String;, value: com.tencent.mm}:CAND] com.tencent.mm.plugin.finder.extension.reddot.u1
18:35:00.988 [PU8071:Java.Field{holder: ApplicationInfo{24c6b9c com.tencent.mm}, fieldType: 2, fieldReturnType: Ljava/lang/String;, value: com.tencent.mm}:CAND] com.tencent.mm.plugin.finder.extension.reddot.u2
18:35:00.988 [PU8071:Java.Field{holder: ApplicationInfo{24c6b9c com.tencent.mm}, fieldType: 2, fieldReturnType: Ljava/lang/String;, value: com.tencent.mm}:CAND] com.tencent.mm.plugin.finder.extension.reddot.u3
18:35:00.988 [PU8071:Java.Field{holder: ApplicationInfo{24c6b9c com.tencent.mm}, fieldType: 2, fieldReturnType: Ljava/lang/String;, value: com.tencent.mm}:CAND] com.tencent.mm.autogen.events.FinderRedDotEraseEvent
18:35:00.989 [PU8071:Java.Field{holder: ApplicationInfo{24c6b9c com.tencent.mm}, fieldType: 2, fieldReturnType: Ljava/lang/String;, value: com.tencent.mm}:CAND] com.tencent.mm.plugin.finder.extension.reddot.u4
18:35:00.989 [PU8071:Java.Field{holder: ApplicationInfo{24c6b9c com.tencent.mm}, fieldType: 2, fieldReturnType: Ljava/lang/String;, value: com.tencent.mm}:CAND] com.tencent.mm.plugin.finder.extension.reddot.u5
18:35:00.989 [PU8071:Java.Field{holder: ApplicationInfo{24c6b9c com.tencent.mm}, fieldType: 2, fieldReturnType: Ljava/lang/String;, value: com.tencent.mm}:CAND] com.tencent.mm.plugin.finder.extension.reddot.u6
18:35:00.989 [PU8071:Java.Field{holder: ApplicationInfo{24c6b9c com.tencent.mm}, fieldType: 2, fieldReturnType: Ljava/lang/String;, value: com.tencent.mm}:CAND] com.tencent.mm.plugin.finder.extension.reddot.u7
18:35:00.989 [PU8071:Java.Field{holder: ApplicationInfo{24c6b9c com.tencent.mm}, fieldType: 2, fieldReturnType: Ljava/lang/String;, value: com.tencent.mm}:CAND] com.tencent.mm.plugin.finder.extension.reddot.ta
18:35:00.989 [PU8071:Java.Field{holder: ApplicationInfo{24c6b9c com.tencent.mm}, fieldType: 2, fieldReturnType: Ljava/lang/String;, value: com.tencent.mm}:CAND] com.tencent.mm.plugin.finder.extension.reddot.v1
18:35:00.989 [PU8071:Java.Field{holder: ApplicationInfo{24c6b9c com.tencent.mm}, fieldType: 2, fieldReturnType: Ljava/lang/String;, value: com.tencent.mm}:CAND] com.tencent.mm.plugin.finder.extension.reddot.v2
18:35:00.989 [PU8071:Java.Field{holder: ApplicationInfo{24c6b9c com.tencent.mm}, fieldType: 2, fieldReturnType: Ljava/lang/String;, value: com.tencent.mm}:CAND] com.tencent.mm.plugin.finder.extension.reddot.v3
18:35:00.989 [PU8071:Java.Field{holder: ApplicationInfo{24c6b9c com.tencent.mm}, fieldType: 2, fieldReturnType: Ljava/lang/String;, value: com.tencent.mm}:CAND] com.tencent.mm.plugin.finder.extension.reddot.v6
18:35:00.990 [PU8071:Java.Field{holder: ApplicationInfo{24c6b9c com.tencent.mm}, fieldType: 2, fieldReturnType: Ljava/lang/String;, value: com.tencent.mm}:CAND] com.tencent.mm.plugin.finder.extension.reddot.ua
18:35:00.990 [PU8071:Java.Field{holder: ApplicationInfo{24c6b9c com.tencent.mm}, fieldType: 2, fieldReturnType: Ljava/lang/String;, value: com.tencent.mm}:CAND] com.tencent.mm.ui.MainTabUnreadMgr$2
18:35:00.990 [PU8071:Java.Field{holder: ApplicationInfo{24c6b9c com.tencent.mm}, fieldType: 2, fieldReturnType: Ljava/lang/String;, value: com.tencent.mm}:CAND] com.tencent.mm.ui.MainTabUnreadMgr$3
18:35:00.990 [PU8071:Java.Field{holder: ApplicationInfo{24c6b9c com.tencent.mm}, fieldType: 2, fieldReturnType: Ljava/lang/String;, value: com.tencent.mm}:CAND] com.tencent.mm.plugin.finder.extension.reddot.w1
18:35:00.990 [PU8071:Java.Field{holder: ApplicationInfo{24c6b9c com.tencent.mm}, fieldType: 2, fieldReturnType: Ljava/lang/String;, value: com.tencent.mm}:CAND] com.tencent.mm.plugin.finder.extension.reddot.w2
18:35:00.990 [PU8071:Java.Field{holder: ApplicationInfo{24c6b9c com.tencent.mm}, fieldType: 2, fieldReturnType: Ljava/lang/String;, value: com.tencent.mm}:CAND] com.tencent.mm.plugin.finder.extension.reddot.w3
18:35:00.990 [PU8071:Java.Field{holder: ApplicationInfo{24c6b9c com.tencent.mm}, fieldType: 2, fieldReturnType: Ljava/lang/String;, value: com.tencent.mm}:CAND] com.tencent.mm.plugin.finder.extension.reddot.w4
18:35:00.990 [PU8071:Java.Field{holder: ApplicationInfo{24c6b9c com.tencent.mm}, fieldType: 2, fieldReturnType: Ljava/lang/String;, value: com.tencent.mm}:CAND] com.tencent.mm.plugin.finder.extension.reddot.w6
18:35:00.990 [PU8071:Java.Field{holder: ApplicationInfo{24c6b9c com.tencent.mm}, fieldType: 2, fieldReturnType: Ljava/lang/String;, value: com.tencent.mm}:CAND] com.tencent.mm.plugin.finder.extension.reddot.x1
18:35:00.991 [PU8071:Java.Field{holder: ApplicationInfo{24c6b9c com.tencent.mm}, fieldType: 2, fieldReturnType: Ljava/lang/String;, value: com.tencent.mm}:CAND] com.tencent.mm.plugin.finder.extension.reddot.x2
18:35:00.991 [PU8071:Java.Field{holder: ApplicationInfo{24c6b9c com.tencent.mm}, fieldType: 2, fieldReturnType: Ljava/lang/String;, value: com.tencent.mm}:CAND] com.tencent.mm.plugin.finder.extension.reddot.x3
18:35:00.991 [PU8071:Java.Field{holder: ApplicationInfo{24c6b9c com.tencent.mm}, fieldType: 2, fieldReturnType: Ljava/lang/String;, value: com.tencent.mm}:CAND] com.tencent.mm.plugin.finder.extension.reddot.x4
18:35:00.991 [PU8071:Java.Field{holder: ApplicationInfo{24c6b9c com.tencent.mm}, fieldType: 2, fieldReturnType: Ljava/lang/String;, value: com.tencent.mm}:CAND] com.tencent.mm.plugin.finder.extension.reddot.x5
18:35:00.991 [PU8071:Java.Field{holder: ApplicationInfo{24c6b9c com.tencent.mm}, fieldType: 2, fieldReturnType: Ljava/lang/String;, value: com.tencent.mm}:CAND] com.tencent.mm.plugin.finder.extension.reddot.x6
18:35:00.991 [PU8071:Java.Field{holder: ApplicationInfo{24c6b9c com.tencent.mm}, fieldType: 2, fieldReturnType: Ljava/lang/String;, value: com.tencent.mm}:CAND] com.tencent.mm.plugin.finder.extension.reddot.wa
18:35:00.991 [PU8071:Java.Field{holder: ApplicationInfo{24c6b9c com.tencent.mm}, fieldType: 2, fieldReturnType: Ljava/lang/String;, value: com.tencent.mm}:CAND] com.tencent.mm.ui.MainTabUI$$a
18:35:00.991 [PU8071:Java.Field{holder: ApplicationInfo{24c6b9c com.tencent.mm}, fieldType: 2, fieldReturnType: Ljava/lang/String;, value: com.tencent.mm}:CAND] com.tencent.mm.plugin.finder.extension.reddot.y0
18:35:00.992 [PU8071:Java.Field{holder: ApplicationInfo{24c6b9c com.tencent.mm}, fieldType: 2, fieldReturnType: Ljava/lang/String;, value: com.tencent.mm}:CAND] com.tencent.mm.ui.MainTabUI$$b
18:35:00.992 [PU8071:Java.Field{holder: ApplicationInfo{24c6b9c com.tencent.mm}, fieldType: 2, fieldReturnType: Ljava/lang/String;, value: com.tencent.mm}:CAND] com.tencent.mm.plugin.finder.extension.reddot.y1
18:35:00.992 [PU8071:Java.Field{holder: ApplicationInfo{24c6b9c com.tencent.mm}, fieldType: 2, fieldReturnType: Ljava/lang/String;, value: com.tencent.mm}:CAND] com.tencent.mm.ui.MainTabUI$$c
18:35:00.992 [PU8071:Java.Field{holder: ApplicationInfo{24c6b9c com.tencent.mm}, fieldType: 2, fieldReturnType: Ljava/lang/String;, value: com.tencent.mm}:CAND] com.tencent.mm.plugin.finder.extension.reddot.y2
18:35:00.995 [PU8071:Java.Field{holder: ApplicationInfo{24c6b9c com.tencent.mm}, fieldType: 2, fieldReturnType: Ljava/lang/String;, value: com.tencent.mm}:CAND] com.tencent.mm.plugin.finder.extension.reddot.y3
18:35:00.995 [PU8071:Java.Field{holder: ApplicationInfo{24c6b9c com.tencent.mm}, fieldType: 2, fieldReturnType: Ljava/lang/String;, value: com.tencent.mm}:CAND] com.tencent.mm.plugin.finder.extension.reddot.y4
18:35:00.995 [PU8071:Java.Field{holder: ApplicationInfo{24c6b9c com.tencent.mm}, fieldType: 2, fieldReturnType: Ljava/lang/String;, value: com.tencent.mm}:CAND] com.tencent.mm.plugin.finder.extension.reddot.y5
18:35:00.996 [PU8071:Java.Field{holder: ApplicationInfo{24c6b9c com.tencent.mm}, fieldType: 2, fieldReturnType: Ljava/lang/String;, value: com.tencent.mm}:CAND] com.tencent.mm.plugin.finder.extension.reddot.y6
18:35:00.996 [PU8071:Java.Field{holder: ApplicationInfo{24c6b9c com.tencent.mm}, fieldType: 2, fieldReturnType: Ljava/lang/String;, value: com.tencent.mm}:CAND] com.tencent.mm.plugin.finder.extension.reddot.y7
18:35:00.996 [PU8071:Java.Field{holder: ApplicationInfo{24c6b9c com.tencent.mm}, fieldType: 2, fieldReturnType: Ljava/lang/String;, value: com.tencent.mm}:CAND] com.tencent.mm.plugin.finder.extension.reddot.y8
18:35:00.996 [PU8071:Java.Field{holder: ApplicationInfo{24c6b9c com.tencent.mm}, fieldType: 2, fieldReturnType: Ljava/lang/String;, value: com.tencent.mm}:CAND] com.tencent.mm.plugin.finder.extension.reddot.y9
18:35:00.996 [PU8071:Java.Field{holder: ApplicationInfo{24c6b9c com.tencent.mm}, fieldType: 2, fieldReturnType: Ljava/lang/String;, value: com.tencent.mm}:CAND] com.tencent.mm.plugin.finder.extension.reddot.xa
18:35:00.996 [PU8071:Java.Field{holder: ApplicationInfo{24c6b9c com.tencent.mm}, fieldType: 2, fieldReturnType: Ljava/lang/String;, value: com.tencent.mm}:CAND] com.tencent.mm.plugin.finder.extension.reddot.z2
18:35:01.300 [PU8071:Java.Field{holder: ApplicationInfo{24c6b9c com.tencent.mm}, fieldType: 2, fieldReturnType: Ljava/lang/String;, value: com.tencent.mm}:CAND] com.tencent.mm.plugin.finder.extension.reddot.z3
18:35:01.300 [PU8071:Java.Field{holder: ApplicationInfo{24c6b9c com.tencent.mm}, fieldType: 2, fieldReturnType: Ljava/lang/String;, value: com.tencent.mm}:CAND] com.tencent.mm.plugin.finder.extension.reddot.z5
18:35:01.300 [PU8071:Java.Field{holder: ApplicationInfo{24c6b9c com.tencent.mm}, fieldType: 2, fieldReturnType: Ljava/lang/String;, value: com.tencent.mm}:CAND] com.tencent.mm.plugin.finder.extension.reddot.z6
18:35:01.400 [PU8071:Java.Field{holder: ApplicationInfo{24c6b9c com.tencent.mm}, fieldType: 2, fieldReturnType: Ljava/lang/String;, value: com.tencent.mm}:CAND] com.tencent.mm.plugin.finder.extension.reddot.z9
18:35:01.400 [PU8071:Java.Field{holder: ApplicationInfo{24c6b9c com.tencent.mm}, fieldType: 2, fieldReturnType: Ljava/lang/String;, value: com.tencent.mm}:CAND] com.tencent.mm.ui.conversation.ConversationUnreadHelper$1
18:35:01.400 [PU8071:Java.Field{holder: ApplicationInfo{24c6b9c com.tencent.mm}, fieldType: 2, fieldReturnType: Ljava/lang/String;, value: com.tencent.mm}:CAND] com.tencent.mm.ui.LauncherUI$$a
18:35:01.400 [PU8071:Java.Field{holder: ApplicationInfo{24c6b9c com.tencent.mm}, fieldType: 2, fieldReturnType: Ljava/lang/String;, value: com.tencent.mm}:CAND] com.tencent.mm.ui.MainTabUnreadMgr$10
18:35:01.400 [PU8071:Java.Field{holder: ApplicationInfo{24c6b9c com.tencent.mm}, fieldType: 2, fieldReturnType: Ljava/lang/String;, value: com.tencent.mm}:CAND] com.tencent.mm.plugin.finder.extension.reddot.FinderRedDotTrigger$1
18:35:01.400 [PU8071:Java.Field{holder: ApplicationInfo{24c6b9c com.tencent.mm}, fieldType: 2, fieldReturnType: Ljava/lang/String;, value: com.tencent.mm}:CAND] com.tencent.mm.plugin.finder.extension.reddot.FinderRedDotTrigger$2
18:35:01.400 [PU8071:Java.Field{holder: ApplicationInfo{24c6b9c com.tencent.mm}, fieldType: 2, fieldReturnType: Ljava/lang/String;, value: com.tencent.mm}:CAND] com.tencent.mm.plugin.finder.extension.reddot.FinderNewDiscoveryRedDotService$chattingExitListener$1
18:35:01.400 [PU8071:Java.Field{holder: ApplicationInfo{24c6b9c com.tencent.mm}, fieldType: 2, fieldReturnType: Ljava/lang/String;, value: com.tencent.mm}:CAND] com.tencent.mm.plugin.finder.extension.reddot.DiscoveryFinderRedDotManager$mainUiIndexChangeListener$1
18:35:01.400 [PU8071:Java.Field{holder: ApplicationInfo{24c6b9c com.tencent.mm}, fieldType: 2, fieldReturnType: Ljava/lang/String;, value: com.tencent.mm}:CAND] com.tencent.mm.ui.LauncherUI
18:35:01.500 [PU8071:Java.Field{holder: ApplicationInfo{24c6b9c com.tencent.mm}, fieldType: 2, fieldReturnType: Ljava/lang/String;, value: com.tencent.mm}:CAND] com.tencent.mm.ui.LauncherUIBottomTabView$$a
18:35:01.500 [PU8071:Java.Field{holder: ApplicationInfo{24c6b9c com.tencent.mm}, fieldType: 2, fieldReturnType: Ljava/lang/String;, value: com.tencent.mm}:CAND] com.tencent.mm.autogen.events.GetMainTabUnReadCountEvent
18:35:01.500 [PU8071:Java.Field{holder: ApplicationInfo{24c6b9c com.tencent.mm}, fieldType: 2, fieldReturnType: Ljava/lang/String;, value: com.tencent.mm}:CAND] com.tencent.mm.ui.MainTabUI$1
18:35:01.500 [PU8071:Java.Field{holder: ApplicationInfo{24c6b9c com.tencent.mm}, fieldType: 2, fieldReturnType: Ljava/lang/String;, value: com.tencent.mm}:CAND] com.tencent.mm.ui.MainTabUI$2
18:35:01.500 [PU8071:Java.Field{holder: ApplicationInfo{24c6b9c com.tencent.mm}, fieldType: 2, fieldReturnType: Ljava/lang/String;, value: com.tencent.mm}:CAND] com.tencent.mm.ui.MainTabUI$3
18:35:01.500 [PU8071:Java.Field{holder: ApplicationInfo{24c6b9c com.tencent.mm}, fieldType: 2, fieldReturnType: Ljava/lang/String;, value: com.tencent.mm}:CAND] com.tencent.mm.plugin.sns.ui.improve.component.unread.ImproveUnreadUIC$clickUnreadBtnListener$1
18:35:01.800 [PU8071:Java.Field{holder: ApplicationInfo{24c6b9c com.tencent.mm}, fieldType: 2, fieldReturnType: Ljava/lang/String;, value: com.tencent.mm}:CAND] com.tencent.mm.plugin.sns.ui.improve.component.unread.ImproveUnreadTierView
18:35:01.190 [PU8071:Java.Field{holder: ApplicationInfo{24c6b9c com.tencent.mm}, fieldType: 2, fieldReturnType: Ljava/lang/String;, value: com.tencent.mm}:HOOK] ImproveUnreadTierView ×2
18:35:01.190 [PU8071:Java.Field{holder: ApplicationInfo{24c6b9c com.tencent.mm}, fieldType: 2, fieldReturnType: Ljava/lang/String;, value: com.tencent.mm}:CAND] com.tencent.mm.ui.LauncherUIBottomTabView
18:35:01.190 [PU8071:Java.Field{holder: ApplicationInfo{24c6b9c com.tencent.mm}, fieldType: 2, fieldReturnType: Ljava/lang/String;, value: com.tencent.mm}:CAND] com.tencent.mm.plugin.finder.view.FinderHomeTabRedDotTipsBubbleView
18:35:01.190 [PU8071:Java.Field{holder: ApplicationInfo{24c6b9c com.tencent.mm}, fieldType: 2, fieldReturnType: Ljava/lang/String;, value: com.tencent.mm}:CAND] com.tencent.mm.autogen.events.FinderRedDotExpirationEvent
18:35:01.190 [PU8071:Java.Field{holder: ApplicationInfo{24c6b9c com.tencent.mm}, fieldType: 2, fieldReturnType: Ljava/lang/String;, value: com.tencent.mm}:CAND] com.tencent.mm.plugin.finder.extension.reddot.FinderRedDotAvatarManager$homeUiTabChangeListener$1
18:35:01.190 [PU8071:Java.Field{holder: ApplicationInfo{24c6b9c com.tencent.mm}, fieldType: 2, fieldReturnType: Ljava/lang/String;, value: com.tencent.mm}:CAND] com.tencent.mm.ui.MainTabUI$TabsAdapter
18:35:01.190 [PU8071:Java.Field{holder: ApplicationInfo{24c6b9c com.tencent.mm}, fieldType: 2, fieldReturnType: Ljava/lang/String;, value: com.tencent.mm}:CAND] com.tencent.mm.autogen.mmdata.rpt.FinderSyncRedDotStruct
18:35:01.190 [PU8071:Java.Field{holder: ApplicationInfo{24c6b9c com.tencent.mm}, fieldType: 2, fieldReturnType: Ljava/lang/String;, value: com.tencent.mm}:CAND] com.tencent.mm.plugin.finder.extension.reddot.a
18:35:01.200 [PU8071:Java.Field{holder: ApplicationInfo{24c6b9c com.tencent.mm}, fieldType: 2, fieldReturnType: Ljava/lang/String;, value: com.tencent.mm}:CAND] com.tencent.mm.plugin.finder.extension.reddot.b
18:35:01.200 [PU8071:Java.Field{holder: ApplicationInfo{24c6b9c com.tencent.mm}, fieldType: 2, fieldReturnType: Ljava/lang/String;, value: com.tencent.mm}:CAND] com.tencent.mm.plugin.finder.extension.reddot.c
18:35:01.200 [PU8071:Java.Field{holder: ApplicationInfo{24c6b9c com.tencent.mm}, fieldType: 2, fieldReturnType: Ljava/lang/String;, value: com.tencent.mm}:CAND] com.tencent.mm.plugin.finder.extension.reddot.d
18:35:01.200 [PU8071:Java.Field{holder: ApplicationInfo{24c6b9c com.tencent.mm}, fieldType: 2, fieldReturnType: Ljava/lang/String;, value: com.tencent.mm}:CAND] com.tencent.mm.plugin.finder.extension.reddot.e
18:35:01.200 [PU8071:Java.Field{holder: ApplicationInfo{24c6b9c com.tencent.mm}, fieldType: 2, fieldReturnType: Ljava/lang/String;, value: com.tencent.mm}:CAND] com.tencent.mm.plugin.finder.extension.reddot.f
18:35:01.200 [PU8071:Java.Field{holder: ApplicationInfo{24c6b9c com.tencent.mm}, fieldType: 2, fieldReturnType: Ljava/lang/String;, value: com.tencent.mm}:CAND] com.tencent.mm.plugin.finder.extension.reddot.g
18:35:01.200 [PU8071:Java.Field{holder: ApplicationInfo{24c6b9c com.tencent.mm}, fieldType: 2, fieldReturnType: Ljava/lang/String;, value: com.tencent.mm}:CAND] com.tencent.mm.plugin.finder.extension.reddot.i
18:35:01.200 [PU8071:Java.Field{holder: ApplicationInfo{24c6b9c com.tencent.mm}, fieldType: 2, fieldReturnType: Ljava/lang/String;, value: com.tencent.mm}:CAND] com.tencent.mm.plugin.finder.extension.reddot.j
18:35:01.200 [PU8071:Java.Field{holder: ApplicationInfo{24c6b9c com.tencent.mm}, fieldType: 2, fieldReturnType: Ljava/lang/String;, value: com.tencent.mm}:CAND] com.tencent.mm.plugin.finder.extension.reddot.k
18:35:01.200 [PU8071:Java.Field{holder: ApplicationInfo{24c6b9c com.tencent.mm}, fieldType: 2, fieldReturnType: Ljava/lang/String;, value: com.tencent.mm}:CAND] com.tencent.mm.plugin.finder.extension.reddot.r
18:35:01.210 [PU8071:Java.Field{holder: ApplicationInfo{24c6b9c com.tencent.mm}, fieldType: 2, fieldReturnType: Ljava/lang/String;, value: com.tencent.mm}:CAND] com.tencent.mm.plugin.finder.extension.reddot.s
18:35:01.210 [PU8071:Java.Field{holder: ApplicationInfo{24c6b9c com.tencent.mm}, fieldType: 2, fieldReturnType: Ljava/lang/String;, value: com.tencent.mm}:CAND] com.tencent.mm.plugin.finder.extension.reddot.t
18:35:01.210 [PU8071:Java.Field{holder: ApplicationInfo{24c6b9c com.tencent.mm}, fieldType: 2, fieldReturnType: Ljava/lang/String;, value: com.tencent.mm}:CAND] com.tencent.mm.plugin.finder.extension.reddot.u
18:35:01.210 [PU8071:Java.Field{holder: ApplicationInfo{24c6b9c com.tencent.mm}, fieldType: 2, fieldReturnType: Ljava/lang/String;, value: com.tencent.mm}:CAND] com.tencent.mm.plugin.finder.extension.reddot.v
18:35:01.210 [PU8071:Java.Field{holder: ApplicationInfo{24c6b9c com.tencent.mm}, fieldType: 2, fieldReturnType: Ljava/lang/String;, value: com.tencent.mm}:CAND] com.tencent.mm.plugin.finder.extension.reddot.w
18:35:01.210 [PU8071:Java.Field{holder: ApplicationInfo{24c6b9c com.tencent.mm}, fieldType: 2, fieldReturnType: Ljava/lang/String;, value: com.tencent.mm}:CAND] com.tencent.mm.plugin.finder.extension.reddot.x
18:35:01.210 [PU8071:Java.Field{holder: ApplicationInfo{24c6b9c com.tencent.mm}, fieldType: 2, fieldReturnType: Ljava/lang/String;, value: com.tencent.mm}:CAND] com.tencent.mm.repairer.config.ting.RepairerConfigTingDisableRedDotSyncFrequencyControl
18:35:01.210 [PU8071:Java.Field{holder: ApplicationInfo{24c6b9c com.tencent.mm}, fieldType: 2, fieldReturnType: Ljava/lang/String;, value: com.tencent.mm}:CAND] com.tencent.mm.autogen.events.UnreadChangeEvent
18:35:01.210 [PU8071:Java.Field{holder: ApplicationInfo{24c6b9c com.tencent.mm}, fieldType: 2, fieldReturnType: Ljava/lang/String;, value: com.tencent.mm}:CAND] com.tencent.mm.autogen.events.AppBrandSetServiceUnreadCountEvent
18:35:01.210 [PU8071:Java.Field{holder: ApplicationInfo{24c6b9c com.tencent.mm}, fieldType: 2, fieldReturnType: Ljava/lang/String;, value: com.tencent.mm}:CAND] com.tencent.mm.repairer.config.ting.RepairerConfigTingRedDotSyncEnable
18:35:01.280 [PU8071:Java.Field{holder: ApplicationInfo{24c6b9c com.tencent.mm}, fieldType: 2, fieldReturnType: Ljava/lang/String;, value: com.tencent.mm}:CAND] com.tencent.mm.repairer.config.ting.RepairerConfigTingDiscoverRedDotSyncDisable
18:35:01.280 [PU8071:Java.Field{holder: ApplicationInfo{24c6b9c com.tencent.mm}, fieldType: 2, fieldReturnType: Ljava/lang/String;, value: com.tencent.mm}:CAND] com.tencent.mm.autogen.mmdata.rpt.FinderRedDotNewStruct
18:35:01.280 [PU8071:Java.Field{holder: ApplicationInfo{24c6b9c com.tencent.mm}, fieldType: 2, fieldReturnType: Ljava/lang/String;, value: com.tencent.mm}:CAND] com.tencent.mm.plugin.finder.extension.reddot.render.RenderView$AlignAbsoluteSizeSpan
18:35:01.280 [PU8071:Java.Field{holder: ApplicationInfo{24c6b9c com.tencent.mm}, fieldType: 2, fieldReturnType: Ljava/lang/String;, value: com.tencent.mm}:CAND] com.tencent.mm.plugin.appbrand.ui.AppBrandLauncherUI
18:35:01.280 [PU8071:Java.Field{holder: ApplicationInfo{24c6b9c com.tencent.mm}, fieldType: 2, fieldReturnType: Ljava/lang/String;, value: com.tencent.mm}:CAND] com.tencent.mm.autogen.events.ResetBadgeCountEvent
18:35:01.280 [PU8071:Java.Field{holder: ApplicationInfo{24c6b9c com.tencent.mm}, fieldType: 2, fieldReturnType: Ljava/lang/String;, value: com.tencent.mm}:CAND] com.tencent.mm.autogen.events.BypCommonBizWebSearchRedDotEvent
18:35:01.280 [PU8071:Java.Field{holder: ApplicationInfo{24c6b9c com.tencent.mm}, fieldType: 2, fieldReturnType: Ljava/lang/String;, value: com.tencent.mm}:CAND] com.tencent.mm.repairer.config.chatting.RepairerConfigLauncherUIX2CPreload
18:35:01.290 [PU8071:Java.Field{holder: ApplicationInfo{24c6b9c com.tencent.mm}, fieldType: 2, fieldReturnType: Ljava/lang/String;, value: com.tencent.mm}:CAND] com.tencent.mm.plugin.finder.extension.reddot.render.RenderView
18:35:01.290 [PU8071:Java.Field{holder: ApplicationInfo{24c6b9c com.tencent.mm}, fieldType: 2, fieldReturnType: Ljava/lang/String;, value: com.tencent.mm}:CAND] com.tencent.mm.ui.MainTabUI
18:35:01.290 [PU8071:Java.Field{holder: ApplicationInfo{24c6b9c com.tencent.mm}, fieldType: 2, fieldReturnType: Ljava/lang/String;, value: com.tencent.mm}:CAND] com.tencent.mm.ui.LauncherUI$1
18:35:01.290 [PU8071:Java.Field{holder: ApplicationInfo{24c6b9c com.tencent.mm}, fieldType: 2, fieldReturnType: Ljava/lang/String;, value: com.tencent.mm}:CAND] com.tencent.mm.autogen.events.FinderRedDotLifeNotifyEvent
18:35:01.290 [PU8071:Java.Field{holder: ApplicationInfo{24c6b9c com.tencent.mm}, fieldType: 2, fieldReturnType: Ljava/lang/String;, value: com.tencent.mm}:CAND] com.tencent.mm.plugin.finder.extension.reddot.render.RenderView$FontWeightAbsoluteSizeSpan
18:35:01.290 [PU8071:Java.Field{holder: ApplicationInfo{24c6b9c com.tencent.mm}, fieldType: 2, fieldReturnType: Ljava/lang/String;, value: com.tencent.mm}:CAND] com.tencent.mm.plugin.sns.ui.improve.component.unread.SnsUnreadSaveList
18:35:01.380 [PU8071:Java.Field{holder: ApplicationInfo{24c6b9c com.tencent.mm}, fieldType: 2, fieldReturnType: Ljava/lang/String;, value: com.tencent.mm}:HOOK] SnsUnreadSaveList ×2
18:35:01.380 [PU8071:Java.Field{holder: ApplicationInfo{24c6b9c com.tencent.mm}, fieldType: 2, fieldReturnType: Ljava/lang/String;, value: com.tencent.mm}:CAND] com.tencent.mm.plugin.mmec.service.PluginMMEcFeatureService$notifyRedDotListener$1
18:35:01.380 [PU8071:Java.Field{holder: ApplicationInfo{24c6b9c com.tencent.mm}, fieldType: 2, fieldReturnType: Ljava/lang/String;, value: com.tencent.mm}:CAND] com.tencent.mm.plugin.finder.extension.reddot.render.a
18:35:01.380 [PU8071:Java.Field{holder: ApplicationInfo{24c6b9c com.tencent.mm}, fieldType: 2, fieldReturnType: Ljava/lang/String;, value: com.tencent.mm}:CAND] com.tencent.mm.plugin.finder.extension.reddot.a0
18:35:01.390 [PU8071:Java.Field{holder: ApplicationInfo{24c6b9c com.tencent.mm}, fieldType: 2, fieldReturnType: Ljava/lang/String;, value: com.tencent.mm}:CAND] com.tencent.mm.plugin.finder.extension.reddot.a1
18:35:01.390 [PU8071:Java.Field{holder: ApplicationInfo{24c6b9c com.tencent.mm}, fieldType: 2, fieldReturnType: Ljava/lang/String;, value: com.tencent.mm}:CAND] com.tencent.mm.plugin.finder.extension.reddot.a2
18:35:01.390 [PU8071:Java.Field{holder: ApplicationInfo{24c6b9c com.tencent.mm}, fieldType: 2, fieldReturnType: Ljava/lang/String;, value: com.tencent.mm}:CAND] com.tencent.mm.plugin.finder.extension.reddot.a4
18:35:01.390 [PU8071:Java.Field{holder: ApplicationInfo{24c6b9c com.tencent.mm}, fieldType: 2, fieldReturnType: Ljava/lang/String;, value: com.tencent.mm}:CAND] com.tencent.mm.plugin.finder.extension.reddot.a7
18:35:01.390 [PU8071:Java.Field{holder: ApplicationInfo{24c6b9c com.tencent.mm}, fieldType: 2, fieldReturnType: Ljava/lang/String;, value: com.tencent.mm}:CAND] com.tencent.mm.plugin.sns.ui.improve.component.unread.SnsUnreadSaveItem
18:35:01.480 [PU8071:Java.Field{holder: ApplicationInfo{24c6b9c com.tencent.mm}, fieldType: 2, fieldReturnType: Ljava/lang/String;, value: com.tencent.mm}:HOOK] SnsUnreadSaveItem ×2
18:35:01.480 [PU8071:Java.Field{holder: ApplicationInfo{24c6b9c com.tencent.mm}, fieldType: 2, fieldReturnType: Ljava/lang/String;, value: com.tencent.mm}:CAND] com.tencent.mm.plugin.finder.extension.reddot.b1
18:35:01.480 [PU8071:Java.Field{holder: ApplicationInfo{24c6b9c com.tencent.mm}, fieldType: 2, fieldReturnType: Ljava/lang/String;, value: com.tencent.mm}:CAND] com.tencent.mm.plugin.finder.extension.reddot.b3
18:35:01.480 [PU8071:Java.Field{holder: ApplicationInfo{24c6b9c com.tencent.mm}, fieldType: 2, fieldReturnType: Ljava/lang/String;, value: com.tencent.mm}:CAND] com.tencent.mm.plugin.finder.extension.reddot.b4
18:35:01.480 [PU8071:Java.Field{holder: ApplicationInfo{24c6b9c com.tencent.mm}, fieldType: 2, fieldReturnType: Ljava/lang/String;, value: com.tencent.mm}:CAND] com.tencent.mm.plugin.finder.extension.reddot.b7
18:35:01.480 [PU8071:Java.Field{holder: ApplicationInfo{24c6b9c com.tencent.mm}, fieldType: 2, fieldReturnType: Ljava/lang/String;, value: com.tencent.mm}:CAND] com.tencent.mm.plugin.finder.extension.reddot.aa
18:35:01.480 [PU8071:Java.Field{holder: ApplicationInfo{24c6b9c com.tencent.mm}, fieldType: 2, fieldReturnType: Ljava/lang/String;, value: com.tencent.mm}:CAND] com.tencent.mm.plugin.finder.extension.reddot.ab
18:35:01.480 [PU8071:Java.Field{holder: ApplicationInfo{24c6b9c com.tencent.mm}, fieldType: 2, fieldReturnType: Ljava/lang/String;, value: com.tencent.mm}:CAND] com.tencent.mm.plugin.finder.extension.reddot.c0
18:35:01.510 [PU8071:Java.Field{holder: ApplicationInfo{24c6b9c com.tencent.mm}, fieldType: 2, fieldReturnType: Ljava/lang/String;, value: com.tencent.mm}:CAND] com.tencent.mm.plugin.finder.extension.reddot.c1
18:35:01.510 [PU8071:Java.Field{holder: ApplicationInfo{24c6b9c com.tencent.mm}, fieldType: 2, fieldReturnType: Ljava/lang/String;, value: com.tencent.mm}:CAND] com.tencent.mm.plugin.finder.extension.reddot.c3
18:35:01.510 [PU8071:Java.Field{holder: ApplicationInfo{24c6b9c com.tencent.mm}, fieldType: 2, fieldReturnType: Ljava/lang/String;, value: com.tencent.mm}:CAND] com.tencent.mm.plugin.finder.extension.reddot.c4
18:35:01.510 [PU8071:Java.Field{holder: ApplicationInfo{24c6b9c com.tencent.mm}, fieldType: 2, fieldReturnType: Ljava/lang/String;, value: com.tencent.mm}:CAND] com.tencent.mm.plugin.finder.extension.reddot.c5
18:35:01.510 [PU8071:Java.Field{holder: ApplicationInfo{24c6b9c com.tencent.mm}, fieldType: 2, fieldReturnType: Ljava/lang/String;, value: com.tencent.mm}:CAND] com.tencent.mm.plugin.finder.extension.reddot.c7
18:35:01.510 [PU8071:Java.Field{holder: ApplicationInfo{24c6b9c com.tencent.mm}, fieldType: 2, fieldReturnType: Ljava/lang/String;, value: com.tencent.mm}:CAND] com.tencent.mm.plugin.finder.extension.reddot.c8
18:35:01.510 [PU8071:Java.Field{holder: ApplicationInfo{24c6b9c com.tencent.mm}, fieldType: 2, fieldReturnType: Ljava/lang/String;, value: com.tencent.mm}:CAND] com.tencent.mm.plugin.finder.extension.reddot.ba
18:35:01.510 [PU8071:Java.Field{holder: ApplicationInfo{24c6b9c com.tencent.mm}, fieldType: 2, fieldReturnType: Ljava/lang/String;, value: com.tencent.mm}:CAND] com.tencent.mm.plugin.finder.extension.reddot.bb
18:35:01.510 [PU8071:Java.Field{holder: ApplicationInfo{24c6b9c com.tencent.mm}, fieldType: 2, fieldReturnType: Ljava/lang/String;, value: com.tencent.mm}:CAND] com.tencent.mm.ui.launcher.LauncherUIRegistry$LauncherUIMoveTaskToBackEvent
18:35:01.520 [PU8071:Java.Field{holder: ApplicationInfo{24c6b9c com.tencent.mm}, fieldType: 2, fieldReturnType: Ljava/lang/String;, value: com.tencent.mm}:CAND] com.tencent.mm.autogen.events.RedDotExposureEventEvent
18:35:01.520 [PU8071:Java.Field{holder: ApplicationInfo{24c6b9c com.tencent.mm}, fieldType: 2, fieldReturnType: Ljava/lang/String;, value: com.tencent.mm}:CAND] com.tencent.mm.plugin.finder.extension.reddot.d1
18:35:01.520 [PU8071:Java.Field{holder: ApplicationInfo{24c6b9c com.tencent.mm}, fieldType: 2, fieldReturnType: Ljava/lang/String;, value: com.tencent.mm}:CAND] com.tencent.mm.plugin.finder.extension.reddot.d3
18:35:01.550 [PU8071:Java.Field{holder: ApplicationInfo{24c6b9c com.tencent.mm}, fieldType: 2, fieldReturnType: Ljava/lang/String;, value: com.tencent.mm}:CAND] com.tencent.mm.plugin.finder.extension.reddot.d4
18:35:01.560 [PU8071:Java.Field{holder: ApplicationInfo{24c6b9c com.tencent.mm}, fieldType: 2, fieldReturnType: Ljava/lang/String;, value: com.tencent.mm}:CAND] com.tencent.mm.plugin.finder.extension.reddot.d5
18:35:01.560 [PU8071:Java.Field{holder: ApplicationInfo{24c6b9c com.tencent.mm}, fieldType: 2, fieldReturnType: Ljava/lang/String;, value: com.tencent.mm}:CAND] com.tencent.mm.plugin.finder.extension.reddot.d7
18:35:01.560 [PU8071:Java.Field{holder: ApplicationInfo{24c6b9c com.tencent.mm}, fieldType: 2, fieldReturnType: Ljava/lang/String;, value: com.tencent.mm}:CAND] com.tencent.mm.plugin.finder.extension.reddot.d8
18:35:01.560 [PU8071:Java.Field{holder: ApplicationInfo{24c6b9c com.tencent.mm}, fieldType: 2, fieldReturnType: Ljava/lang/String;, value: com.tencent.mm}:CAND] [Lcom.tencent.mm.plugin.finder.extension.reddot.y1;
18:35:01.570 [PU8071:Java.Field{holder: ApplicationInfo{24c6b9c com.tencent.mm}, fieldType: 2, fieldReturnType: Ljava/lang/String;, value: com.tencent.mm}:CAND] [Lcom.tencent.mm.plugin.finder.extension.reddot.n2;
18:35:01.580 [PU8071:Java.Field{holder: ApplicationInfo{24c6b9c com.tencent.mm}, fieldType: 2, fieldReturnType: Ljava/lang/String;, value: com.tencent.mm}:SCAN] 已安装 59 hooks
18:35:01.580 [PU8071:Java.Field{holder: ApplicationInfo{24c6b9c com.tencent.mm}, fieldType: 2, fieldReturnType: Ljava/lang/String;, value: com.tencent.mm}:SCAN] --- 请操作: 普通好友发消息 → 密友发消息 → 切 H/V ---
[MI 9::PID::21798 ]-> 18:35:46.660 [PU8071:Java.Field{holder: ApplicationInfo{24c6b9c com.tencent.mm}, fieldType: 2, fieldReturnType: Ljava/lang/String;, value: com.tencent.mm}:RANK] 主进程@45s: 无命中
18:36:31.980 [PU8071:Java.Field{holder: ApplicationInfo{24c6b9c com.tencent.mm}, fieldType: 2, fieldReturnType: Ljava/lang/String;, value: com.tencent.mm}:RANK] 主进程@90s: 无命中
Process terminated

Thank you for using Frida!
