     ____
    / _  |   Frida 17.9.10 - A world-class dynamic instrumentation toolkit
   | (_| |
    > _  |   Commands:
   /_/ |_|       help      -> Displays the help system
   . . . .       object?   -> Display information about 'object'
   . . . .       exit/quit -> Exit
   . . . .
   . . . .   More info at https://frida.re/docs/home/
   . . . .
   . . . .   Connected to MI 9 (id=609b4b18)
Attaching...
18:34:43.284 [PU8071:Java.Field{holder: ApplicationInfo{24c6b9c com.tencent.mm}, fieldType: 2, fieldReturnType: Ljava/lang/String;, value: com.tencent.mm}:INIT] 进程=Java.Field{holder: ApplicationInfo{24c6b9c com.tencent.mm}, fieldType: 2, fieldReturnType: Ljava/lang/String;, value: com.tencent.mm} → 主进程模式
18:34:43.284 [PU8071:Java.Field{holder: ApplicationInfo{24c6b9c com.tencent.mm}, fieldType: 2, fieldReturnType: Ljava/lang/String;, value: com.tencent.mm}:INIT] 参考 Catfish 8.0.70 破解版实证：replaceNotification=总闸 showUnReadMsgCount=tab归零
18:34:43.284 [PU8071:Java.Field{holder: ApplicationInfo{24c6b9c com.tencent.mm}, fieldType: 2, fieldReturnType: Ljava/lang/String;, value: com.tencent.mm}:MODE] === 主进程 — 找 showUnReadMsgCount 等价 ===
18:34:43.996 [PU8071:Java.Field{holder: ApplicationInfo{24c6b9c com.tencent.mm}, fieldType: 2, fieldReturnType: Ljava/lang/String;, value: com.tencent.mm}:HOOK] LauncherUI ×1
18:34:44.200 [PU8071:Java.Field{holder: ApplicationInfo{24c6b9c com.tencent.mm}, fieldType: 2, fieldReturnType: Ljava/lang/String;, value: com.tencent.mm}:ERR] com.tencent.mm.ui.maintab.MainTabUI: java.lang.ClassNotFoundException: Didn't find class "com.tencent.mm.ui.maintab.MainTabUI" on path: DexPathList[[zip file "/data/user/0/com.tencent.mm/tinker/patch-b2c53cd6/dex/tinker_classN.apk"],nativeLibraryDirectories=[/data/user/0/com.tencent.mm/tinker/patch-b2c53cd6/lib/lib/arm64-v8a, /data/app/~~3b70A491-llST8--4goL8w==/com.tencent.mm-6Z-QeOfO6j_nv-YH34JDqA==/lib/arm64, /data/app/~~3b70A491-llST8--4goL8w==/com.tencent.mm-6Z-QeOfO6j_nv-YH34JDqA==/base.apk!/lib/arm64-v8a, /system/lib64, /system/system_ext/lib64]]
18:34:44.380 [PU8071:Java.Field{holder: ApplicationInfo{24c6b9c com.tencent.mm}, fieldType: 2, fieldReturnType: Ljava/lang/String;, value: com.tencent.mm}:ERR] com.tencent.mm.ui.maintab.MainTabUnreadMgr: java.lang.ClassNotFoundException: Didn't find class "com.tencent.mm.ui.maintab.MainTabUnreadMgr" on path: DexPathList[[zip file "/data/user/0/com.tencent.mm/tinker/patch-b2c53cd6/dex/tinker_classN.apk"],nativeLibraryDirectories=[/data/user/0/com.tencent.mm/tinker/patch-b2c53cd6/lib/lib/arm64-v8a, /data/app/~~3b70A491-llST8--4goL8w==/com.tencent.mm-6Z-QeOfO6j_nv-YH34JDqA==/lib/arm64, /data/app/~~3b70A491-llST8--4goL8w==/com.tencent.mm-6Z-QeOfO6j_nv-YH34JDqA==/base.apk!/lib/arm64-v8a, /system/lib64, /system/system_ext/lib64]]
18:34:44.550 [PU8071:Java.Field{holder: ApplicationInfo{24c6b9c com.tencent.mm}, fieldType: 2, fieldReturnType: Ljava/lang/String;, value: com.tencent.mm}:ERR] com.tencent.mm.plugin.notification.badge.BadgeManager: java.lang.ClassNotFoundException: Didn't find class "com.tencent.mm.plugin.notification.badge.BadgeManager" on path: DexPathList[[zip file "/data/user/0/com.tencent.mm/tinker/patch-b2c53cd6/dex/tinker_classN.apk"],nativeLibraryDirectories=[/data/user/0/com.tencent.mm/tinker/patch-b2c53cd6/lib/lib/arm64-v8a, /data/app/~~3b70A491-llST8--4goL8w==/com.tencent.mm-6Z-QeOfO6j_nv-YH34JDqA==/lib/arm64, /data/app/~~3b70A491-llST8--4goL8w==/com.tencent.mm-6Z-QeOfO6j_nv-YH34JDqA==/base.apk!/lib/arm64-v8a, /system/lib64, /system/system_ext/lib64]]
18:34:44.700 [PU8071:Java.Field{holder: ApplicationInfo{24c6b9c com.tencent.mm}, fieldType: 2, fieldReturnType: Ljava/lang/String;, value: com.tencent.mm}:ERR] com.tencent.mm.plugin.notification.badge.BadgeUtil: java.lang.ClassNotFoundException: Didn't find class "com.tencent.mm.plugin.notification.badge.BadgeUtil" on path: DexPathList[[zip file "/data/user/0/com.tencent.mm/tinker/patch-b2c53cd6/dex/tinker_classN.apk"],nativeLibraryDirectories=[/data/user/0/com.tencent.mm/tinker/patch-b2c53cd6/lib/lib/arm64-v8a, /data/app/~~3b70A491-llST8--4goL8w==/com.tencent.mm-6Z-QeOfO6j_nv-YH34JDqA==/lib/arm64, /data/app/~~3b70A491-llST8--4goL8w==/com.tencent.mm-6Z-QeOfO6j_nv-YH34JDqA==/base.apk!/lib/arm64-v8a, /system/lib64, /system/system_ext/lib64]]
18:34:44.900 [PU8071:Java.Field{holder: ApplicationInfo{24c6b9c com.tencent.mm}, fieldType: 2, fieldReturnType: Ljava/lang/String;, value: com.tencent.mm}:ERR] com.tencent.mm.plugin.notification.helper.NotificationHelper: java.lang.ClassNotFoundException: Didn't find class "com.tencent.mm.plugin.notification.helper.NotificationHelper" on path: DexPathList[[zip file "/data/user/0/com.tencent.mm/tinker/patch-b2c53cd6/dex/tinker_classN.apk"],nativeLibraryDirectories=[/data/user/0/com.tencent.mm/tinker/patch-b2c53cd6/lib/lib/arm64-v8a, /data/app/~~3b70A491-llST8--4goL8w==/com.tencent.mm-6Z-QeOfO6j_nv-YH34JDqA==/lib/arm64, /data/app/~~3b70A491-llST8--4goL8w==/com.tencent.mm-6Z-QeOfO6j_nv-YH34JDqA==/base.apk!/lib/arm64-v8a, /system/lib64, /system/system_ext/lib64]]
18:34:58.500 [PU8071:Java.Field{holder: ApplicationInfo{24c6b9c com.tencent.mm}, fieldType: 2, fieldReturnType: Ljava/lang/String;, value: com.tencent.mm}:SCAN] 主进程候选类: 485
18:34:58.500 [PU8071:Java.Field{holder: ApplicationInfo{24c6b9c com.tencent.mm}, fieldType: 2, fieldReturnType: Ljava/lang/String;, value: com.tencent.mm}:CAND] com.tencent.mm.plugin.finder.extension.reddot.ca
18:34:58.520 [PU8071:Java.Field{holder: ApplicationInfo{24c6b9c com.tencent.mm}, fieldType: 2, fieldReturnType: Ljava/lang/String;, value: com.tencent.mm}:CAND] com.tencent.mm.plugin.finder.extension.reddot.cb
18:34:58.550 [PU8071:Java.Field{holder: ApplicationInfo{24c6b9c com.tencent.mm}, fieldType: 2, fieldReturnType: Ljava/lang/String;, value: com.tencent.mm}:CAND] com.tencent.mm.plugin.finder.extension.reddot.e1
18:34:58.870 [PU8071:Java.Field{holder: ApplicationInfo{24c6b9c com.tencent.mm}, fieldType: 2, fieldReturnType: Ljava/lang/String;, value: com.tencent.mm}:CAND] com.tencent.mm.plugin.finder.extension.reddot.e4
18:34:58.890 [PU8071:Java.Field{holder: ApplicationInfo{24c6b9c com.tencent.mm}, fieldType: 2, fieldReturnType: Ljava/lang/String;, value: com.tencent.mm}:CAND] com.tencent.mm.plugin.finder.extension.reddot.db
18:34:58.920 [PU8071:Java.Field{holder: ApplicationInfo{24c6b9c com.tencent.mm}, fieldType: 2, fieldReturnType: Ljava/lang/String;, value: com.tencent.mm}:CAND] com.tencent.mm.plugin.finder.extension.reddot.f1
18:34:58.940 [PU8071:Java.Field{holder: ApplicationInfo{24c6b9c com.tencent.mm}, fieldType: 2, fieldReturnType: Ljava/lang/String;, value: com.tencent.mm}:CAND] com.tencent.mm.plugin.finder.extension.reddot.f2
18:34:58.970 [PU8071:Java.Field{holder: ApplicationInfo{24c6b9c com.tencent.mm}, fieldType: 2, fieldReturnType: Ljava/lang/String;, value: com.tencent.mm}:CAND] com.tencent.mm.plugin.finder.extension.reddot.f4
18:34:58.990 [PU8071:Java.Field{holder: ApplicationInfo{24c6b9c com.tencent.mm}, fieldType: 2, fieldReturnType: Ljava/lang/String;, value: com.tencent.mm}:CAND] com.tencent.mm.plugin.finder.extension.reddot.g0
18:34:58.101 [PU8071:Java.Field{holder: ApplicationInfo{24c6b9c com.tencent.mm}, fieldType: 2, fieldReturnType: Ljava/lang/String;, value: com.tencent.mm}:CAND] com.tencent.mm.plugin.finder.extension.reddot.g1
18:34:58.103 [PU8071:Java.Field{holder: ApplicationInfo{24c6b9c com.tencent.mm}, fieldType: 2, fieldReturnType: Ljava/lang/String;, value: com.tencent.mm}:CAND] com.tencent.mm.plugin.finder.extension.reddot.g2
18:34:58.105 [PU8071:Java.Field{holder: ApplicationInfo{24c6b9c com.tencent.mm}, fieldType: 2, fieldReturnType: Ljava/lang/String;, value: com.tencent.mm}:CAND] com.tencent.mm.plugin.finder.extension.reddot.g3
18:34:58.108 [PU8071:Java.Field{holder: ApplicationInfo{24c6b9c com.tencent.mm}, fieldType: 2, fieldReturnType: Ljava/lang/String;, value: com.tencent.mm}:CAND] com.tencent.mm.plugin.finder.extension.reddot.g4
18:34:58.118 [PU8071:Java.Field{holder: ApplicationInfo{24c6b9c com.tencent.mm}, fieldType: 2, fieldReturnType: Ljava/lang/String;, value: com.tencent.mm}:CAND] com.tencent.mm.plugin.finder.extension.reddot.g5
18:34:58.120 [PU8071:Java.Field{holder: ApplicationInfo{24c6b9c com.tencent.mm}, fieldType: 2, fieldReturnType: Ljava/lang/String;, value: com.tencent.mm}:CAND] com.tencent.mm.plugin.finder.extension.reddot.h0
18:34:58.122 [PU8071:Java.Field{holder: ApplicationInfo{24c6b9c com.tencent.mm}, fieldType: 2, fieldReturnType: Ljava/lang/String;, value: com.tencent.mm}:CAND] com.tencent.mm.plugin.finder.extension.reddot.h1
18:34:58.125 [PU8071:Java.Field{holder: ApplicationInfo{24c6b9c com.tencent.mm}, fieldType: 2, fieldReturnType: Ljava/lang/String;, value: com.tencent.mm}:CAND] com.tencent.mm.plugin.finder.extension.reddot.h4
18:34:58.128 [PU8071:Java.Field{holder: ApplicationInfo{24c6b9c com.tencent.mm}, fieldType: 2, fieldReturnType: Ljava/lang/String;, value: com.tencent.mm}:CAND] com.tencent.mm.plugin.finder.extension.reddot.h5
18:34:58.130 [PU8071:Java.Field{holder: ApplicationInfo{24c6b9c com.tencent.mm}, fieldType: 2, fieldReturnType: Ljava/lang/String;, value: com.tencent.mm}:CAND] com.tencent.mm.plugin.finder.extension.reddot.ga
18:34:58.160 [PU8071:Java.Field{holder: ApplicationInfo{24c6b9c com.tencent.mm}, fieldType: 2, fieldReturnType: Ljava/lang/String;, value: com.tencent.mm}:CAND] com.tencent.mm.plugin.finder.extension.reddot.gb
18:34:58.162 [PU8071:Java.Field{holder: ApplicationInfo{24c6b9c com.tencent.mm}, fieldType: 2, fieldReturnType: Ljava/lang/String;, value: com.tencent.mm}:CAND] com.tencent.mm.plugin.finder.extension.reddot.i1
18:34:58.166 [PU8071:Java.Field{holder: ApplicationInfo{24c6b9c com.tencent.mm}, fieldType: 2, fieldReturnType: Ljava/lang/String;, value: com.tencent.mm}:CAND] com.tencent.mm.plugin.finder.extension.reddot.i3
18:34:58.169 [PU8071:Java.Field{holder: ApplicationInfo{24c6b9c com.tencent.mm}, fieldType: 2, fieldReturnType: Ljava/lang/String;, value: com.tencent.mm}:CAND] com.tencent.mm.plugin.finder.extension.reddot.i4
18:34:58.176 [PU8071:Java.Field{holder: ApplicationInfo{24c6b9c com.tencent.mm}, fieldType: 2, fieldReturnType: Ljava/lang/String;, value: com.tencent.mm}:HOOK] i4 ×1
18:34:58.176 [PU8071:Java.Field{holder: ApplicationInfo{24c6b9c com.tencent.mm}, fieldType: 2, fieldReturnType: Ljava/lang/String;, value: com.tencent.mm}:CAND] com.tencent.mm.plugin.finder.extension.reddot.i5
18:34:58.178 [PU8071:Java.Field{holder: ApplicationInfo{24c6b9c com.tencent.mm}, fieldType: 2, fieldReturnType: Ljava/lang/String;, value: com.tencent.mm}:CAND] com.tencent.mm.plugin.finder.extension.reddot.ha
18:34:58.179 [PU8071:Java.Field{holder: ApplicationInfo{24c6b9c com.tencent.mm}, fieldType: 2, fieldReturnType: Ljava/lang/String;, value: com.tencent.mm}:CAND] com.tencent.mm.plugin.finder.extension.reddot.hb
18:34:58.181 [PU8071:Java.Field{holder: ApplicationInfo{24c6b9c com.tencent.mm}, fieldType: 2, fieldReturnType: Ljava/lang/String;, value: com.tencent.mm}:CAND] com.tencent.mm.plugin.finder.extension.reddot.j7
18:34:58.184 [PU8071:Java.Field{holder: ApplicationInfo{24c6b9c com.tencent.mm}, fieldType: 2, fieldReturnType: Ljava/lang/String;, value: com.tencent.mm}:CAND] com.tencent.mm.plugin.finder.extension.reddot.k2
18:34:58.191 [PU8071:Java.Field{holder: ApplicationInfo{24c6b9c com.tencent.mm}, fieldType: 2, fieldReturnType: Ljava/lang/String;, value: com.tencent.mm}:CAND] com.tencent.mm.plugin.finder.extension.reddot.k3
18:34:58.203 [PU8071:Java.Field{holder: ApplicationInfo{24c6b9c com.tencent.mm}, fieldType: 2, fieldReturnType: Ljava/lang/String;, value: com.tencent.mm}:HOOK] k3 ×1
18:34:58.203 [PU8071:Java.Field{holder: ApplicationInfo{24c6b9c com.tencent.mm}, fieldType: 2, fieldReturnType: Ljava/lang/String;, value: com.tencent.mm}:CAND] com.tencent.mm.plugin.finder.extension.reddot.k4
18:34:58.205 [PU8071:Java.Field{holder: ApplicationInfo{24c6b9c com.tencent.mm}, fieldType: 2, fieldReturnType: Ljava/lang/String;, value: com.tencent.mm}:CAND] com.tencent.mm.plugin.finder.extension.reddot.k5
18:34:58.207 [PU8071:Java.Field{holder: ApplicationInfo{24c6b9c com.tencent.mm}, fieldType: 2, fieldReturnType: Ljava/lang/String;, value: com.tencent.mm}:CAND] com.tencent.mm.plugin.finder.extension.reddot.jb
18:34:58.264 [PU8071:Java.Field{holder: ApplicationInfo{24c6b9c com.tencent.mm}, fieldType: 2, fieldReturnType: Ljava/lang/String;, value: com.tencent.mm}:HOOK] jb ×2
18:34:58.264 [PU8071:Java.Field{holder: ApplicationInfo{24c6b9c com.tencent.mm}, fieldType: 2, fieldReturnType: Ljava/lang/String;, value: com.tencent.mm}:CAND] com.tencent.mm.plugin.finder.extension.reddot.l2
18:34:58.267 [PU8071:Java.Field{holder: ApplicationInfo{24c6b9c com.tencent.mm}, fieldType: 2, fieldReturnType: Ljava/lang/String;, value: com.tencent.mm}:CAND] com.tencent.mm.plugin.finder.extension.reddot.l4
18:34:58.269 [PU8071:Java.Field{holder: ApplicationInfo{24c6b9c com.tencent.mm}, fieldType: 2, fieldReturnType: Ljava/lang/String;, value: com.tencent.mm}:CAND] com.tencent.mm.plugin.finder.extension.reddot.l5
18:34:58.334 [PU8071:Java.Field{holder: ApplicationInfo{24c6b9c com.tencent.mm}, fieldType: 2, fieldReturnType: Ljava/lang/String;, value: com.tencent.mm}:HOOK] l5 ×2
18:34:58.334 [PU8071:Java.Field{holder: ApplicationInfo{24c6b9c com.tencent.mm}, fieldType: 2, fieldReturnType: Ljava/lang/String;, value: com.tencent.mm}:CAND] com.tencent.mm.plugin.finder.extension.reddot.l7
18:34:58.337 [PU8071:Java.Field{holder: ApplicationInfo{24c6b9c com.tencent.mm}, fieldType: 2, fieldReturnType: Ljava/lang/String;, value: com.tencent.mm}:CAND] com.tencent.mm.plugin.finder.extension.reddot.ka
18:34:58.339 [PU8071:Java.Field{holder: ApplicationInfo{24c6b9c com.tencent.mm}, fieldType: 2, fieldReturnType: Ljava/lang/String;, value: com.tencent.mm}:CAND] com.tencent.mm.plugin.finder.extension.reddot.m0
18:34:58.341 [PU8071:Java.Field{holder: ApplicationInfo{24c6b9c com.tencent.mm}, fieldType: 2, fieldReturnType: Ljava/lang/String;, value: com.tencent.mm}:CAND] com.tencent.mm.plugin.finder.extension.reddot.m1
18:34:58.343 [PU8071:Java.Field{holder: ApplicationInfo{24c6b9c com.tencent.mm}, fieldType: 2, fieldReturnType: Ljava/lang/String;, value: com.tencent.mm}:CAND] com.tencent.mm.plugin.finder.extension.reddot.m2
18:34:58.348 [PU8071:Java.Field{holder: ApplicationInfo{24c6b9c com.tencent.mm}, fieldType: 2, fieldReturnType: Ljava/lang/String;, value: com.tencent.mm}:HOOK] m2 ×1
18:34:58.349 [PU8071:Java.Field{holder: ApplicationInfo{24c6b9c com.tencent.mm}, fieldType: 2, fieldReturnType: Ljava/lang/String;, value: com.tencent.mm}:CAND] com.tencent.mm.plugin.finder.extension.reddot.m6
18:34:58.352 [PU8071:Java.Field{holder: ApplicationInfo{24c6b9c com.tencent.mm}, fieldType: 2, fieldReturnType: Ljava/lang/String;, value: com.tencent.mm}:CAND] com.tencent.mm.plugin.finder.extension.reddot.m7
18:34:58.354 [PU8071:Java.Field{holder: ApplicationInfo{24c6b9c com.tencent.mm}, fieldType: 2, fieldReturnType: Ljava/lang/String;, value: com.tencent.mm}:CAND] com.tencent.mm.plugin.finder.extension.reddot.la
18:34:58.358 [PU8071:Java.Field{holder: ApplicationInfo{24c6b9c com.tencent.mm}, fieldType: 2, fieldReturnType: Ljava/lang/String;, value: com.tencent.mm}:CAND] com.tencent.mm.autogen.events.FindMoreFriendEntryRedDotEvent
18:34:58.359 [PU8071:Java.Field{holder: ApplicationInfo{24c6b9c com.tencent.mm}, fieldType: 2, fieldReturnType: Ljava/lang/String;, value: com.tencent.mm}:CAND] com.tencent.mm.plugin.finder.extension.reddot.n1
18:34:58.362 [PU8071:Java.Field{holder: ApplicationInfo{24c6b9c com.tencent.mm}, fieldType: 2, fieldReturnType: Ljava/lang/String;, value: com.tencent.mm}:CAND] com.tencent.mm.plugin.finder.extension.reddot.n2
18:34:58.370 [PU8071:Java.Field{holder: ApplicationInfo{24c6b9c com.tencent.mm}, fieldType: 2, fieldReturnType: Ljava/lang/String;, value: com.tencent.mm}:CAND] com.tencent.mm.plugin.finder.extension.reddot.n4
18:34:58.373 [PU8071:Java.Field{holder: ApplicationInfo{24c6b9c com.tencent.mm}, fieldType: 2, fieldReturnType: Ljava/lang/String;, value: com.tencent.mm}:CAND] com.tencent.mm.plugin.finder.extension.reddot.n5
18:34:58.375 [PU8071:Java.Field{holder: ApplicationInfo{24c6b9c com.tencent.mm}, fieldType: 2, fieldReturnType: Ljava/lang/String;, value: com.tencent.mm}:CAND] com.tencent.mm.protocal.protobuf.FinderJumpInfoRedDot
18:34:58.382 [PU8071:Java.Field{holder: ApplicationInfo{24c6b9c com.tencent.mm}, fieldType: 2, fieldReturnType: Ljava/lang/String;, value: com.tencent.mm}:CAND] com.tencent.mm.plugin.finder.extension.reddot.ma
18:34:58.384 [PU8071:Java.Field{holder: ApplicationInfo{24c6b9c com.tencent.mm}, fieldType: 2, fieldReturnType: Ljava/lang/String;, value: com.tencent.mm}:CAND] com.tencent.mm.plugin.finder.extension.reddot.FinderRedDotExpiredHandler$mainUiIndexChangeListener$1
18:34:58.386 [PU8071:Java.Field{holder: ApplicationInfo{24c6b9c com.tencent.mm}, fieldType: 2, fieldReturnType: Ljava/lang/String;, value: com.tencent.mm}:CAND] com.tencent.mm.plugin.finder.extension.reddot.o1
18:34:58.389 [PU8071:Java.Field{holder: ApplicationInfo{24c6b9c com.tencent.mm}, fieldType: 2, fieldReturnType: Ljava/lang/String;, value: com.tencent.mm}:CAND] com.tencent.mm.plugin.finder.extension.reddot.o2
18:34:58.391 [PU8071:Java.Field{holder: ApplicationInfo{24c6b9c com.tencent.mm}, fieldType: 2, fieldReturnType: Ljava/lang/String;, value: com.tencent.mm}:CAND] com.tencent.mm.plugin.finder.extension.reddot.o4
18:34:58.393 [PU8071:Java.Field{holder: ApplicationInfo{24c6b9c com.tencent.mm}, fieldType: 2, fieldReturnType: Ljava/lang/String;, value: com.tencent.mm}:CAND] com.tencent.mm.plugin.finder.extension.reddot.o5
18:34:58.394 [PU8071:Java.Field{holder: ApplicationInfo{24c6b9c com.tencent.mm}, fieldType: 2, fieldReturnType: Ljava/lang/String;, value: com.tencent.mm}:CAND] com.tencent.mm.plugin.finder.extension.reddot.o6
18:34:58.397 [PU8071:Java.Field{holder: ApplicationInfo{24c6b9c com.tencent.mm}, fieldType: 2, fieldReturnType: Ljava/lang/String;, value: com.tencent.mm}:CAND] com.tencent.mm.plugin.finder.extension.reddot.na
18:34:58.403 [PU8071:Java.Field{holder: ApplicationInfo{24c6b9c com.tencent.mm}, fieldType: 2, fieldReturnType: Ljava/lang/String;, value: com.tencent.mm}:HOOK] na ×1
18:34:58.403 [PU8071:Java.Field{holder: ApplicationInfo{24c6b9c com.tencent.mm}, fieldType: 2, fieldReturnType: Ljava/lang/String;, value: com.tencent.mm}:CAND] com.tencent.mm.plugin.finder.extension.reddot.p1
18:34:58.406 [PU8071:Java.Field{holder: ApplicationInfo{24c6b9c com.tencent.mm}, fieldType: 2, fieldReturnType: Ljava/lang/String;, value: com.tencent.mm}:CAND] com.tencent.mm.plugin.finder.extension.reddot.p2
18:34:58.408 [PU8071:Java.Field{holder: ApplicationInfo{24c6b9c com.tencent.mm}, fieldType: 2, fieldReturnType: Ljava/lang/String;, value: com.tencent.mm}:CAND] com.tencent.mm.plugin.finder.extension.reddot.p4
18:34:58.410 [PU8071:Java.Field{holder: ApplicationInfo{24c6b9c com.tencent.mm}, fieldType: 2, fieldReturnType: Ljava/lang/String;, value: com.tencent.mm}:CAND] com.tencent.mm.plugin.finder.extension.reddot.p5
18:34:58.415 [PU8071:Java.Field{holder: ApplicationInfo{24c6b9c com.tencent.mm}, fieldType: 2, fieldReturnType: Ljava/lang/String;, value: com.tencent.mm}:CAND] com.tencent.mm.plugin.finder.extension.reddot.p7
18:34:58.417 [PU8071:Java.Field{holder: ApplicationInfo{24c6b9c com.tencent.mm}, fieldType: 2, fieldReturnType: Ljava/lang/String;, value: com.tencent.mm}:CAND] com.tencent.mm.plugin.finder.extension.reddot.oa
18:34:58.439 [PU8071:Java.Field{holder: ApplicationInfo{24c6b9c com.tencent.mm}, fieldType: 2, fieldReturnType: Ljava/lang/String;, value: com.tencent.mm}:CAND] com.tencent.mm.plugin.finder.extension.reddot.q1
18:34:58.449 [PU8071:Java.Field{holder: ApplicationInfo{24c6b9c com.tencent.mm}, fieldType: 2, fieldReturnType: Ljava/lang/String;, value: com.tencent.mm}:CAND] com.tencent.mm.plugin.finder.extension.reddot.q2
18:34:58.451 [PU8071:Java.Field{holder: ApplicationInfo{24c6b9c com.tencent.mm}, fieldType: 2, fieldReturnType: Ljava/lang/String;, value: com.tencent.mm}:CAND] com.tencent.mm.plugin.finder.extension.reddot.q3
18:34:58.453 [PU8071:Java.Field{holder: ApplicationInfo{24c6b9c com.tencent.mm}, fieldType: 2, fieldReturnType: Ljava/lang/String;, value: com.tencent.mm}:CAND] com.tencent.mm.plugin.finder.extension.reddot.q5
18:34:58.455 [PU8071:Java.Field{holder: ApplicationInfo{24c6b9c com.tencent.mm}, fieldType: 2, fieldReturnType: Ljava/lang/String;, value: com.tencent.mm}:CAND] com.tencent.mm.plugin.finder.extension.reddot.q6
18:34:58.457 [PU8071:Java.Field{holder: ApplicationInfo{24c6b9c com.tencent.mm}, fieldType: 2, fieldReturnType: Ljava/lang/String;, value: com.tencent.mm}:CAND] com.tencent.mm.plugin.finder.extension.reddot.q7
18:34:58.460 [PU8071:Java.Field{holder: ApplicationInfo{24c6b9c com.tencent.mm}, fieldType: 2, fieldReturnType: Ljava/lang/String;, value: com.tencent.mm}:CAND] com.tencent.mm.plugin.finder.extension.reddot.pa
18:34:58.463 [PU8071:Java.Field{holder: ApplicationInfo{24c6b9c com.tencent.mm}, fieldType: 2, fieldReturnType: Ljava/lang/String;, value: com.tencent.mm}:CAND] com.tencent.mm.autogen.events.AppBrandGetServiceUnreadCountEvent
18:34:58.464 [PU8071:Java.Field{holder: ApplicationInfo{24c6b9c com.tencent.mm}, fieldType: 2, fieldReturnType: Ljava/lang/String;, value: com.tencent.mm}:CAND] com.tencent.mm.plugin.finder.extension.reddot.pb
18:34:58.475 [PU8071:Java.Field{holder: ApplicationInfo{24c6b9c com.tencent.mm}, fieldType: 2, fieldReturnType: Ljava/lang/String;, value: com.tencent.mm}:CAND] com.tencent.mm.autogen.mmdata.rpt.FinderRedDotStruct
18:34:58.482 [PU8071:Java.Field{holder: ApplicationInfo{24c6b9c com.tencent.mm}, fieldType: 2, fieldReturnType: Ljava/lang/String;, value: com.tencent.mm}:HOOK] FinderRedDotStruct ×1
18:34:58.482 [PU8071:Java.Field{holder: ApplicationInfo{24c6b9c com.tencent.mm}, fieldType: 2, fieldReturnType: Ljava/lang/String;, value: com.tencent.mm}:CAND] com.tencent.mm.repairer.config.search.RepairerConfigWebSearchCommonSyncRedDot
18:34:58.490 [PU8071:Java.Field{holder: ApplicationInfo{24c6b9c com.tencent.mm}, fieldType: 2, fieldReturnType: Ljava/lang/String;, value: com.tencent.mm}:CAND] com.tencent.mm.plugin.finder.extension.reddot.r0
18:34:58.492 [PU8071:Java.Field{holder: ApplicationInfo{24c6b9c com.tencent.mm}, fieldType: 2, fieldReturnType: Ljava/lang/String;, value: com.tencent.mm}:CAND] com.tencent.mm.plugin.finder.extension.reddot.r2
18:34:58.494 [PU8071:Java.Field{holder: ApplicationInfo{24c6b9c com.tencent.mm}, fieldType: 2, fieldReturnType: Ljava/lang/String;, value: com.tencent.mm}:CAND] com.tencent.mm.plugin.finder.extension.reddot.r5
18:34:58.496 [PU8071:Java.Field{holder: ApplicationInfo{24c6b9c com.tencent.mm}, fieldType: 2, fieldReturnType: Ljava/lang/String;, value: com.tencent.mm}:CAND] com.tencent.mm.plugin.finder.extension.reddot.r6
18:34:58.498 [PU8071:Java.Field{holder: ApplicationInfo{24c6b9c com.tencent.mm}, fieldType: 2, fieldReturnType: Ljava/lang/String;, value: com.tencent.mm}:CAND] com.tencent.mm.plugin.finder.extension.reddot.qa
18:34:58.512 [PU8071:Java.Field{holder: ApplicationInfo{24c6b9c com.tencent.mm}, fieldType: 2, fieldReturnType: Ljava/lang/String;, value: com.tencent.mm}:CAND] com.tencent.mm.plugin.finder.extension.reddot.s2
18:34:58.514 [PU8071:Java.Field{holder: ApplicationInfo{24c6b9c com.tencent.mm}, fieldType: 2, fieldReturnType: Ljava/lang/String;, value: com.tencent.mm}:CAND] com.tencent.mm.plugin.finder.extension.reddot.s3
18:34:58.516 [PU8071:Java.Field{holder: ApplicationInfo{24c6b9c com.tencent.mm}, fieldType: 2, fieldReturnType: Ljava/lang/String;, value: com.tencent.mm}:CAND] com.tencent.mm.plugin.finder.extension.reddot.s4
18:34:58.518 [PU8071:Java.Field{holder: ApplicationInfo{24c6b9c com.tencent.mm}, fieldType: 2, fieldReturnType: Ljava/lang/String;, value: com.tencent.mm}:CAND] com.tencent.mm.plugin.finder.extension.reddot.s5
18:34:58.529 [PU8071:Java.Field{holder: ApplicationInfo{24c6b9c com.tencent.mm}, fieldType: 2, fieldReturnType: Ljava/lang/String;, value: com.tencent.mm}:CAND] com.tencent.mm.plugin.finder.extension.reddot.s6
18:34:58.531 [PU8071:Java.Field{holder: ApplicationInfo{24c6b9c com.tencent.mm}, fieldType: 2, fieldReturnType: Ljava/lang/String;, value: com.tencent.mm}:CAND] com.tencent.mm.plugin.finder.extension.reddot.s7
18:34:58.533 [PU8071:Java.Field{holder: ApplicationInfo{24c6b9c com.tencent.mm}, fieldType: 2, fieldReturnType: Ljava/lang/String;, value: com.tencent.mm}:CAND] com.tencent.mm.autogen.events.WeChatTabRedDotEvent
18:34:58.534 [PU8071:Java.Field{holder: ApplicationInfo{24c6b9c com.tencent.mm}, fieldType: 2, fieldReturnType: Ljava/lang/String;, value: com.tencent.mm}:CAND] com.tencent.mm.plugin.finder.extension.reddot.rb
18:34:58.538 [PU8071:Java.Field{holder: ApplicationInfo{24c6b9c com.tencent.mm}, fieldType: 2, fieldReturnType: Ljava/lang/String;, value: com.tencent.mm}:CAND] com.tencent.mm.plugin.finder.extension.reddot.t0
18:34:58.540 [PU8071:Java.Field{holder: ApplicationInfo{24c6b9c com.tencent.mm}, fieldType: 2, fieldReturnType: Ljava/lang/String;, value: com.tencent.mm}:CAND] com.tencent.mm.plugin.finder.extension.reddot.t1
18:34:58.542 [PU8071:Java.Field{holder: ApplicationInfo{24c6b9c com.tencent.mm}, fieldType: 2, fieldReturnType: Ljava/lang/String;, value: com.tencent.mm}:CAND] com.tencent.mm.plugin.finder.extension.reddot.t2
18:34:58.545 [PU8071:Java.Field{holder: ApplicationInfo{24c6b9c com.tencent.mm}, fieldType: 2, fieldReturnType: Ljava/lang/String;, value: com.tencent.mm}:CAND] com.tencent.mm.plugin.finder.extension.reddot.t4
18:34:58.547 [PU8071:Java.Field{holder: ApplicationInfo{24c6b9c com.tencent.mm}, fieldType: 2, fieldReturnType: Ljava/lang/String;, value: com.tencent.mm}:CAND] com.tencent.mm.plugin.finder.extension.reddot.t5
18:34:58.553 [PU8071:Java.Field{holder: ApplicationInfo{24c6b9c com.tencent.mm}, fieldType: 2, fieldReturnType: Ljava/lang/String;, value: com.tencent.mm}:HOOK] t5 ×1
18:34:58.553 [PU8071:Java.Field{holder: ApplicationInfo{24c6b9c com.tencent.mm}, fieldType: 2, fieldReturnType: Ljava/lang/String;, value: com.tencent.mm}:CAND] com.tencent.mm.plugin.finder.extension.reddot.t7
18:34:58.555 [PU8071:Java.Field{holder: ApplicationInfo{24c6b9c com.tencent.mm}, fieldType: 2, fieldReturnType: Ljava/lang/String;, value: com.tencent.mm}:CAND] com.tencent.mm.autogen.events.AppBrandResetAllServiceUnreadCountEvent
18:34:58.556 [PU8071:Java.Field{holder: ApplicationInfo{24c6b9c com.tencent.mm}, fieldType: 2, fieldReturnType: Ljava/lang/String;, value: com.tencent.mm}:CAND] com.tencent.mm.plugin.finder.extension.reddot.sb
18:34:58.559 [PU8071:Java.Field{holder: ApplicationInfo{24c6b9c com.tencent.mm}, fieldType: 2, fieldReturnType: Ljava/lang/String;, value: com.tencent.mm}:CAND] com.tencent.mm.plugin.finder.extension.reddot.u1
18:34:58.562 [PU8071:Java.Field{holder: ApplicationInfo{24c6b9c com.tencent.mm}, fieldType: 2, fieldReturnType: Ljava/lang/String;, value: com.tencent.mm}:CAND] com.tencent.mm.plugin.finder.extension.reddot.u2
18:34:58.564 [PU8071:Java.Field{holder: ApplicationInfo{24c6b9c com.tencent.mm}, fieldType: 2, fieldReturnType: Ljava/lang/String;, value: com.tencent.mm}:CAND] com.tencent.mm.plugin.finder.extension.reddot.u3
18:34:58.566 [PU8071:Java.Field{holder: ApplicationInfo{24c6b9c com.tencent.mm}, fieldType: 2, fieldReturnType: Ljava/lang/String;, value: com.tencent.mm}:CAND] com.tencent.mm.autogen.events.FinderRedDotEraseEvent
18:34:58.567 [PU8071:Java.Field{holder: ApplicationInfo{24c6b9c com.tencent.mm}, fieldType: 2, fieldReturnType: Ljava/lang/String;, value: com.tencent.mm}:CAND] com.tencent.mm.plugin.finder.extension.reddot.u4
18:34:58.569 [PU8071:Java.Field{holder: ApplicationInfo{24c6b9c com.tencent.mm}, fieldType: 2, fieldReturnType: Ljava/lang/String;, value: com.tencent.mm}:CAND] com.tencent.mm.plugin.finder.extension.reddot.u5
18:34:58.572 [PU8071:Java.Field{holder: ApplicationInfo{24c6b9c com.tencent.mm}, fieldType: 2, fieldReturnType: Ljava/lang/String;, value: com.tencent.mm}:CAND] com.tencent.mm.plugin.finder.extension.reddot.u6
18:34:58.589 [PU8071:Java.Field{holder: ApplicationInfo{24c6b9c com.tencent.mm}, fieldType: 2, fieldReturnType: Ljava/lang/String;, value: com.tencent.mm}:CAND] com.tencent.mm.plugin.finder.extension.reddot.u7
18:34:58.592 [PU8071:Java.Field{holder: ApplicationInfo{24c6b9c com.tencent.mm}, fieldType: 2, fieldReturnType: Ljava/lang/String;, value: com.tencent.mm}:CAND] com.tencent.mm.plugin.finder.extension.reddot.ta
18:34:58.602 [PU8071:Java.Field{holder: ApplicationInfo{24c6b9c com.tencent.mm}, fieldType: 2, fieldReturnType: Ljava/lang/String;, value: com.tencent.mm}:CAND] com.tencent.mm.plugin.finder.extension.reddot.v1
18:34:58.604 [PU8071:Java.Field{holder: ApplicationInfo{24c6b9c com.tencent.mm}, fieldType: 2, fieldReturnType: Ljava/lang/String;, value: com.tencent.mm}:CAND] com.tencent.mm.plugin.finder.extension.reddot.v2
18:34:58.606 [PU8071:Java.Field{holder: ApplicationInfo{24c6b9c com.tencent.mm}, fieldType: 2, fieldReturnType: Ljava/lang/String;, value: com.tencent.mm}:CAND] com.tencent.mm.plugin.finder.extension.reddot.v3
18:34:58.608 [PU8071:Java.Field{holder: ApplicationInfo{24c6b9c com.tencent.mm}, fieldType: 2, fieldReturnType: Ljava/lang/String;, value: com.tencent.mm}:CAND] com.tencent.mm.plugin.finder.extension.reddot.v6
18:34:58.610 [PU8071:Java.Field{holder: ApplicationInfo{24c6b9c com.tencent.mm}, fieldType: 2, fieldReturnType: Ljava/lang/String;, value: com.tencent.mm}:CAND] com.tencent.mm.plugin.finder.extension.reddot.ua
18:34:58.611 [PU8071:Java.Field{holder: ApplicationInfo{24c6b9c com.tencent.mm}, fieldType: 2, fieldReturnType: Ljava/lang/String;, value: com.tencent.mm}:CAND] com.tencent.mm.ui.MainTabUnreadMgr$2
18:34:58.614 [PU8071:Java.Field{holder: ApplicationInfo{24c6b9c com.tencent.mm}, fieldType: 2, fieldReturnType: Ljava/lang/String;, value: com.tencent.mm}:CAND] com.tencent.mm.ui.MainTabUnreadMgr$3
18:34:58.616 [PU8071:Java.Field{holder: ApplicationInfo{24c6b9c com.tencent.mm}, fieldType: 2, fieldReturnType: Ljava/lang/String;, value: com.tencent.mm}:CAND] com.tencent.mm.plugin.finder.extension.reddot.w1
18:34:58.638 [PU8071:Java.Field{holder: ApplicationInfo{24c6b9c com.tencent.mm}, fieldType: 2, fieldReturnType: Ljava/lang/String;, value: com.tencent.mm}:CAND] com.tencent.mm.plugin.finder.extension.reddot.w2
18:34:58.640 [PU8071:Java.Field{holder: ApplicationInfo{24c6b9c com.tencent.mm}, fieldType: 2, fieldReturnType: Ljava/lang/String;, value: com.tencent.mm}:CAND] com.tencent.mm.plugin.finder.extension.reddot.w3
18:34:58.648 [PU8071:Java.Field{holder: ApplicationInfo{24c6b9c com.tencent.mm}, fieldType: 2, fieldReturnType: Ljava/lang/String;, value: com.tencent.mm}:CAND] com.tencent.mm.plugin.finder.extension.reddot.w4
18:34:58.650 [PU8071:Java.Field{holder: ApplicationInfo{24c6b9c com.tencent.mm}, fieldType: 2, fieldReturnType: Ljava/lang/String;, value: com.tencent.mm}:CAND] com.tencent.mm.plugin.finder.extension.reddot.w6
18:34:58.652 [PU8071:Java.Field{holder: ApplicationInfo{24c6b9c com.tencent.mm}, fieldType: 2, fieldReturnType: Ljava/lang/String;, value: com.tencent.mm}:CAND] com.tencent.mm.plugin.finder.extension.reddot.x1
18:34:58.654 [PU8071:Java.Field{holder: ApplicationInfo{24c6b9c com.tencent.mm}, fieldType: 2, fieldReturnType: Ljava/lang/String;, value: com.tencent.mm}:CAND] com.tencent.mm.plugin.finder.extension.reddot.x2
18:34:58.666 [PU8071:Java.Field{holder: ApplicationInfo{24c6b9c com.tencent.mm}, fieldType: 2, fieldReturnType: Ljava/lang/String;, value: com.tencent.mm}:CAND] com.tencent.mm.plugin.finder.extension.reddot.x3
18:34:58.670 [PU8071:Java.Field{holder: ApplicationInfo{24c6b9c com.tencent.mm}, fieldType: 2, fieldReturnType: Ljava/lang/String;, value: com.tencent.mm}:CAND] com.tencent.mm.plugin.finder.extension.reddot.x4
18:34:58.672 [PU8071:Java.Field{holder: ApplicationInfo{24c6b9c com.tencent.mm}, fieldType: 2, fieldReturnType: Ljava/lang/String;, value: com.tencent.mm}:CAND] com.tencent.mm.plugin.finder.extension.reddot.x5
18:34:58.675 [PU8071:Java.Field{holder: ApplicationInfo{24c6b9c com.tencent.mm}, fieldType: 2, fieldReturnType: Ljava/lang/String;, value: com.tencent.mm}:CAND] com.tencent.mm.plugin.finder.extension.reddot.x6
18:34:58.680 [PU8071:Java.Field{holder: ApplicationInfo{24c6b9c com.tencent.mm}, fieldType: 2, fieldReturnType: Ljava/lang/String;, value: com.tencent.mm}:CAND] com.tencent.mm.plugin.finder.extension.reddot.wa
18:34:58.681 [PU8071:Java.Field{holder: ApplicationInfo{24c6b9c com.tencent.mm}, fieldType: 2, fieldReturnType: Ljava/lang/String;, value: com.tencent.mm}:CAND] com.tencent.mm.ui.MainTabUI$$a
18:34:58.683 [PU8071:Java.Field{holder: ApplicationInfo{24c6b9c com.tencent.mm}, fieldType: 2, fieldReturnType: Ljava/lang/String;, value: com.tencent.mm}:CAND] com.tencent.mm.plugin.finder.extension.reddot.y0
18:34:58.686 [PU8071:Java.Field{holder: ApplicationInfo{24c6b9c com.tencent.mm}, fieldType: 2, fieldReturnType: Ljava/lang/String;, value: com.tencent.mm}:CAND] com.tencent.mm.ui.MainTabUI$$b
18:34:58.689 [PU8071:Java.Field{holder: ApplicationInfo{24c6b9c com.tencent.mm}, fieldType: 2, fieldReturnType: Ljava/lang/String;, value: com.tencent.mm}:CAND] com.tencent.mm.plugin.finder.extension.reddot.y1
18:34:58.697 [PU8071:Java.Field{holder: ApplicationInfo{24c6b9c com.tencent.mm}, fieldType: 2, fieldReturnType: Ljava/lang/String;, value: com.tencent.mm}:CAND] com.tencent.mm.ui.MainTabUI$$c
18:34:58.699 [PU8071:Java.Field{holder: ApplicationInfo{24c6b9c com.tencent.mm}, fieldType: 2, fieldReturnType: Ljava/lang/String;, value: com.tencent.mm}:CAND] com.tencent.mm.plugin.finder.extension.reddot.y3
18:34:58.704 [PU8071:Java.Field{holder: ApplicationInfo{24c6b9c com.tencent.mm}, fieldType: 2, fieldReturnType: Ljava/lang/String;, value: com.tencent.mm}:HOOK] y3 ×1
18:34:58.705 [PU8071:Java.Field{holder: ApplicationInfo{24c6b9c com.tencent.mm}, fieldType: 2, fieldReturnType: Ljava/lang/String;, value: com.tencent.mm}:CAND] com.tencent.mm.plugin.finder.extension.reddot.y4
18:34:58.707 [PU8071:Java.Field{holder: ApplicationInfo{24c6b9c com.tencent.mm}, fieldType: 2, fieldReturnType: Ljava/lang/String;, value: com.tencent.mm}:CAND] com.tencent.mm.plugin.finder.extension.reddot.y5
18:34:58.709 [PU8071:Java.Field{holder: ApplicationInfo{24c6b9c com.tencent.mm}, fieldType: 2, fieldReturnType: Ljava/lang/String;, value: com.tencent.mm}:CAND] com.tencent.mm.plugin.finder.extension.reddot.y6
18:34:58.710 [PU8071:Java.Field{holder: ApplicationInfo{24c6b9c com.tencent.mm}, fieldType: 2, fieldReturnType: Ljava/lang/String;, value: com.tencent.mm}:CAND] com.tencent.mm.plugin.finder.extension.reddot.y7
18:34:58.712 [PU8071:Java.Field{holder: ApplicationInfo{24c6b9c com.tencent.mm}, fieldType: 2, fieldReturnType: Ljava/lang/String;, value: com.tencent.mm}:CAND] com.tencent.mm.plugin.finder.extension.reddot.y8
18:34:58.716 [PU8071:Java.Field{holder: ApplicationInfo{24c6b9c com.tencent.mm}, fieldType: 2, fieldReturnType: Ljava/lang/String;, value: com.tencent.mm}:CAND] com.tencent.mm.plugin.finder.extension.reddot.y9
18:34:58.719 [PU8071:Java.Field{holder: ApplicationInfo{24c6b9c com.tencent.mm}, fieldType: 2, fieldReturnType: Ljava/lang/String;, value: com.tencent.mm}:CAND] com.tencent.mm.plugin.finder.extension.reddot.xa
18:34:58.721 [PU8071:Java.Field{holder: ApplicationInfo{24c6b9c com.tencent.mm}, fieldType: 2, fieldReturnType: Ljava/lang/String;, value: com.tencent.mm}:CAND] com.tencent.mm.plugin.finder.extension.reddot.z3
18:34:58.722 [PU8071:Java.Field{holder: ApplicationInfo{24c6b9c com.tencent.mm}, fieldType: 2, fieldReturnType: Ljava/lang/String;, value: com.tencent.mm}:CAND] com.tencent.mm.plugin.finder.extension.reddot.z5
18:34:58.751 [PU8071:Java.Field{holder: ApplicationInfo{24c6b9c com.tencent.mm}, fieldType: 2, fieldReturnType: Ljava/lang/String;, value: com.tencent.mm}:CAND] com.tencent.mm.plugin.finder.extension.reddot.z6
18:34:58.756 [PU8071:Java.Field{holder: ApplicationInfo{24c6b9c com.tencent.mm}, fieldType: 2, fieldReturnType: Ljava/lang/String;, value: com.tencent.mm}:HOOK] z6 ×1
18:34:58.756 [PU8071:Java.Field{holder: ApplicationInfo{24c6b9c com.tencent.mm}, fieldType: 2, fieldReturnType: Ljava/lang/String;, value: com.tencent.mm}:CAND] com.tencent.mm.plugin.finder.extension.reddot.z9
18:34:58.759 [PU8071:Java.Field{holder: ApplicationInfo{24c6b9c com.tencent.mm}, fieldType: 2, fieldReturnType: Ljava/lang/String;, value: com.tencent.mm}:CAND] com.tencent.mm.ui.conversation.ConversationUnreadHelper$1
18:34:58.761 [PU8071:Java.Field{holder: ApplicationInfo{24c6b9c com.tencent.mm}, fieldType: 2, fieldReturnType: Ljava/lang/String;, value: com.tencent.mm}:CAND] com.tencent.mm.ui.LauncherUI$$a
18:34:58.763 [PU8071:Java.Field{holder: ApplicationInfo{24c6b9c com.tencent.mm}, fieldType: 2, fieldReturnType: Ljava/lang/String;, value: com.tencent.mm}:CAND] com.tencent.mm.ui.MainTabUnreadMgr$10
18:34:58.765 [PU8071:Java.Field{holder: ApplicationInfo{24c6b9c com.tencent.mm}, fieldType: 2, fieldReturnType: Ljava/lang/String;, value: com.tencent.mm}:CAND] com.tencent.mm.plugin.finder.extension.reddot.FinderRedDotTrigger$1
18:34:58.768 [PU8071:Java.Field{holder: ApplicationInfo{24c6b9c com.tencent.mm}, fieldType: 2, fieldReturnType: Ljava/lang/String;, value: com.tencent.mm}:CAND] com.tencent.mm.plugin.finder.extension.reddot.FinderRedDotTrigger$2
18:34:58.770 [PU8071:Java.Field{holder: ApplicationInfo{24c6b9c com.tencent.mm}, fieldType: 2, fieldReturnType: Ljava/lang/String;, value: com.tencent.mm}:CAND] com.tencent.mm.plugin.finder.extension.reddot.FinderNewDiscoveryRedDotService$chattingExitListener$1
18:34:58.772 [PU8071:Java.Field{holder: ApplicationInfo{24c6b9c com.tencent.mm}, fieldType: 2, fieldReturnType: Ljava/lang/String;, value: com.tencent.mm}:CAND] com.tencent.mm.plugin.finder.extension.reddot.DiscoveryFinderRedDotManager$mainUiIndexChangeListener$1
18:34:58.775 [PU8071:Java.Field{holder: ApplicationInfo{24c6b9c com.tencent.mm}, fieldType: 2, fieldReturnType: Ljava/lang/String;, value: com.tencent.mm}:CAND] com.tencent.mm.ui.LauncherUI
18:34:58.775 [PU8071:Java.Field{holder: ApplicationInfo{24c6b9c com.tencent.mm}, fieldType: 2, fieldReturnType: Ljava/lang/String;, value: com.tencent.mm}:CAND] com.tencent.mm.ui.LauncherUIBottomTabView$$a
18:34:58.779 [PU8071:Java.Field{holder: ApplicationInfo{24c6b9c com.tencent.mm}, fieldType: 2, fieldReturnType: Ljava/lang/String;, value: com.tencent.mm}:CAND] com.tencent.mm.autogen.events.GetMainTabUnReadCountEvent
18:34:58.781 [PU8071:Java.Field{holder: ApplicationInfo{24c6b9c com.tencent.mm}, fieldType: 2, fieldReturnType: Ljava/lang/String;, value: com.tencent.mm}:CAND] com.tencent.mm.ui.MainTabUI$1
18:34:58.783 [PU8071:Java.Field{holder: ApplicationInfo{24c6b9c com.tencent.mm}, fieldType: 2, fieldReturnType: Ljava/lang/String;, value: com.tencent.mm}:CAND] com.tencent.mm.ui.MainTabUI$2
18:34:58.785 [PU8071:Java.Field{holder: ApplicationInfo{24c6b9c com.tencent.mm}, fieldType: 2, fieldReturnType: Ljava/lang/String;, value: com.tencent.mm}:CAND] com.tencent.mm.ui.MainTabUI$3
18:34:58.787 [PU8071:Java.Field{holder: ApplicationInfo{24c6b9c com.tencent.mm}, fieldType: 2, fieldReturnType: Ljava/lang/String;, value: com.tencent.mm}:CAND] com.tencent.mm.ui.LauncherUIBottomTabView
18:34:58.839 [PU8071:Java.Field{holder: ApplicationInfo{24c6b9c com.tencent.mm}, fieldType: 2, fieldReturnType: Ljava/lang/String;, value: com.tencent.mm}:HOOK] LauncherUIBottomTabView ×13
18:34:58.840 [PU8071:Java.Field{holder: ApplicationInfo{24c6b9c com.tencent.mm}, fieldType: 2, fieldReturnType: Ljava/lang/String;, value: com.tencent.mm}:CAND] com.tencent.mm.plugin.finder.view.FinderHomeTabRedDotTipsBubbleView
18:34:58.849 [PU8071:Java.Field{holder: ApplicationInfo{24c6b9c com.tencent.mm}, fieldType: 2, fieldReturnType: Ljava/lang/String;, value: com.tencent.mm}:HOOK] FinderHomeTabRedDotTipsBubbleView ×1
18:34:58.849 [PU8071:Java.Field{holder: ApplicationInfo{24c6b9c com.tencent.mm}, fieldType: 2, fieldReturnType: Ljava/lang/String;, value: com.tencent.mm}:CAND] com.tencent.mm.autogen.events.FinderRedDotExpirationEvent
18:34:58.850 [PU8071:Java.Field{holder: ApplicationInfo{24c6b9c com.tencent.mm}, fieldType: 2, fieldReturnType: Ljava/lang/String;, value: com.tencent.mm}:CAND] com.tencent.mm.plugin.finder.extension.reddot.FinderRedDotAvatarManager$homeUiTabChangeListener$1
18:34:58.853 [PU8071:Java.Field{holder: ApplicationInfo{24c6b9c com.tencent.mm}, fieldType: 2, fieldReturnType: Ljava/lang/String;, value: com.tencent.mm}:CAND] com.tencent.mm.ui.MainTabUI$TabsAdapter
18:34:58.874 [PU8071:Java.Field{holder: ApplicationInfo{24c6b9c com.tencent.mm}, fieldType: 2, fieldReturnType: Ljava/lang/String;, value: com.tencent.mm}:HOOK] MainTabUI$TabsAdapter ×5
18:34:58.875 [PU8071:Java.Field{holder: ApplicationInfo{24c6b9c com.tencent.mm}, fieldType: 2, fieldReturnType: Ljava/lang/String;, value: com.tencent.mm}:CAND] com.tencent.mm.autogen.mmdata.rpt.FinderSyncRedDotStruct
18:34:58.879 [PU8071:Java.Field{holder: ApplicationInfo{24c6b9c com.tencent.mm}, fieldType: 2, fieldReturnType: Ljava/lang/String;, value: com.tencent.mm}:HOOK] FinderSyncRedDotStruct ×1
18:34:58.879 [PU8071:Java.Field{holder: ApplicationInfo{24c6b9c com.tencent.mm}, fieldType: 2, fieldReturnType: Ljava/lang/String;, value: com.tencent.mm}:CAND] com.tencent.mm.plugin.finder.extension.reddot.a
18:34:58.881 [PU8071:Java.Field{holder: ApplicationInfo{24c6b9c com.tencent.mm}, fieldType: 2, fieldReturnType: Ljava/lang/String;, value: com.tencent.mm}:CAND] com.tencent.mm.plugin.finder.extension.reddot.b
18:34:58.883 [PU8071:Java.Field{holder: ApplicationInfo{24c6b9c com.tencent.mm}, fieldType: 2, fieldReturnType: Ljava/lang/String;, value: com.tencent.mm}:CAND] com.tencent.mm.plugin.finder.extension.reddot.c
18:34:58.885 [PU8071:Java.Field{holder: ApplicationInfo{24c6b9c com.tencent.mm}, fieldType: 2, fieldReturnType: Ljava/lang/String;, value: com.tencent.mm}:CAND] com.tencent.mm.plugin.finder.extension.reddot.d
18:34:58.888 [PU8071:Java.Field{holder: ApplicationInfo{24c6b9c com.tencent.mm}, fieldType: 2, fieldReturnType: Ljava/lang/String;, value: com.tencent.mm}:CAND] com.tencent.mm.plugin.finder.extension.reddot.e
18:34:58.892 [PU8071:Java.Field{holder: ApplicationInfo{24c6b9c com.tencent.mm}, fieldType: 2, fieldReturnType: Ljava/lang/String;, value: com.tencent.mm}:CAND] com.tencent.mm.plugin.finder.extension.reddot.f
18:34:58.894 [PU8071:Java.Field{holder: ApplicationInfo{24c6b9c com.tencent.mm}, fieldType: 2, fieldReturnType: Ljava/lang/String;, value: com.tencent.mm}:CAND] com.tencent.mm.plugin.finder.extension.reddot.g
18:34:58.901 [PU8071:Java.Field{holder: ApplicationInfo{24c6b9c com.tencent.mm}, fieldType: 2, fieldReturnType: Ljava/lang/String;, value: com.tencent.mm}:CAND] com.tencent.mm.plugin.finder.extension.reddot.i
18:34:58.904 [PU8071:Java.Field{holder: ApplicationInfo{24c6b9c com.tencent.mm}, fieldType: 2, fieldReturnType: Ljava/lang/String;, value: com.tencent.mm}:CAND] com.tencent.mm.plugin.finder.extension.reddot.j
18:34:58.906 [PU8071:Java.Field{holder: ApplicationInfo{24c6b9c com.tencent.mm}, fieldType: 2, fieldReturnType: Ljava/lang/String;, value: com.tencent.mm}:CAND] com.tencent.mm.plugin.finder.extension.reddot.k
18:34:58.910 [PU8071:Java.Field{holder: ApplicationInfo{24c6b9c com.tencent.mm}, fieldType: 2, fieldReturnType: Ljava/lang/String;, value: com.tencent.mm}:CAND] com.tencent.mm.plugin.finder.extension.reddot.r
18:34:58.919 [PU8071:Java.Field{holder: ApplicationInfo{24c6b9c com.tencent.mm}, fieldType: 2, fieldReturnType: Ljava/lang/String;, value: com.tencent.mm}:CAND] com.tencent.mm.plugin.finder.extension.reddot.s
18:34:58.921 [PU8071:Java.Field{holder: ApplicationInfo{24c6b9c com.tencent.mm}, fieldType: 2, fieldReturnType: Ljava/lang/String;, value: com.tencent.mm}:CAND] com.tencent.mm.plugin.finder.extension.reddot.t
18:34:58.922 [PU8071:Java.Field{holder: ApplicationInfo{24c6b9c com.tencent.mm}, fieldType: 2, fieldReturnType: Ljava/lang/String;, value: com.tencent.mm}:CAND] com.tencent.mm.plugin.finder.extension.reddot.u
18:34:58.924 [PU8071:Java.Field{holder: ApplicationInfo{24c6b9c com.tencent.mm}, fieldType: 2, fieldReturnType: Ljava/lang/String;, value: com.tencent.mm}:CAND] com.tencent.mm.plugin.finder.extension.reddot.v
18:34:58.926 [PU8071:Java.Field{holder: ApplicationInfo{24c6b9c com.tencent.mm}, fieldType: 2, fieldReturnType: Ljava/lang/String;, value: com.tencent.mm}:CAND] com.tencent.mm.plugin.finder.extension.reddot.w
18:34:58.933 [PU8071:Java.Field{holder: ApplicationInfo{24c6b9c com.tencent.mm}, fieldType: 2, fieldReturnType: Ljava/lang/String;, value: com.tencent.mm}:HOOK] w ×1
18:34:58.933 [PU8071:Java.Field{holder: ApplicationInfo{24c6b9c com.tencent.mm}, fieldType: 2, fieldReturnType: Ljava/lang/String;, value: com.tencent.mm}:CAND] com.tencent.mm.plugin.finder.extension.reddot.x
18:34:58.937 [PU8071:Java.Field{holder: ApplicationInfo{24c6b9c com.tencent.mm}, fieldType: 2, fieldReturnType: Ljava/lang/String;, value: com.tencent.mm}:CAND] com.tencent.mm.repairer.config.ting.RepairerConfigTingDisableRedDotSyncFrequencyControl
18:34:58.942 [PU8071:Java.Field{holder: ApplicationInfo{24c6b9c com.tencent.mm}, fieldType: 2, fieldReturnType: Ljava/lang/String;, value: com.tencent.mm}:CAND] com.tencent.mm.autogen.events.UnreadChangeEvent
18:34:58.943 [PU8071:Java.Field{holder: ApplicationInfo{24c6b9c com.tencent.mm}, fieldType: 2, fieldReturnType: Ljava/lang/String;, value: com.tencent.mm}:CAND] com.tencent.mm.autogen.events.AppBrandSetServiceUnreadCountEvent
18:34:58.944 [PU8071:Java.Field{holder: ApplicationInfo{24c6b9c com.tencent.mm}, fieldType: 2, fieldReturnType: Ljava/lang/String;, value: com.tencent.mm}:CAND] com.tencent.mm.repairer.config.ting.RepairerConfigTingDiscoverRedDotSyncDisable
18:34:58.951 [PU8071:Java.Field{holder: ApplicationInfo{24c6b9c com.tencent.mm}, fieldType: 2, fieldReturnType: Ljava/lang/String;, value: com.tencent.mm}:CAND] com.tencent.mm.autogen.mmdata.rpt.FinderRedDotNewStruct
18:34:58.957 [PU8071:Java.Field{holder: ApplicationInfo{24c6b9c com.tencent.mm}, fieldType: 2, fieldReturnType: Ljava/lang/String;, value: com.tencent.mm}:HOOK] FinderRedDotNewStruct ×1
18:34:58.957 [PU8071:Java.Field{holder: ApplicationInfo{24c6b9c com.tencent.mm}, fieldType: 2, fieldReturnType: Ljava/lang/String;, value: com.tencent.mm}:CAND] com.tencent.mm.plugin.finder.extension.reddot.render.RenderView$AlignAbsoluteSizeSpan
18:34:58.960 [PU8071:Java.Field{holder: ApplicationInfo{24c6b9c com.tencent.mm}, fieldType: 2, fieldReturnType: Ljava/lang/String;, value: com.tencent.mm}:CAND] com.tencent.mm.plugin.appbrand.ui.AppBrandLauncherUI
18:34:58.981 [PU8071:Java.Field{holder: ApplicationInfo{24c6b9c com.tencent.mm}, fieldType: 2, fieldReturnType: Ljava/lang/String;, value: com.tencent.mm}:HOOK] AppBrandLauncherUI ×2
18:34:58.981 [PU8071:Java.Field{holder: ApplicationInfo{24c6b9c com.tencent.mm}, fieldType: 2, fieldReturnType: Ljava/lang/String;, value: com.tencent.mm}:CAND] com.tencent.mm.autogen.events.ResetBadgeCountEvent
18:34:58.983 [PU8071:Java.Field{holder: ApplicationInfo{24c6b9c com.tencent.mm}, fieldType: 2, fieldReturnType: Ljava/lang/String;, value: com.tencent.mm}:CAND] com.tencent.mm.autogen.events.BypCommonBizWebSearchRedDotEvent
18:34:58.984 [PU8071:Java.Field{holder: ApplicationInfo{24c6b9c com.tencent.mm}, fieldType: 2, fieldReturnType: Ljava/lang/String;, value: com.tencent.mm}:CAND] com.tencent.mm.repairer.config.chatting.RepairerConfigLauncherUIX2CPreload
18:34:58.989 [PU8071:Java.Field{holder: ApplicationInfo{24c6b9c com.tencent.mm}, fieldType: 2, fieldReturnType: Ljava/lang/String;, value: com.tencent.mm}:CAND] com.tencent.mm.plugin.finder.extension.reddot.render.RenderView
18:34:59.410 [PU8071:Java.Field{holder: ApplicationInfo{24c6b9c com.tencent.mm}, fieldType: 2, fieldReturnType: Ljava/lang/String;, value: com.tencent.mm}:HOOK] RenderView ×7
18:34:59.410 [PU8071:Java.Field{holder: ApplicationInfo{24c6b9c com.tencent.mm}, fieldType: 2, fieldReturnType: Ljava/lang/String;, value: com.tencent.mm}:CAND] com.tencent.mm.ui.MainTabUI
18:34:59.660 [PU8071:Java.Field{holder: ApplicationInfo{24c6b9c com.tencent.mm}, fieldType: 2, fieldReturnType: Ljava/lang/String;, value: com.tencent.mm}:HOOK] MainTabUI ×4
18:34:59.670 [PU8071:Java.Field{holder: ApplicationInfo{24c6b9c com.tencent.mm}, fieldType: 2, fieldReturnType: Ljava/lang/String;, value: com.tencent.mm}:CAND] com.tencent.mm.ui.LauncherUI$1
18:34:59.690 [PU8071:Java.Field{holder: ApplicationInfo{24c6b9c com.tencent.mm}, fieldType: 2, fieldReturnType: Ljava/lang/String;, value: com.tencent.mm}:CAND] com.tencent.mm.autogen.events.FinderRedDotLifeNotifyEvent
18:34:59.700 [PU8071:Java.Field{holder: ApplicationInfo{24c6b9c com.tencent.mm}, fieldType: 2, fieldReturnType: Ljava/lang/String;, value: com.tencent.mm}:CAND] com.tencent.mm.plugin.finder.extension.reddot.render.RenderView$FontWeightAbsoluteSizeSpan
18:34:59.730 [PU8071:Java.Field{holder: ApplicationInfo{24c6b9c com.tencent.mm}, fieldType: 2, fieldReturnType: Ljava/lang/String;, value: com.tencent.mm}:CAND] com.tencent.mm.plugin.mmec.service.PluginMMEcFeatureService$notifyRedDotListener$1
18:34:59.750 [PU8071:Java.Field{holder: ApplicationInfo{24c6b9c com.tencent.mm}, fieldType: 2, fieldReturnType: Ljava/lang/String;, value: com.tencent.mm}:CAND] com.tencent.mm.plugin.finder.extension.reddot.render.a
18:34:59.960 [PU8071:Java.Field{holder: ApplicationInfo{24c6b9c com.tencent.mm}, fieldType: 2, fieldReturnType: Ljava/lang/String;, value: com.tencent.mm}:CAND] com.tencent.mm.plugin.finder.extension.reddot.a0
18:34:59.970 [PU8071:Java.Field{holder: ApplicationInfo{24c6b9c com.tencent.mm}, fieldType: 2, fieldReturnType: Ljava/lang/String;, value: com.tencent.mm}:CAND] com.tencent.mm.plugin.finder.extension.reddot.a1
18:34:59.990 [PU8071:Java.Field{holder: ApplicationInfo{24c6b9c com.tencent.mm}, fieldType: 2, fieldReturnType: Ljava/lang/String;, value: com.tencent.mm}:CAND] com.tencent.mm.plugin.finder.extension.reddot.a2
18:34:59.103 [PU8071:Java.Field{holder: ApplicationInfo{24c6b9c com.tencent.mm}, fieldType: 2, fieldReturnType: Ljava/lang/String;, value: com.tencent.mm}:CAND] com.tencent.mm.plugin.finder.extension.reddot.a4
18:34:59.105 [PU8071:Java.Field{holder: ApplicationInfo{24c6b9c com.tencent.mm}, fieldType: 2, fieldReturnType: Ljava/lang/String;, value: com.tencent.mm}:CAND] com.tencent.mm.plugin.finder.extension.reddot.a7
18:34:59.108 [PU8071:Java.Field{holder: ApplicationInfo{24c6b9c com.tencent.mm}, fieldType: 2, fieldReturnType: Ljava/lang/String;, value: com.tencent.mm}:CAND] com.tencent.mm.plugin.finder.extension.reddot.b1
18:34:59.111 [PU8071:Java.Field{holder: ApplicationInfo{24c6b9c com.tencent.mm}, fieldType: 2, fieldReturnType: Ljava/lang/String;, value: com.tencent.mm}:CAND] com.tencent.mm.plugin.finder.extension.reddot.b3
18:34:59.114 [PU8071:Java.Field{holder: ApplicationInfo{24c6b9c com.tencent.mm}, fieldType: 2, fieldReturnType: Ljava/lang/String;, value: com.tencent.mm}:CAND] com.tencent.mm.plugin.finder.extension.reddot.b4
18:34:59.116 [PU8071:Java.Field{holder: ApplicationInfo{24c6b9c com.tencent.mm}, fieldType: 2, fieldReturnType: Ljava/lang/String;, value: com.tencent.mm}:CAND] com.tencent.mm.plugin.finder.extension.reddot.b7
18:34:59.118 [PU8071:Java.Field{holder: ApplicationInfo{24c6b9c com.tencent.mm}, fieldType: 2, fieldReturnType: Ljava/lang/String;, value: com.tencent.mm}:CAND] com.tencent.mm.plugin.finder.extension.reddot.aa
18:34:59.127 [PU8071:Java.Field{holder: ApplicationInfo{24c6b9c com.tencent.mm}, fieldType: 2, fieldReturnType: Ljava/lang/String;, value: com.tencent.mm}:CAND] com.tencent.mm.plugin.finder.extension.reddot.ab
18:34:59.129 [PU8071:Java.Field{holder: ApplicationInfo{24c6b9c com.tencent.mm}, fieldType: 2, fieldReturnType: Ljava/lang/String;, value: com.tencent.mm}:CAND] com.tencent.mm.plugin.finder.extension.reddot.c1
18:34:59.131 [PU8071:Java.Field{holder: ApplicationInfo{24c6b9c com.tencent.mm}, fieldType: 2, fieldReturnType: Ljava/lang/String;, value: com.tencent.mm}:CAND] com.tencent.mm.plugin.finder.extension.reddot.c3
18:34:59.132 [PU8071:Java.Field{holder: ApplicationInfo{24c6b9c com.tencent.mm}, fieldType: 2, fieldReturnType: Ljava/lang/String;, value: com.tencent.mm}:CAND] com.tencent.mm.plugin.finder.extension.reddot.c4
18:34:59.141 [PU8071:Java.Field{holder: ApplicationInfo{24c6b9c com.tencent.mm}, fieldType: 2, fieldReturnType: Ljava/lang/String;, value: com.tencent.mm}:CAND] com.tencent.mm.plugin.finder.extension.reddot.c5
18:34:59.143 [PU8071:Java.Field{holder: ApplicationInfo{24c6b9c com.tencent.mm}, fieldType: 2, fieldReturnType: Ljava/lang/String;, value: com.tencent.mm}:CAND] com.tencent.mm.plugin.finder.extension.reddot.c7
18:34:59.145 [PU8071:Java.Field{holder: ApplicationInfo{24c6b9c com.tencent.mm}, fieldType: 2, fieldReturnType: Ljava/lang/String;, value: com.tencent.mm}:CAND] com.tencent.mm.plugin.finder.extension.reddot.c8
18:34:59.147 [PU8071:Java.Field{holder: ApplicationInfo{24c6b9c com.tencent.mm}, fieldType: 2, fieldReturnType: Ljava/lang/String;, value: com.tencent.mm}:CAND] com.tencent.mm.plugin.finder.extension.reddot.ba
18:34:59.151 [PU8071:Java.Field{holder: ApplicationInfo{24c6b9c com.tencent.mm}, fieldType: 2, fieldReturnType: Ljava/lang/String;, value: com.tencent.mm}:CAND] com.tencent.mm.plugin.finder.extension.reddot.bb
18:34:59.153 [PU8071:Java.Field{holder: ApplicationInfo{24c6b9c com.tencent.mm}, fieldType: 2, fieldReturnType: Ljava/lang/String;, value: com.tencent.mm}:CAND] com.tencent.mm.ui.launcher.LauncherUIRegistry$LauncherUIMoveTaskToBackEvent
18:34:59.154 [PU8071:Java.Field{holder: ApplicationInfo{24c6b9c com.tencent.mm}, fieldType: 2, fieldReturnType: Ljava/lang/String;, value: com.tencent.mm}:CAND] com.tencent.mm.autogen.events.RedDotExposureEventEvent
18:34:59.155 [PU8071:Java.Field{holder: ApplicationInfo{24c6b9c com.tencent.mm}, fieldType: 2, fieldReturnType: Ljava/lang/String;, value: com.tencent.mm}:CAND] com.tencent.mm.plugin.finder.extension.reddot.d1
18:34:59.158 [PU8071:Java.Field{holder: ApplicationInfo{24c6b9c com.tencent.mm}, fieldType: 2, fieldReturnType: Ljava/lang/String;, value: com.tencent.mm}:CAND] com.tencent.mm.plugin.finder.extension.reddot.d4
18:34:59.160 [PU8071:Java.Field{holder: ApplicationInfo{24c6b9c com.tencent.mm}, fieldType: 2, fieldReturnType: Ljava/lang/String;, value: com.tencent.mm}:CAND] com.tencent.mm.plugin.finder.extension.reddot.d5
18:34:59.162 [PU8071:Java.Field{holder: ApplicationInfo{24c6b9c com.tencent.mm}, fieldType: 2, fieldReturnType: Ljava/lang/String;, value: com.tencent.mm}:CAND] com.tencent.mm.plugin.finder.extension.reddot.d7
18:34:59.164 [PU8071:Java.Field{holder: ApplicationInfo{24c6b9c com.tencent.mm}, fieldType: 2, fieldReturnType: Ljava/lang/String;, value: com.tencent.mm}:CAND] com.tencent.mm.plugin.finder.extension.reddot.d8
18:34:59.307 [PU8071:Java.Field{holder: ApplicationInfo{24c6b9c com.tencent.mm}, fieldType: 2, fieldReturnType: Ljava/lang/String;, value: com.tencent.mm}:HOOK] d8 ×4
18:34:59.308 [PU8071:Java.Field{holder: ApplicationInfo{24c6b9c com.tencent.mm}, fieldType: 2, fieldReturnType: Ljava/lang/String;, value: com.tencent.mm}:CAND] com.tencent.mm.plugin.finder.view.FinderRedDotTextView
18:34:59.349 [PU8071:Java.Field{holder: ApplicationInfo{24c6b9c com.tencent.mm}, fieldType: 2, fieldReturnType: Ljava/lang/String;, value: com.tencent.mm}:HOOK] FinderRedDotTextView ×8
18:34:59.349 [PU8071:Java.Field{holder: ApplicationInfo{24c6b9c com.tencent.mm}, fieldType: 2, fieldReturnType: Ljava/lang/String;, value: com.tencent.mm}:CAND] com.tencent.mm.autogen.events.TabRedDotChangeEvent
18:34:59.350 [PU8071:Java.Field{holder: ApplicationInfo{24c6b9c com.tencent.mm}, fieldType: 2, fieldReturnType: Ljava/lang/String;, value: com.tencent.mm}:CAND] com.tencent.mm.plugin.finder.extension.reddot.ca
18:34:59.351 [PU8071:Java.Field{holder: ApplicationInfo{24c6b9c com.tencent.mm}, fieldType: 2, fieldReturnType: Ljava/lang/String;, value: com.tencent.mm}:CAND] com.tencent.mm.plugin.finder.extension.reddot.cb
18:34:59.351 [PU8071:Java.Field{holder: ApplicationInfo{24c6b9c com.tencent.mm}, fieldType: 2, fieldReturnType: Ljava/lang/String;, value: com.tencent.mm}:CAND] com.tencent.mm.plugin.finder.extension.reddot.e1
18:34:59.351 [PU8071:Java.Field{holder: ApplicationInfo{24c6b9c com.tencent.mm}, fieldType: 2, fieldReturnType: Ljava/lang/String;, value: com.tencent.mm}:CAND] com.tencent.mm.plugin.finder.extension.reddot.e4
18:34:59.351 [PU8071:Java.Field{holder: ApplicationInfo{24c6b9c com.tencent.mm}, fieldType: 2, fieldReturnType: Ljava/lang/String;, value: com.tencent.mm}:CAND] com.tencent.mm.plugin.finder.extension.reddot.db
18:34:59.351 [PU8071:Java.Field{holder: ApplicationInfo{24c6b9c com.tencent.mm}, fieldType: 2, fieldReturnType: Ljava/lang/String;, value: com.tencent.mm}:CAND] com.tencent.mm.autogen.events.FinderGameRedDotEvent
18:34:59.352 [PU8071:Java.Field{holder: ApplicationInfo{24c6b9c com.tencent.mm}, fieldType: 2, fieldReturnType: Ljava/lang/String;, value: com.tencent.mm}:CAND] com.tencent.mm.plugin.finder.extension.reddot.f1
18:34:59.352 [PU8071:Java.Field{holder: ApplicationInfo{24c6b9c com.tencent.mm}, fieldType: 2, fieldReturnType: Ljava/lang/String;, value: com.tencent.mm}:CAND] com.tencent.mm.plugin.finder.extension.reddot.f2
18:34:59.353 [PU8071:Java.Field{holder: ApplicationInfo{24c6b9c com.tencent.mm}, fieldType: 2, fieldReturnType: Ljava/lang/String;, value: com.tencent.mm}:CAND] com.tencent.mm.plugin.finder.extension.reddot.f4
18:34:59.353 [PU8071:Java.Field{holder: ApplicationInfo{24c6b9c com.tencent.mm}, fieldType: 2, fieldReturnType: Ljava/lang/String;, value: com.tencent.mm}:CAND] com.tencent.mm.plugin.finder.extension.reddot.g0
18:34:59.353 [PU8071:Java.Field{holder: ApplicationInfo{24c6b9c com.tencent.mm}, fieldType: 2, fieldReturnType: Ljava/lang/String;, value: com.tencent.mm}:CAND] com.tencent.mm.plugin.finder.extension.reddot.g1
18:34:59.353 [PU8071:Java.Field{holder: ApplicationInfo{24c6b9c com.tencent.mm}, fieldType: 2, fieldReturnType: Ljava/lang/String;, value: com.tencent.mm}:CAND] com.tencent.mm.plugin.finder.extension.reddot.g2
18:34:59.353 [PU8071:Java.Field{holder: ApplicationInfo{24c6b9c com.tencent.mm}, fieldType: 2, fieldReturnType: Ljava/lang/String;, value: com.tencent.mm}:CAND] com.tencent.mm.plugin.finder.extension.reddot.g3
18:34:59.353 [PU8071:Java.Field{holder: ApplicationInfo{24c6b9c com.tencent.mm}, fieldType: 2, fieldReturnType: Ljava/lang/String;, value: com.tencent.mm}:CAND] com.tencent.mm.plugin.finder.extension.reddot.g4
18:34:59.353 [PU8071:Java.Field{holder: ApplicationInfo{24c6b9c com.tencent.mm}, fieldType: 2, fieldReturnType: Ljava/lang/String;, value: com.tencent.mm}:CAND] com.tencent.mm.plugin.finder.extension.reddot.g5
18:34:59.353 [PU8071:Java.Field{holder: ApplicationInfo{24c6b9c com.tencent.mm}, fieldType: 2, fieldReturnType: Ljava/lang/String;, value: com.tencent.mm}:CAND] com.tencent.mm.plugin.finder.extension.reddot.h0
18:34:59.353 [PU8071:Java.Field{holder: ApplicationInfo{24c6b9c com.tencent.mm}, fieldType: 2, fieldReturnType: Ljava/lang/String;, value: com.tencent.mm}:CAND] com.tencent.mm.plugin.finder.extension.reddot.h1
18:34:59.354 [PU8071:Java.Field{holder: ApplicationInfo{24c6b9c com.tencent.mm}, fieldType: 2, fieldReturnType: Ljava/lang/String;, value: com.tencent.mm}:CAND] com.tencent.mm.plugin.finder.extension.reddot.h4
18:34:59.354 [PU8071:Java.Field{holder: ApplicationInfo{24c6b9c com.tencent.mm}, fieldType: 2, fieldReturnType: Ljava/lang/String;, value: com.tencent.mm}:CAND] com.tencent.mm.plugin.finder.extension.reddot.h5
18:34:59.354 [PU8071:Java.Field{holder: ApplicationInfo{24c6b9c com.tencent.mm}, fieldType: 2, fieldReturnType: Ljava/lang/String;, value: com.tencent.mm}:CAND] com.tencent.mm.plugin.finder.extension.reddot.ga
18:34:59.354 [PU8071:Java.Field{holder: ApplicationInfo{24c6b9c com.tencent.mm}, fieldType: 2, fieldReturnType: Ljava/lang/String;, value: com.tencent.mm}:CAND] com.tencent.mm.plugin.finder.extension.reddot.gb
18:34:59.354 [PU8071:Java.Field{holder: ApplicationInfo{24c6b9c com.tencent.mm}, fieldType: 2, fieldReturnType: Ljava/lang/String;, value: com.tencent.mm}:CAND] com.tencent.mm.plugin.finder.extension.reddot.i1
18:34:59.354 [PU8071:Java.Field{holder: ApplicationInfo{24c6b9c com.tencent.mm}, fieldType: 2, fieldReturnType: Ljava/lang/String;, value: com.tencent.mm}:CAND] com.tencent.mm.plugin.finder.extension.reddot.i3
18:34:59.354 [PU8071:Java.Field{holder: ApplicationInfo{24c6b9c com.tencent.mm}, fieldType: 2, fieldReturnType: Ljava/lang/String;, value: com.tencent.mm}:CAND] com.tencent.mm.plugin.finder.extension.reddot.i4
18:34:59.354 [PU8071:Java.Field{holder: ApplicationInfo{24c6b9c com.tencent.mm}, fieldType: 2, fieldReturnType: Ljava/lang/String;, value: com.tencent.mm}:CAND] com.tencent.mm.plugin.finder.extension.reddot.i5
18:34:59.354 [PU8071:Java.Field{holder: ApplicationInfo{24c6b9c com.tencent.mm}, fieldType: 2, fieldReturnType: Ljava/lang/String;, value: com.tencent.mm}:CAND] com.tencent.mm.plugin.sns.ui.improve.component.unread.ImproveUnreadUIC
18:34:59.380 [PU8071:Java.Field{holder: ApplicationInfo{24c6b9c com.tencent.mm}, fieldType: 2, fieldReturnType: Ljava/lang/String;, value: com.tencent.mm}:CAND] com.tencent.mm.plugin.finder.extension.reddot.ha
18:34:59.380 [PU8071:Java.Field{holder: ApplicationInfo{24c6b9c com.tencent.mm}, fieldType: 2, fieldReturnType: Ljava/lang/String;, value: com.tencent.mm}:CAND] com.tencent.mm.plugin.finder.extension.reddot.hb
18:34:59.380 [PU8071:Java.Field{holder: ApplicationInfo{24c6b9c com.tencent.mm}, fieldType: 2, fieldReturnType: Ljava/lang/String;, value: com.tencent.mm}:CAND] com.tencent.mm.plugin.finder.extension.reddot.j1
18:34:59.385 [PU8071:Java.Field{holder: ApplicationInfo{24c6b9c com.tencent.mm}, fieldType: 2, fieldReturnType: Ljava/lang/String;, value: com.tencent.mm}:HOOK] j1 ×1
18:34:59.386 [PU8071:Java.Field{holder: ApplicationInfo{24c6b9c com.tencent.mm}, fieldType: 2, fieldReturnType: Ljava/lang/String;, value: com.tencent.mm}:CAND] com.tencent.mm.plugin.finder.extension.reddot.j7
18:34:59.386 [PU8071:Java.Field{holder: ApplicationInfo{24c6b9c com.tencent.mm}, fieldType: 2, fieldReturnType: Ljava/lang/String;, value: com.tencent.mm}:CAND] com.tencent.mm.plugin.finder.extension.reddot.k1
18:34:59.388 [PU8071:Java.Field{holder: ApplicationInfo{24c6b9c com.tencent.mm}, fieldType: 2, fieldReturnType: Ljava/lang/String;, value: com.tencent.mm}:CAND] com.tencent.mm.plugin.finder.extension.reddot.k2
18:34:59.388 [PU8071:Java.Field{holder: ApplicationInfo{24c6b9c com.tencent.mm}, fieldType: 2, fieldReturnType: Ljava/lang/String;, value: com.tencent.mm}:CAND] com.tencent.mm.plugin.finder.extension.reddot.k3
18:34:59.388 [PU8071:Java.Field{holder: ApplicationInfo{24c6b9c com.tencent.mm}, fieldType: 2, fieldReturnType: Ljava/lang/String;, value: com.tencent.mm}:CAND] com.tencent.mm.plugin.finder.extension.reddot.k4
18:34:59.388 [PU8071:Java.Field{holder: ApplicationInfo{24c6b9c com.tencent.mm}, fieldType: 2, fieldReturnType: Ljava/lang/String;, value: com.tencent.mm}:CAND] com.tencent.mm.plugin.finder.extension.reddot.k5
18:34:59.388 [PU8071:Java.Field{holder: ApplicationInfo{24c6b9c com.tencent.mm}, fieldType: 2, fieldReturnType: Ljava/lang/String;, value: com.tencent.mm}:CAND] com.tencent.mm.plugin.finder.extension.reddot.jb
18:34:59.388 [PU8071:Java.Field{holder: ApplicationInfo{24c6b9c com.tencent.mm}, fieldType: 2, fieldReturnType: Ljava/lang/String;, value: com.tencent.mm}:CAND] com.tencent.mm.plugin.finder.extension.reddot.l1
18:34:59.391 [PU8071:Java.Field{holder: ApplicationInfo{24c6b9c com.tencent.mm}, fieldType: 2, fieldReturnType: Ljava/lang/String;, value: com.tencent.mm}:CAND] com.tencent.mm.plugin.finder.extension.reddot.l2
18:34:59.391 [PU8071:Java.Field{holder: ApplicationInfo{24c6b9c com.tencent.mm}, fieldType: 2, fieldReturnType: Ljava/lang/String;, value: com.tencent.mm}:CAND] com.tencent.mm.plugin.finder.extension.reddot.l4
18:34:59.391 [PU8071:Java.Field{holder: ApplicationInfo{24c6b9c com.tencent.mm}, fieldType: 2, fieldReturnType: Ljava/lang/String;, value: com.tencent.mm}:CAND] com.tencent.mm.plugin.finder.extension.reddot.l5
18:34:59.391 [PU8071:Java.Field{holder: ApplicationInfo{24c6b9c com.tencent.mm}, fieldType: 2, fieldReturnType: Ljava/lang/String;, value: com.tencent.mm}:CAND] com.tencent.mm.plugin.finder.extension.reddot.l7
18:34:59.391 [PU8071:Java.Field{holder: ApplicationInfo{24c6b9c com.tencent.mm}, fieldType: 2, fieldReturnType: Ljava/lang/String;, value: com.tencent.mm}:CAND] com.tencent.mm.plugin.finder.extension.reddot.ka
18:34:59.391 [PU8071:Java.Field{holder: ApplicationInfo{24c6b9c com.tencent.mm}, fieldType: 2, fieldReturnType: Ljava/lang/String;, value: com.tencent.mm}:CAND] com.tencent.mm.plugin.finder.extension.reddot.m0
18:34:59.391 [PU8071:Java.Field{holder: ApplicationInfo{24c6b9c com.tencent.mm}, fieldType: 2, fieldReturnType: Ljava/lang/String;, value: com.tencent.mm}:CAND] com.tencent.mm.plugin.finder.extension.reddot.m1
18:34:59.391 [PU8071:Java.Field{holder: ApplicationInfo{24c6b9c com.tencent.mm}, fieldType: 2, fieldReturnType: Ljava/lang/String;, value: com.tencent.mm}:CAND] com.tencent.mm.plugin.finder.extension.reddot.m2
18:34:59.391 [PU8071:Java.Field{holder: ApplicationInfo{24c6b9c com.tencent.mm}, fieldType: 2, fieldReturnType: Ljava/lang/String;, value: com.tencent.mm}:CAND] com.tencent.mm.plugin.finder.extension.reddot.m6
18:34:59.391 [PU8071:Java.Field{holder: ApplicationInfo{24c6b9c com.tencent.mm}, fieldType: 2, fieldReturnType: Ljava/lang/String;, value: com.tencent.mm}:CAND] com.tencent.mm.plugin.finder.extension.reddot.m7
18:34:59.391 [PU8071:Java.Field{holder: ApplicationInfo{24c6b9c com.tencent.mm}, fieldType: 2, fieldReturnType: Ljava/lang/String;, value: com.tencent.mm}:CAND] com.tencent.mm.plugin.finder.extension.reddot.la
18:34:59.392 [PU8071:Java.Field{holder: ApplicationInfo{24c6b9c com.tencent.mm}, fieldType: 2, fieldReturnType: Ljava/lang/String;, value: com.tencent.mm}:CAND] com.tencent.mm.autogen.events.FindMoreFriendEntryRedDotEvent
18:34:59.392 [PU8071:Java.Field{holder: ApplicationInfo{24c6b9c com.tencent.mm}, fieldType: 2, fieldReturnType: Ljava/lang/String;, value: com.tencent.mm}:CAND] com.tencent.mm.plugin.finder.extension.reddot.n1
18:34:59.392 [PU8071:Java.Field{holder: ApplicationInfo{24c6b9c com.tencent.mm}, fieldType: 2, fieldReturnType: Ljava/lang/String;, value: com.tencent.mm}:CAND] com.tencent.mm.plugin.finder.extension.reddot.n2
18:34:59.392 [PU8071:Java.Field{holder: ApplicationInfo{24c6b9c com.tencent.mm}, fieldType: 2, fieldReturnType: Ljava/lang/String;, value: com.tencent.mm}:CAND] com.tencent.mm.plugin.finder.extension.reddot.n4
18:34:59.392 [PU8071:Java.Field{holder: ApplicationInfo{24c6b9c com.tencent.mm}, fieldType: 2, fieldReturnType: Ljava/lang/String;, value: com.tencent.mm}:CAND] com.tencent.mm.plugin.finder.extension.reddot.n5
18:34:59.392 [PU8071:Java.Field{holder: ApplicationInfo{24c6b9c com.tencent.mm}, fieldType: 2, fieldReturnType: Ljava/lang/String;, value: com.tencent.mm}:CAND] com.tencent.mm.protocal.protobuf.FinderJumpInfoRedDot
18:34:59.392 [PU8071:Java.Field{holder: ApplicationInfo{24c6b9c com.tencent.mm}, fieldType: 2, fieldReturnType: Ljava/lang/String;, value: com.tencent.mm}:CAND] com.tencent.mm.plugin.finder.extension.reddot.ma
18:34:59.392 [PU8071:Java.Field{holder: ApplicationInfo{24c6b9c com.tencent.mm}, fieldType: 2, fieldReturnType: Ljava/lang/String;, value: com.tencent.mm}:CAND] com.tencent.mm.plugin.finder.extension.reddot.FinderRedDotExpiredHandler$mainUiIndexChangeListener$1
18:34:59.392 [PU8071:Java.Field{holder: ApplicationInfo{24c6b9c com.tencent.mm}, fieldType: 2, fieldReturnType: Ljava/lang/String;, value: com.tencent.mm}:CAND] com.tencent.mm.plugin.finder.extension.reddot.o1
18:34:59.392 [PU8071:Java.Field{holder: ApplicationInfo{24c6b9c com.tencent.mm}, fieldType: 2, fieldReturnType: Ljava/lang/String;, value: com.tencent.mm}:CAND] com.tencent.mm.plugin.finder.extension.reddot.o2
18:34:59.393 [PU8071:Java.Field{holder: ApplicationInfo{24c6b9c com.tencent.mm}, fieldType: 2, fieldReturnType: Ljava/lang/String;, value: com.tencent.mm}:CAND] com.tencent.mm.plugin.finder.extension.reddot.o4
18:34:59.393 [PU8071:Java.Field{holder: ApplicationInfo{24c6b9c com.tencent.mm}, fieldType: 2, fieldReturnType: Ljava/lang/String;, value: com.tencent.mm}:CAND] com.tencent.mm.plugin.finder.extension.reddot.o5
18:34:59.393 [PU8071:Java.Field{holder: ApplicationInfo{24c6b9c com.tencent.mm}, fieldType: 2, fieldReturnType: Ljava/lang/String;, value: com.tencent.mm}:CAND] com.tencent.mm.plugin.finder.extension.reddot.o6
18:34:59.393 [PU8071:Java.Field{holder: ApplicationInfo{24c6b9c com.tencent.mm}, fieldType: 2, fieldReturnType: Ljava/lang/String;, value: com.tencent.mm}:CAND] com.tencent.mm.plugin.finder.extension.reddot.na
18:34:59.393 [PU8071:Java.Field{holder: ApplicationInfo{24c6b9c com.tencent.mm}, fieldType: 2, fieldReturnType: Ljava/lang/String;, value: com.tencent.mm}:CAND] com.tencent.mm.plugin.finder.extension.reddot.p1
18:34:59.393 [PU8071:Java.Field{holder: ApplicationInfo{24c6b9c com.tencent.mm}, fieldType: 2, fieldReturnType: Ljava/lang/String;, value: com.tencent.mm}:CAND] com.tencent.mm.plugin.finder.extension.reddot.p2
18:34:59.393 [PU8071:Java.Field{holder: ApplicationInfo{24c6b9c com.tencent.mm}, fieldType: 2, fieldReturnType: Ljava/lang/String;, value: com.tencent.mm}:CAND] com.tencent.mm.plugin.finder.extension.reddot.p4
18:34:59.393 [PU8071:Java.Field{holder: ApplicationInfo{24c6b9c com.tencent.mm}, fieldType: 2, fieldReturnType: Ljava/lang/String;, value: com.tencent.mm}:CAND] com.tencent.mm.plugin.finder.extension.reddot.p5
18:34:59.393 [PU8071:Java.Field{holder: ApplicationInfo{24c6b9c com.tencent.mm}, fieldType: 2, fieldReturnType: Ljava/lang/String;, value: com.tencent.mm}:CAND] com.tencent.mm.plugin.finder.extension.reddot.p7
18:34:59.393 [PU8071:Java.Field{holder: ApplicationInfo{24c6b9c com.tencent.mm}, fieldType: 2, fieldReturnType: Ljava/lang/String;, value: com.tencent.mm}:CAND] com.tencent.mm.plugin.finder.extension.reddot.oa
18:34:59.394 [PU8071:Java.Field{holder: ApplicationInfo{24c6b9c com.tencent.mm}, fieldType: 2, fieldReturnType: Ljava/lang/String;, value: com.tencent.mm}:CAND] com.tencent.mm.plugin.finder.extension.reddot.q1
18:34:59.394 [PU8071:Java.Field{holder: ApplicationInfo{24c6b9c com.tencent.mm}, fieldType: 2, fieldReturnType: Ljava/lang/String;, value: com.tencent.mm}:CAND] com.tencent.mm.plugin.finder.extension.reddot.q2
18:34:59.394 [PU8071:Java.Field{holder: ApplicationInfo{24c6b9c com.tencent.mm}, fieldType: 2, fieldReturnType: Ljava/lang/String;, value: com.tencent.mm}:CAND] com.tencent.mm.plugin.finder.extension.reddot.q3
18:34:59.394 [PU8071:Java.Field{holder: ApplicationInfo{24c6b9c com.tencent.mm}, fieldType: 2, fieldReturnType: Ljava/lang/String;, value: com.tencent.mm}:CAND] com.tencent.mm.plugin.finder.extension.reddot.q5
18:34:59.394 [PU8071:Java.Field{holder: ApplicationInfo{24c6b9c com.tencent.mm}, fieldType: 2, fieldReturnType: Ljava/lang/String;, value: com.tencent.mm}:CAND] com.tencent.mm.plugin.finder.extension.reddot.q6
18:34:59.394 [PU8071:Java.Field{holder: ApplicationInfo{24c6b9c com.tencent.mm}, fieldType: 2, fieldReturnType: Ljava/lang/String;, value: com.tencent.mm}:CAND] com.tencent.mm.plugin.finder.extension.reddot.q7
18:34:59.394 [PU8071:Java.Field{holder: ApplicationInfo{24c6b9c com.tencent.mm}, fieldType: 2, fieldReturnType: Ljava/lang/String;, value: com.tencent.mm}:CAND] com.tencent.mm.plugin.finder.extension.reddot.pa
18:34:59.394 [PU8071:Java.Field{holder: ApplicationInfo{24c6b9c com.tencent.mm}, fieldType: 2, fieldReturnType: Ljava/lang/String;, value: com.tencent.mm}:CAND] com.tencent.mm.autogen.events.AppBrandGetServiceUnreadCountEvent
18:34:59.394 [PU8071:Java.Field{holder: ApplicationInfo{24c6b9c com.tencent.mm}, fieldType: 2, fieldReturnType: Ljava/lang/String;, value: com.tencent.mm}:CAND] com.tencent.mm.plugin.finder.extension.reddot.pb
18:34:59.394 [PU8071:Java.Field{holder: ApplicationInfo{24c6b9c com.tencent.mm}, fieldType: 2, fieldReturnType: Ljava/lang/String;, value: com.tencent.mm}:CAND] com.tencent.mm.autogen.mmdata.rpt.FinderRedDotStruct
18:34:59.395 [PU8071:Java.Field{holder: ApplicationInfo{24c6b9c com.tencent.mm}, fieldType: 2, fieldReturnType: Ljava/lang/String;, value: com.tencent.mm}:CAND] com.tencent.mm.repairer.config.search.RepairerConfigWebSearchCommonSyncRedDot
18:34:59.395 [PU8071:Java.Field{holder: ApplicationInfo{24c6b9c com.tencent.mm}, fieldType: 2, fieldReturnType: Ljava/lang/String;, value: com.tencent.mm}:CAND] com.tencent.mm.plugin.finder.extension.reddot.r0
18:34:59.395 [PU8071:Java.Field{holder: ApplicationInfo{24c6b9c com.tencent.mm}, fieldType: 2, fieldReturnType: Ljava/lang/String;, value: com.tencent.mm}:CAND] com.tencent.mm.plugin.finder.extension.reddot.r2
18:34:59.395 [PU8071:Java.Field{holder: ApplicationInfo{24c6b9c com.tencent.mm}, fieldType: 2, fieldReturnType: Ljava/lang/String;, value: com.tencent.mm}:CAND] com.tencent.mm.plugin.finder.extension.reddot.r5
18:34:59.395 [PU8071:Java.Field{holder: ApplicationInfo{24c6b9c com.tencent.mm}, fieldType: 2, fieldReturnType: Ljava/lang/String;, value: com.tencent.mm}:CAND] com.tencent.mm.plugin.finder.extension.reddot.r6
18:34:59.395 [PU8071:Java.Field{holder: ApplicationInfo{24c6b9c com.tencent.mm}, fieldType: 2, fieldReturnType: Ljava/lang/String;, value: com.tencent.mm}:CAND] com.tencent.mm.plugin.finder.extension.reddot.qa
18:34:59.395 [PU8071:Java.Field{holder: ApplicationInfo{24c6b9c com.tencent.mm}, fieldType: 2, fieldReturnType: Ljava/lang/String;, value: com.tencent.mm}:CAND] com.tencent.mm.plugin.finder.extension.reddot.s2
18:34:59.395 [PU8071:Java.Field{holder: ApplicationInfo{24c6b9c com.tencent.mm}, fieldType: 2, fieldReturnType: Ljava/lang/String;, value: com.tencent.mm}:CAND] com.tencent.mm.plugin.finder.extension.reddot.s3
18:34:59.395 [PU8071:Java.Field{holder: ApplicationInfo{24c6b9c com.tencent.mm}, fieldType: 2, fieldReturnType: Ljava/lang/String;, value: com.tencent.mm}:CAND] com.tencent.mm.plugin.finder.extension.reddot.s4
18:34:59.396 [PU8071:Java.Field{holder: ApplicationInfo{24c6b9c com.tencent.mm}, fieldType: 2, fieldReturnType: Ljava/lang/String;, value: com.tencent.mm}:CAND] com.tencent.mm.plugin.finder.extension.reddot.s5
18:34:59.396 [PU8071:Java.Field{holder: ApplicationInfo{24c6b9c com.tencent.mm}, fieldType: 2, fieldReturnType: Ljava/lang/String;, value: com.tencent.mm}:CAND] com.tencent.mm.plugin.finder.extension.reddot.s6
18:34:59.396 [PU8071:Java.Field{holder: ApplicationInfo{24c6b9c com.tencent.mm}, fieldType: 2, fieldReturnType: Ljava/lang/String;, value: com.tencent.mm}:CAND] com.tencent.mm.plugin.finder.extension.reddot.s7
18:34:59.396 [PU8071:Java.Field{holder: ApplicationInfo{24c6b9c com.tencent.mm}, fieldType: 2, fieldReturnType: Ljava/lang/String;, value: com.tencent.mm}:CAND] com.tencent.mm.autogen.events.WeChatTabRedDotEvent
18:34:59.396 [PU8071:Java.Field{holder: ApplicationInfo{24c6b9c com.tencent.mm}, fieldType: 2, fieldReturnType: Ljava/lang/String;, value: com.tencent.mm}:CAND] com.tencent.mm.plugin.finder.extension.reddot.rb
18:34:59.396 [PU8071:Java.Field{holder: ApplicationInfo{24c6b9c com.tencent.mm}, fieldType: 2, fieldReturnType: Ljava/lang/String;, value: com.tencent.mm}:CAND] com.tencent.mm.plugin.finder.extension.reddot.t0
18:34:59.396 [PU8071:Java.Field{holder: ApplicationInfo{24c6b9c com.tencent.mm}, fieldType: 2, fieldReturnType: Ljava/lang/String;, value: com.tencent.mm}:CAND] com.tencent.mm.plugin.finder.extension.reddot.t1
18:34:59.396 [PU8071:Java.Field{holder: ApplicationInfo{24c6b9c com.tencent.mm}, fieldType: 2, fieldReturnType: Ljava/lang/String;, value: com.tencent.mm}:CAND] com.tencent.mm.plugin.finder.extension.reddot.t2
18:34:59.396 [PU8071:Java.Field{holder: ApplicationInfo{24c6b9c com.tencent.mm}, fieldType: 2, fieldReturnType: Ljava/lang/String;, value: com.tencent.mm}:CAND] com.tencent.mm.plugin.finder.extension.reddot.t3
18:34:59.399 [PU8071:Java.Field{holder: ApplicationInfo{24c6b9c com.tencent.mm}, fieldType: 2, fieldReturnType: Ljava/lang/String;, value: com.tencent.mm}:CAND] com.tencent.mm.plugin.finder.extension.reddot.t4
18:34:59.399 [PU8071:Java.Field{holder: ApplicationInfo{24c6b9c com.tencent.mm}, fieldType: 2, fieldReturnType: Ljava/lang/String;, value: com.tencent.mm}:CAND] com.tencent.mm.plugin.finder.extension.reddot.t5
18:34:59.399 [PU8071:Java.Field{holder: ApplicationInfo{24c6b9c com.tencent.mm}, fieldType: 2, fieldReturnType: Ljava/lang/String;, value: com.tencent.mm}:CAND] com.tencent.mm.plugin.finder.extension.reddot.t7
18:34:59.399 [PU8071:Java.Field{holder: ApplicationInfo{24c6b9c com.tencent.mm}, fieldType: 2, fieldReturnType: Ljava/lang/String;, value: com.tencent.mm}:CAND] com.tencent.mm.autogen.events.AppBrandResetAllServiceUnreadCountEvent
18:34:59.400 [PU8071:Java.Field{holder: ApplicationInfo{24c6b9c com.tencent.mm}, fieldType: 2, fieldReturnType: Ljava/lang/String;, value: com.tencent.mm}:CAND] com.tencent.mm.plugin.finder.extension.reddot.sb
18:34:59.400 [PU8071:Java.Field{holder: ApplicationInfo{24c6b9c com.tencent.mm}, fieldType: 2, fieldReturnType: Ljava/lang/String;, value: com.tencent.mm}:CAND] com.tencent.mm.plugin.finder.extension.reddot.u1
18:34:59.400 [PU8071:Java.Field{holder: ApplicationInfo{24c6b9c com.tencent.mm}, fieldType: 2, fieldReturnType: Ljava/lang/String;, value: com.tencent.mm}:CAND] com.tencent.mm.plugin.finder.extension.reddot.u2
18:34:59.400 [PU8071:Java.Field{holder: ApplicationInfo{24c6b9c com.tencent.mm}, fieldType: 2, fieldReturnType: Ljava/lang/String;, value: com.tencent.mm}:CAND] com.tencent.mm.plugin.finder.extension.reddot.u3
18:34:59.400 [PU8071:Java.Field{holder: ApplicationInfo{24c6b9c com.tencent.mm}, fieldType: 2, fieldReturnType: Ljava/lang/String;, value: com.tencent.mm}:CAND] com.tencent.mm.autogen.events.FinderRedDotEraseEvent
18:34:59.400 [PU8071:Java.Field{holder: ApplicationInfo{24c6b9c com.tencent.mm}, fieldType: 2, fieldReturnType: Ljava/lang/String;, value: com.tencent.mm}:CAND] com.tencent.mm.plugin.finder.extension.reddot.u4
18:34:59.400 [PU8071:Java.Field{holder: ApplicationInfo{24c6b9c com.tencent.mm}, fieldType: 2, fieldReturnType: Ljava/lang/String;, value: com.tencent.mm}:CAND] com.tencent.mm.plugin.finder.extension.reddot.u5
18:34:59.400 [PU8071:Java.Field{holder: ApplicationInfo{24c6b9c com.tencent.mm}, fieldType: 2, fieldReturnType: Ljava/lang/String;, value: com.tencent.mm}:CAND] com.tencent.mm.plugin.finder.extension.reddot.u6
18:34:59.400 [PU8071:Java.Field{holder: ApplicationInfo{24c6b9c com.tencent.mm}, fieldType: 2, fieldReturnType: Ljava/lang/String;, value: com.tencent.mm}:CAND] com.tencent.mm.plugin.finder.extension.reddot.u7
18:34:59.400 [PU8071:Java.Field{holder: ApplicationInfo{24c6b9c com.tencent.mm}, fieldType: 2, fieldReturnType: Ljava/lang/String;, value: com.tencent.mm}:CAND] com.tencent.mm.plugin.finder.extension.reddot.ta
18:34:59.401 [PU8071:Java.Field{holder: ApplicationInfo{24c6b9c com.tencent.mm}, fieldType: 2, fieldReturnType: Ljava/lang/String;, value: com.tencent.mm}:CAND] com.tencent.mm.plugin.finder.extension.reddot.v1
18:34:59.401 [PU8071:Java.Field{holder: ApplicationInfo{24c6b9c com.tencent.mm}, fieldType: 2, fieldReturnType: Ljava/lang/String;, value: com.tencent.mm}:CAND] com.tencent.mm.plugin.finder.extension.reddot.v2
18:34:59.401 [PU8071:Java.Field{holder: ApplicationInfo{24c6b9c com.tencent.mm}, fieldType: 2, fieldReturnType: Ljava/lang/String;, value: com.tencent.mm}:CAND] com.tencent.mm.plugin.finder.extension.reddot.v3
18:34:59.401 [PU8071:Java.Field{holder: ApplicationInfo{24c6b9c com.tencent.mm}, fieldType: 2, fieldReturnType: Ljava/lang/String;, value: com.tencent.mm}:CAND] com.tencent.mm.plugin.finder.extension.reddot.v6
18:34:59.401 [PU8071:Java.Field{holder: ApplicationInfo{24c6b9c com.tencent.mm}, fieldType: 2, fieldReturnType: Ljava/lang/String;, value: com.tencent.mm}:CAND] com.tencent.mm.plugin.finder.extension.reddot.ua
18:34:59.401 [PU8071:Java.Field{holder: ApplicationInfo{24c6b9c com.tencent.mm}, fieldType: 2, fieldReturnType: Ljava/lang/String;, value: com.tencent.mm}:CAND] com.tencent.mm.ui.MainTabUnreadMgr$2
18:34:59.401 [PU8071:Java.Field{holder: ApplicationInfo{24c6b9c com.tencent.mm}, fieldType: 2, fieldReturnType: Ljava/lang/String;, value: com.tencent.mm}:CAND] com.tencent.mm.ui.MainTabUnreadMgr$3
18:34:59.401 [PU8071:Java.Field{holder: ApplicationInfo{24c6b9c com.tencent.mm}, fieldType: 2, fieldReturnType: Ljava/lang/String;, value: com.tencent.mm}:CAND] com.tencent.mm.plugin.finder.extension.reddot.w1
18:34:59.401 [PU8071:Java.Field{holder: ApplicationInfo{24c6b9c com.tencent.mm}, fieldType: 2, fieldReturnType: Ljava/lang/String;, value: com.tencent.mm}:CAND] com.tencent.mm.plugin.finder.extension.reddot.w2
18:34:59.401 [PU8071:Java.Field{holder: ApplicationInfo{24c6b9c com.tencent.mm}, fieldType: 2, fieldReturnType: Ljava/lang/String;, value: com.tencent.mm}:CAND] com.tencent.mm.plugin.finder.extension.reddot.w3
18:34:59.402 [PU8071:Java.Field{holder: ApplicationInfo{24c6b9c com.tencent.mm}, fieldType: 2, fieldReturnType: Ljava/lang/String;, value: com.tencent.mm}:CAND] com.tencent.mm.plugin.finder.extension.reddot.w4
18:34:59.402 [PU8071:Java.Field{holder: ApplicationInfo{24c6b9c com.tencent.mm}, fieldType: 2, fieldReturnType: Ljava/lang/String;, value: com.tencent.mm}:CAND] com.tencent.mm.plugin.finder.extension.reddot.w6
18:34:59.402 [PU8071:Java.Field{holder: ApplicationInfo{24c6b9c com.tencent.mm}, fieldType: 2, fieldReturnType: Ljava/lang/String;, value: com.tencent.mm}:CAND] com.tencent.mm.plugin.finder.extension.reddot.x1
18:34:59.402 [PU8071:Java.Field{holder: ApplicationInfo{24c6b9c com.tencent.mm}, fieldType: 2, fieldReturnType: Ljava/lang/String;, value: com.tencent.mm}:CAND] com.tencent.mm.plugin.finder.extension.reddot.x2
18:34:59.402 [PU8071:Java.Field{holder: ApplicationInfo{24c6b9c com.tencent.mm}, fieldType: 2, fieldReturnType: Ljava/lang/String;, value: com.tencent.mm}:CAND] com.tencent.mm.plugin.finder.extension.reddot.x3
18:34:59.402 [PU8071:Java.Field{holder: ApplicationInfo{24c6b9c com.tencent.mm}, fieldType: 2, fieldReturnType: Ljava/lang/String;, value: com.tencent.mm}:CAND] com.tencent.mm.plugin.finder.extension.reddot.x4
18:34:59.402 [PU8071:Java.Field{holder: ApplicationInfo{24c6b9c com.tencent.mm}, fieldType: 2, fieldReturnType: Ljava/lang/String;, value: com.tencent.mm}:CAND] com.tencent.mm.plugin.finder.extension.reddot.x5
18:34:59.402 [PU8071:Java.Field{holder: ApplicationInfo{24c6b9c com.tencent.mm}, fieldType: 2, fieldReturnType: Ljava/lang/String;, value: com.tencent.mm}:CAND] com.tencent.mm.plugin.finder.extension.reddot.x6
18:34:59.402 [PU8071:Java.Field{holder: ApplicationInfo{24c6b9c com.tencent.mm}, fieldType: 2, fieldReturnType: Ljava/lang/String;, value: com.tencent.mm}:CAND] com.tencent.mm.plugin.finder.extension.reddot.wa
18:34:59.402 [PU8071:Java.Field{holder: ApplicationInfo{24c6b9c com.tencent.mm}, fieldType: 2, fieldReturnType: Ljava/lang/String;, value: com.tencent.mm}:CAND] com.tencent.mm.ui.MainTabUI$$a
18:34:59.403 [PU8071:Java.Field{holder: ApplicationInfo{24c6b9c com.tencent.mm}, fieldType: 2, fieldReturnType: Ljava/lang/String;, value: com.tencent.mm}:CAND] com.tencent.mm.plugin.finder.extension.reddot.y0
18:34:59.403 [PU8071:Java.Field{holder: ApplicationInfo{24c6b9c com.tencent.mm}, fieldType: 2, fieldReturnType: Ljava/lang/String;, value: com.tencent.mm}:CAND] com.tencent.mm.ui.MainTabUI$$b
18:34:59.403 [PU8071:Java.Field{holder: ApplicationInfo{24c6b9c com.tencent.mm}, fieldType: 2, fieldReturnType: Ljava/lang/String;, value: com.tencent.mm}:CAND] com.tencent.mm.plugin.finder.extension.reddot.y1
18:34:59.403 [PU8071:Java.Field{holder: ApplicationInfo{24c6b9c com.tencent.mm}, fieldType: 2, fieldReturnType: Ljava/lang/String;, value: com.tencent.mm}:CAND] com.tencent.mm.ui.MainTabUI$$c
18:34:59.403 [PU8071:Java.Field{holder: ApplicationInfo{24c6b9c com.tencent.mm}, fieldType: 2, fieldReturnType: Ljava/lang/String;, value: com.tencent.mm}:CAND] com.tencent.mm.plugin.finder.extension.reddot.y2
18:34:59.406 [PU8071:Java.Field{holder: ApplicationInfo{24c6b9c com.tencent.mm}, fieldType: 2, fieldReturnType: Ljava/lang/String;, value: com.tencent.mm}:CAND] com.tencent.mm.plugin.finder.extension.reddot.y3
18:34:59.406 [PU8071:Java.Field{holder: ApplicationInfo{24c6b9c com.tencent.mm}, fieldType: 2, fieldReturnType: Ljava/lang/String;, value: com.tencent.mm}:CAND] com.tencent.mm.plugin.finder.extension.reddot.y4
18:34:59.406 [PU8071:Java.Field{holder: ApplicationInfo{24c6b9c com.tencent.mm}, fieldType: 2, fieldReturnType: Ljava/lang/String;, value: com.tencent.mm}:CAND] com.tencent.mm.plugin.finder.extension.reddot.y5
18:34:59.407 [PU8071:Java.Field{holder: ApplicationInfo{24c6b9c com.tencent.mm}, fieldType: 2, fieldReturnType: Ljava/lang/String;, value: com.tencent.mm}:CAND] com.tencent.mm.plugin.finder.extension.reddot.y6
18:34:59.407 [PU8071:Java.Field{holder: ApplicationInfo{24c6b9c com.tencent.mm}, fieldType: 2, fieldReturnType: Ljava/lang/String;, value: com.tencent.mm}:CAND] com.tencent.mm.plugin.finder.extension.reddot.y7
18:34:59.407 [PU8071:Java.Field{holder: ApplicationInfo{24c6b9c com.tencent.mm}, fieldType: 2, fieldReturnType: Ljava/lang/String;, value: com.tencent.mm}:CAND] com.tencent.mm.plugin.finder.extension.reddot.y8
18:34:59.407 [PU8071:Java.Field{holder: ApplicationInfo{24c6b9c com.tencent.mm}, fieldType: 2, fieldReturnType: Ljava/lang/String;, value: com.tencent.mm}:CAND] com.tencent.mm.plugin.finder.extension.reddot.y9
18:34:59.407 [PU8071:Java.Field{holder: ApplicationInfo{24c6b9c com.tencent.mm}, fieldType: 2, fieldReturnType: Ljava/lang/String;, value: com.tencent.mm}:CAND] com.tencent.mm.plugin.finder.extension.reddot.xa
18:34:59.407 [PU8071:Java.Field{holder: ApplicationInfo{24c6b9c com.tencent.mm}, fieldType: 2, fieldReturnType: Ljava/lang/String;, value: com.tencent.mm}:CAND] com.tencent.mm.plugin.finder.extension.reddot.z2
18:34:59.416 [PU8071:Java.Field{holder: ApplicationInfo{24c6b9c com.tencent.mm}, fieldType: 2, fieldReturnType: Ljava/lang/String;, value: com.tencent.mm}:CAND] com.tencent.mm.plugin.finder.extension.reddot.z3
18:34:59.416 [PU8071:Java.Field{holder: ApplicationInfo{24c6b9c com.tencent.mm}, fieldType: 2, fieldReturnType: Ljava/lang/String;, value: com.tencent.mm}:CAND] com.tencent.mm.plugin.finder.extension.reddot.z5
18:34:59.416 [PU8071:Java.Field{holder: ApplicationInfo{24c6b9c com.tencent.mm}, fieldType: 2, fieldReturnType: Ljava/lang/String;, value: com.tencent.mm}:CAND] com.tencent.mm.plugin.finder.extension.reddot.z6
18:34:59.416 [PU8071:Java.Field{holder: ApplicationInfo{24c6b9c com.tencent.mm}, fieldType: 2, fieldReturnType: Ljava/lang/String;, value: com.tencent.mm}:CAND] com.tencent.mm.plugin.finder.extension.reddot.z9
18:34:59.416 [PU8071:Java.Field{holder: ApplicationInfo{24c6b9c com.tencent.mm}, fieldType: 2, fieldReturnType: Ljava/lang/String;, value: com.tencent.mm}:CAND] com.tencent.mm.ui.conversation.ConversationUnreadHelper$1
18:34:59.417 [PU8071:Java.Field{holder: ApplicationInfo{24c6b9c com.tencent.mm}, fieldType: 2, fieldReturnType: Ljava/lang/String;, value: com.tencent.mm}:CAND] com.tencent.mm.ui.LauncherUI$$a
18:34:59.417 [PU8071:Java.Field{holder: ApplicationInfo{24c6b9c com.tencent.mm}, fieldType: 2, fieldReturnType: Ljava/lang/String;, value: com.tencent.mm}:CAND] com.tencent.mm.ui.MainTabUnreadMgr$10
18:34:59.417 [PU8071:Java.Field{holder: ApplicationInfo{24c6b9c com.tencent.mm}, fieldType: 2, fieldReturnType: Ljava/lang/String;, value: com.tencent.mm}:CAND] com.tencent.mm.plugin.finder.extension.reddot.FinderRedDotTrigger$1
18:34:59.417 [PU8071:Java.Field{holder: ApplicationInfo{24c6b9c com.tencent.mm}, fieldType: 2, fieldReturnType: Ljava/lang/String;, value: com.tencent.mm}:CAND] com.tencent.mm.plugin.finder.extension.reddot.FinderRedDotTrigger$2
18:34:59.417 [PU8071:Java.Field{holder: ApplicationInfo{24c6b9c com.tencent.mm}, fieldType: 2, fieldReturnType: Ljava/lang/String;, value: com.tencent.mm}:CAND] com.tencent.mm.plugin.finder.extension.reddot.FinderNewDiscoveryRedDotService$chattingExitListener$1
18:34:59.417 [PU8071:Java.Field{holder: ApplicationInfo{24c6b9c com.tencent.mm}, fieldType: 2, fieldReturnType: Ljava/lang/String;, value: com.tencent.mm}:CAND] com.tencent.mm.plugin.finder.extension.reddot.DiscoveryFinderRedDotManager$mainUiIndexChangeListener$1
18:34:59.417 [PU8071:Java.Field{holder: ApplicationInfo{24c6b9c com.tencent.mm}, fieldType: 2, fieldReturnType: Ljava/lang/String;, value: com.tencent.mm}:CAND] com.tencent.mm.ui.LauncherUI
18:34:59.417 [PU8071:Java.Field{holder: ApplicationInfo{24c6b9c com.tencent.mm}, fieldType: 2, fieldReturnType: Ljava/lang/String;, value: com.tencent.mm}:CAND] com.tencent.mm.ui.LauncherUIBottomTabView$$a
18:34:59.417 [PU8071:Java.Field{holder: ApplicationInfo{24c6b9c com.tencent.mm}, fieldType: 2, fieldReturnType: Ljava/lang/String;, value: com.tencent.mm}:CAND] com.tencent.mm.autogen.events.GetMainTabUnReadCountEvent
18:34:59.417 [PU8071:Java.Field{holder: ApplicationInfo{24c6b9c com.tencent.mm}, fieldType: 2, fieldReturnType: Ljava/lang/String;, value: com.tencent.mm}:CAND] com.tencent.mm.ui.MainTabUI$1
18:34:59.418 [PU8071:Java.Field{holder: ApplicationInfo{24c6b9c com.tencent.mm}, fieldType: 2, fieldReturnType: Ljava/lang/String;, value: com.tencent.mm}:CAND] com.tencent.mm.ui.MainTabUI$2
18:34:59.418 [PU8071:Java.Field{holder: ApplicationInfo{24c6b9c com.tencent.mm}, fieldType: 2, fieldReturnType: Ljava/lang/String;, value: com.tencent.mm}:CAND] com.tencent.mm.ui.MainTabUI$3
18:34:59.418 [PU8071:Java.Field{holder: ApplicationInfo{24c6b9c com.tencent.mm}, fieldType: 2, fieldReturnType: Ljava/lang/String;, value: com.tencent.mm}:CAND] com.tencent.mm.plugin.sns.ui.improve.component.unread.ImproveUnreadUIC$clickUnreadBtnListener$1
18:34:59.421 [PU8071:Java.Field{holder: ApplicationInfo{24c6b9c com.tencent.mm}, fieldType: 2, fieldReturnType: Ljava/lang/String;, value: com.tencent.mm}:CAND] com.tencent.mm.plugin.sns.ui.improve.component.unread.ImproveUnreadTierView
18:34:59.434 [PU8071:Java.Field{holder: ApplicationInfo{24c6b9c com.tencent.mm}, fieldType: 2, fieldReturnType: Ljava/lang/String;, value: com.tencent.mm}:HOOK] ImproveUnreadTierView ×2
18:34:59.434 [PU8071:Java.Field{holder: ApplicationInfo{24c6b9c com.tencent.mm}, fieldType: 2, fieldReturnType: Ljava/lang/String;, value: com.tencent.mm}:CAND] com.tencent.mm.ui.LauncherUIBottomTabView
18:34:59.434 [PU8071:Java.Field{holder: ApplicationInfo{24c6b9c com.tencent.mm}, fieldType: 2, fieldReturnType: Ljava/lang/String;, value: com.tencent.mm}:CAND] com.tencent.mm.plugin.finder.view.FinderHomeTabRedDotTipsBubbleView
18:34:59.434 [PU8071:Java.Field{holder: ApplicationInfo{24c6b9c com.tencent.mm}, fieldType: 2, fieldReturnType: Ljava/lang/String;, value: com.tencent.mm}:CAND] com.tencent.mm.autogen.events.FinderRedDotExpirationEvent
18:34:59.434 [PU8071:Java.Field{holder: ApplicationInfo{24c6b9c com.tencent.mm}, fieldType: 2, fieldReturnType: Ljava/lang/String;, value: com.tencent.mm}:CAND] com.tencent.mm.plugin.finder.extension.reddot.FinderRedDotAvatarManager$homeUiTabChangeListener$1
18:34:59.434 [PU8071:Java.Field{holder: ApplicationInfo{24c6b9c com.tencent.mm}, fieldType: 2, fieldReturnType: Ljava/lang/String;, value: com.tencent.mm}:CAND] com.tencent.mm.ui.MainTabUI$TabsAdapter
18:34:59.434 [PU8071:Java.Field{holder: ApplicationInfo{24c6b9c com.tencent.mm}, fieldType: 2, fieldReturnType: Ljava/lang/String;, value: com.tencent.mm}:CAND] com.tencent.mm.autogen.mmdata.rpt.FinderSyncRedDotStruct
18:34:59.435 [PU8071:Java.Field{holder: ApplicationInfo{24c6b9c com.tencent.mm}, fieldType: 2, fieldReturnType: Ljava/lang/String;, value: com.tencent.mm}:CAND] com.tencent.mm.plugin.finder.extension.reddot.a
18:34:59.435 [PU8071:Java.Field{holder: ApplicationInfo{24c6b9c com.tencent.mm}, fieldType: 2, fieldReturnType: Ljava/lang/String;, value: com.tencent.mm}:CAND] com.tencent.mm.plugin.finder.extension.reddot.b
18:34:59.435 [PU8071:Java.Field{holder: ApplicationInfo{24c6b9c com.tencent.mm}, fieldType: 2, fieldReturnType: Ljava/lang/String;, value: com.tencent.mm}:CAND] com.tencent.mm.plugin.finder.extension.reddot.c
18:34:59.435 [PU8071:Java.Field{holder: ApplicationInfo{24c6b9c com.tencent.mm}, fieldType: 2, fieldReturnType: Ljava/lang/String;, value: com.tencent.mm}:CAND] com.tencent.mm.plugin.finder.extension.reddot.d
18:34:59.435 [PU8071:Java.Field{holder: ApplicationInfo{24c6b9c com.tencent.mm}, fieldType: 2, fieldReturnType: Ljava/lang/String;, value: com.tencent.mm}:CAND] com.tencent.mm.plugin.finder.extension.reddot.e
18:34:59.435 [PU8071:Java.Field{holder: ApplicationInfo{24c6b9c com.tencent.mm}, fieldType: 2, fieldReturnType: Ljava/lang/String;, value: com.tencent.mm}:CAND] com.tencent.mm.plugin.finder.extension.reddot.f
18:34:59.435 [PU8071:Java.Field{holder: ApplicationInfo{24c6b9c com.tencent.mm}, fieldType: 2, fieldReturnType: Ljava/lang/String;, value: com.tencent.mm}:CAND] com.tencent.mm.plugin.finder.extension.reddot.g
18:34:59.435 [PU8071:Java.Field{holder: ApplicationInfo{24c6b9c com.tencent.mm}, fieldType: 2, fieldReturnType: Ljava/lang/String;, value: com.tencent.mm}:CAND] com.tencent.mm.plugin.finder.extension.reddot.i
18:34:59.435 [PU8071:Java.Field{holder: ApplicationInfo{24c6b9c com.tencent.mm}, fieldType: 2, fieldReturnType: Ljava/lang/String;, value: com.tencent.mm}:CAND] com.tencent.mm.plugin.finder.extension.reddot.j
18:34:59.435 [PU8071:Java.Field{holder: ApplicationInfo{24c6b9c com.tencent.mm}, fieldType: 2, fieldReturnType: Ljava/lang/String;, value: com.tencent.mm}:CAND] com.tencent.mm.plugin.finder.extension.reddot.k
18:34:59.436 [PU8071:Java.Field{holder: ApplicationInfo{24c6b9c com.tencent.mm}, fieldType: 2, fieldReturnType: Ljava/lang/String;, value: com.tencent.mm}:CAND] com.tencent.mm.plugin.finder.extension.reddot.r
18:34:59.436 [PU8071:Java.Field{holder: ApplicationInfo{24c6b9c com.tencent.mm}, fieldType: 2, fieldReturnType: Ljava/lang/String;, value: com.tencent.mm}:CAND] com.tencent.mm.plugin.finder.extension.reddot.s
18:34:59.436 [PU8071:Java.Field{holder: ApplicationInfo{24c6b9c com.tencent.mm}, fieldType: 2, fieldReturnType: Ljava/lang/String;, value: com.tencent.mm}:CAND] com.tencent.mm.plugin.finder.extension.reddot.t
18:34:59.436 [PU8071:Java.Field{holder: ApplicationInfo{24c6b9c com.tencent.mm}, fieldType: 2, fieldReturnType: Ljava/lang/String;, value: com.tencent.mm}:CAND] com.tencent.mm.plugin.finder.extension.reddot.u
18:34:59.436 [PU8071:Java.Field{holder: ApplicationInfo{24c6b9c com.tencent.mm}, fieldType: 2, fieldReturnType: Ljava/lang/String;, value: com.tencent.mm}:CAND] com.tencent.mm.plugin.finder.extension.reddot.v
18:34:59.436 [PU8071:Java.Field{holder: ApplicationInfo{24c6b9c com.tencent.mm}, fieldType: 2, fieldReturnType: Ljava/lang/String;, value: com.tencent.mm}:CAND] com.tencent.mm.plugin.finder.extension.reddot.w
18:34:59.436 [PU8071:Java.Field{holder: ApplicationInfo{24c6b9c com.tencent.mm}, fieldType: 2, fieldReturnType: Ljava/lang/String;, value: com.tencent.mm}:CAND] com.tencent.mm.plugin.finder.extension.reddot.x
18:34:59.436 [PU8071:Java.Field{holder: ApplicationInfo{24c6b9c com.tencent.mm}, fieldType: 2, fieldReturnType: Ljava/lang/String;, value: com.tencent.mm}:CAND] com.tencent.mm.repairer.config.ting.RepairerConfigTingDisableRedDotSyncFrequencyControl
18:34:59.436 [PU8071:Java.Field{holder: ApplicationInfo{24c6b9c com.tencent.mm}, fieldType: 2, fieldReturnType: Ljava/lang/String;, value: com.tencent.mm}:CAND] com.tencent.mm.autogen.events.UnreadChangeEvent
18:34:59.437 [PU8071:Java.Field{holder: ApplicationInfo{24c6b9c com.tencent.mm}, fieldType: 2, fieldReturnType: Ljava/lang/String;, value: com.tencent.mm}:CAND] com.tencent.mm.autogen.events.AppBrandSetServiceUnreadCountEvent
18:34:59.437 [PU8071:Java.Field{holder: ApplicationInfo{24c6b9c com.tencent.mm}, fieldType: 2, fieldReturnType: Ljava/lang/String;, value: com.tencent.mm}:CAND] com.tencent.mm.repairer.config.ting.RepairerConfigTingRedDotSyncEnable
18:34:59.444 [PU8071:Java.Field{holder: ApplicationInfo{24c6b9c com.tencent.mm}, fieldType: 2, fieldReturnType: Ljava/lang/String;, value: com.tencent.mm}:CAND] com.tencent.mm.repairer.config.ting.RepairerConfigTingDiscoverRedDotSyncDisable
18:34:59.444 [PU8071:Java.Field{holder: ApplicationInfo{24c6b9c com.tencent.mm}, fieldType: 2, fieldReturnType: Ljava/lang/String;, value: com.tencent.mm}:CAND] com.tencent.mm.autogen.mmdata.rpt.FinderRedDotNewStruct
18:34:59.444 [PU8071:Java.Field{holder: ApplicationInfo{24c6b9c com.tencent.mm}, fieldType: 2, fieldReturnType: Ljava/lang/String;, value: com.tencent.mm}:CAND] com.tencent.mm.plugin.finder.extension.reddot.render.RenderView$AlignAbsoluteSizeSpan
18:34:59.444 [PU8071:Java.Field{holder: ApplicationInfo{24c6b9c com.tencent.mm}, fieldType: 2, fieldReturnType: Ljava/lang/String;, value: com.tencent.mm}:CAND] com.tencent.mm.plugin.appbrand.ui.AppBrandLauncherUI
18:34:59.444 [PU8071:Java.Field{holder: ApplicationInfo{24c6b9c com.tencent.mm}, fieldType: 2, fieldReturnType: Ljava/lang/String;, value: com.tencent.mm}:CAND] com.tencent.mm.autogen.events.ResetBadgeCountEvent
18:34:59.444 [PU8071:Java.Field{holder: ApplicationInfo{24c6b9c com.tencent.mm}, fieldType: 2, fieldReturnType: Ljava/lang/String;, value: com.tencent.mm}:CAND] com.tencent.mm.autogen.events.BypCommonBizWebSearchRedDotEvent
18:34:59.445 [PU8071:Java.Field{holder: ApplicationInfo{24c6b9c com.tencent.mm}, fieldType: 2, fieldReturnType: Ljava/lang/String;, value: com.tencent.mm}:CAND] com.tencent.mm.repairer.config.chatting.RepairerConfigLauncherUIX2CPreload
18:34:59.445 [PU8071:Java.Field{holder: ApplicationInfo{24c6b9c com.tencent.mm}, fieldType: 2, fieldReturnType: Ljava/lang/String;, value: com.tencent.mm}:CAND] com.tencent.mm.plugin.finder.extension.reddot.render.RenderView
18:34:59.445 [PU8071:Java.Field{holder: ApplicationInfo{24c6b9c com.tencent.mm}, fieldType: 2, fieldReturnType: Ljava/lang/String;, value: com.tencent.mm}:CAND] com.tencent.mm.ui.MainTabUI
18:34:59.445 [PU8071:Java.Field{holder: ApplicationInfo{24c6b9c com.tencent.mm}, fieldType: 2, fieldReturnType: Ljava/lang/String;, value: com.tencent.mm}:CAND] com.tencent.mm.ui.LauncherUI$1
18:34:59.445 [PU8071:Java.Field{holder: ApplicationInfo{24c6b9c com.tencent.mm}, fieldType: 2, fieldReturnType: Ljava/lang/String;, value: com.tencent.mm}:CAND] com.tencent.mm.autogen.events.FinderRedDotLifeNotifyEvent
18:34:59.445 [PU8071:Java.Field{holder: ApplicationInfo{24c6b9c com.tencent.mm}, fieldType: 2, fieldReturnType: Ljava/lang/String;, value: com.tencent.mm}:CAND] com.tencent.mm.plugin.finder.extension.reddot.render.RenderView$FontWeightAbsoluteSizeSpan
18:34:59.445 [PU8071:Java.Field{holder: ApplicationInfo{24c6b9c com.tencent.mm}, fieldType: 2, fieldReturnType: Ljava/lang/String;, value: com.tencent.mm}:CAND] com.tencent.mm.plugin.sns.ui.improve.component.unread.SnsUnreadSaveList
18:34:59.454 [PU8071:Java.Field{holder: ApplicationInfo{24c6b9c com.tencent.mm}, fieldType: 2, fieldReturnType: Ljava/lang/String;, value: com.tencent.mm}:HOOK] SnsUnreadSaveList ×2
18:34:59.455 [PU8071:Java.Field{holder: ApplicationInfo{24c6b9c com.tencent.mm}, fieldType: 2, fieldReturnType: Ljava/lang/String;, value: com.tencent.mm}:CAND] com.tencent.mm.plugin.mmec.service.PluginMMEcFeatureService$notifyRedDotListener$1
18:34:59.455 [PU8071:Java.Field{holder: ApplicationInfo{24c6b9c com.tencent.mm}, fieldType: 2, fieldReturnType: Ljava/lang/String;, value: com.tencent.mm}:CAND] com.tencent.mm.plugin.finder.extension.reddot.render.a
18:34:59.455 [PU8071:Java.Field{holder: ApplicationInfo{24c6b9c com.tencent.mm}, fieldType: 2, fieldReturnType: Ljava/lang/String;, value: com.tencent.mm}:CAND] com.tencent.mm.plugin.finder.extension.reddot.a0
18:34:59.455 [PU8071:Java.Field{holder: ApplicationInfo{24c6b9c com.tencent.mm}, fieldType: 2, fieldReturnType: Ljava/lang/String;, value: com.tencent.mm}:CAND] com.tencent.mm.plugin.finder.extension.reddot.a1
18:34:59.455 [PU8071:Java.Field{holder: ApplicationInfo{24c6b9c com.tencent.mm}, fieldType: 2, fieldReturnType: Ljava/lang/String;, value: com.tencent.mm}:CAND] com.tencent.mm.plugin.finder.extension.reddot.a2
18:34:59.455 [PU8071:Java.Field{holder: ApplicationInfo{24c6b9c com.tencent.mm}, fieldType: 2, fieldReturnType: Ljava/lang/String;, value: com.tencent.mm}:CAND] com.tencent.mm.plugin.finder.extension.reddot.a4
18:34:59.455 [PU8071:Java.Field{holder: ApplicationInfo{24c6b9c com.tencent.mm}, fieldType: 2, fieldReturnType: Ljava/lang/String;, value: com.tencent.mm}:CAND] com.tencent.mm.plugin.finder.extension.reddot.a7
18:34:59.455 [PU8071:Java.Field{holder: ApplicationInfo{24c6b9c com.tencent.mm}, fieldType: 2, fieldReturnType: Ljava/lang/String;, value: com.tencent.mm}:CAND] com.tencent.mm.plugin.sns.ui.improve.component.unread.SnsUnreadSaveItem
18:34:59.464 [PU8071:Java.Field{holder: ApplicationInfo{24c6b9c com.tencent.mm}, fieldType: 2, fieldReturnType: Ljava/lang/String;, value: com.tencent.mm}:HOOK] SnsUnreadSaveItem ×2
18:34:59.464 [PU8071:Java.Field{holder: ApplicationInfo{24c6b9c com.tencent.mm}, fieldType: 2, fieldReturnType: Ljava/lang/String;, value: com.tencent.mm}:CAND] com.tencent.mm.plugin.finder.extension.reddot.b1
18:34:59.464 [PU8071:Java.Field{holder: ApplicationInfo{24c6b9c com.tencent.mm}, fieldType: 2, fieldReturnType: Ljava/lang/String;, value: com.tencent.mm}:CAND] com.tencent.mm.plugin.finder.extension.reddot.b3
18:34:59.465 [PU8071:Java.Field{holder: ApplicationInfo{24c6b9c com.tencent.mm}, fieldType: 2, fieldReturnType: Ljava/lang/String;, value: com.tencent.mm}:CAND] com.tencent.mm.plugin.finder.extension.reddot.b4
18:34:59.465 [PU8071:Java.Field{holder: ApplicationInfo{24c6b9c com.tencent.mm}, fieldType: 2, fieldReturnType: Ljava/lang/String;, value: com.tencent.mm}:CAND] com.tencent.mm.plugin.finder.extension.reddot.b7
18:34:59.465 [PU8071:Java.Field{holder: ApplicationInfo{24c6b9c com.tencent.mm}, fieldType: 2, fieldReturnType: Ljava/lang/String;, value: com.tencent.mm}:CAND] com.tencent.mm.plugin.finder.extension.reddot.aa
18:34:59.465 [PU8071:Java.Field{holder: ApplicationInfo{24c6b9c com.tencent.mm}, fieldType: 2, fieldReturnType: Ljava/lang/String;, value: com.tencent.mm}:CAND] com.tencent.mm.plugin.finder.extension.reddot.ab
18:34:59.465 [PU8071:Java.Field{holder: ApplicationInfo{24c6b9c com.tencent.mm}, fieldType: 2, fieldReturnType: Ljava/lang/String;, value: com.tencent.mm}:CAND] com.tencent.mm.plugin.finder.extension.reddot.c0
18:34:59.467 [PU8071:Java.Field{holder: ApplicationInfo{24c6b9c com.tencent.mm}, fieldType: 2, fieldReturnType: Ljava/lang/String;, value: com.tencent.mm}:CAND] com.tencent.mm.plugin.finder.extension.reddot.c1
18:34:59.468 [PU8071:Java.Field{holder: ApplicationInfo{24c6b9c com.tencent.mm}, fieldType: 2, fieldReturnType: Ljava/lang/String;, value: com.tencent.mm}:CAND] com.tencent.mm.plugin.finder.extension.reddot.c3
18:34:59.468 [PU8071:Java.Field{holder: ApplicationInfo{24c6b9c com.tencent.mm}, fieldType: 2, fieldReturnType: Ljava/lang/String;, value: com.tencent.mm}:CAND] com.tencent.mm.plugin.finder.extension.reddot.c4
18:34:59.468 [PU8071:Java.Field{holder: ApplicationInfo{24c6b9c com.tencent.mm}, fieldType: 2, fieldReturnType: Ljava/lang/String;, value: com.tencent.mm}:CAND] com.tencent.mm.plugin.finder.extension.reddot.c5
18:34:59.468 [PU8071:Java.Field{holder: ApplicationInfo{24c6b9c com.tencent.mm}, fieldType: 2, fieldReturnType: Ljava/lang/String;, value: com.tencent.mm}:CAND] com.tencent.mm.plugin.finder.extension.reddot.c7
18:34:59.468 [PU8071:Java.Field{holder: ApplicationInfo{24c6b9c com.tencent.mm}, fieldType: 2, fieldReturnType: Ljava/lang/String;, value: com.tencent.mm}:CAND] com.tencent.mm.plugin.finder.extension.reddot.c8
18:34:59.468 [PU8071:Java.Field{holder: ApplicationInfo{24c6b9c com.tencent.mm}, fieldType: 2, fieldReturnType: Ljava/lang/String;, value: com.tencent.mm}:CAND] com.tencent.mm.plugin.finder.extension.reddot.ba
18:34:59.468 [PU8071:Java.Field{holder: ApplicationInfo{24c6b9c com.tencent.mm}, fieldType: 2, fieldReturnType: Ljava/lang/String;, value: com.tencent.mm}:CAND] com.tencent.mm.plugin.finder.extension.reddot.bb
18:34:59.468 [PU8071:Java.Field{holder: ApplicationInfo{24c6b9c com.tencent.mm}, fieldType: 2, fieldReturnType: Ljava/lang/String;, value: com.tencent.mm}:CAND] com.tencent.mm.ui.launcher.LauncherUIRegistry$LauncherUIMoveTaskToBackEvent
18:34:59.468 [PU8071:Java.Field{holder: ApplicationInfo{24c6b9c com.tencent.mm}, fieldType: 2, fieldReturnType: Ljava/lang/String;, value: com.tencent.mm}:CAND] com.tencent.mm.autogen.events.RedDotExposureEventEvent
18:34:59.469 [PU8071:Java.Field{holder: ApplicationInfo{24c6b9c com.tencent.mm}, fieldType: 2, fieldReturnType: Ljava/lang/String;, value: com.tencent.mm}:CAND] com.tencent.mm.plugin.finder.extension.reddot.d1
18:34:59.469 [PU8071:Java.Field{holder: ApplicationInfo{24c6b9c com.tencent.mm}, fieldType: 2, fieldReturnType: Ljava/lang/String;, value: com.tencent.mm}:CAND] com.tencent.mm.plugin.finder.extension.reddot.d3
18:34:59.473 [PU8071:Java.Field{holder: ApplicationInfo{24c6b9c com.tencent.mm}, fieldType: 2, fieldReturnType: Ljava/lang/String;, value: com.tencent.mm}:CAND] com.tencent.mm.plugin.finder.extension.reddot.d4
18:34:59.473 [PU8071:Java.Field{holder: ApplicationInfo{24c6b9c com.tencent.mm}, fieldType: 2, fieldReturnType: Ljava/lang/String;, value: com.tencent.mm}:CAND] com.tencent.mm.plugin.finder.extension.reddot.d5
18:34:59.473 [PU8071:Java.Field{holder: ApplicationInfo{24c6b9c com.tencent.mm}, fieldType: 2, fieldReturnType: Ljava/lang/String;, value: com.tencent.mm}:CAND] com.tencent.mm.plugin.finder.extension.reddot.d7
18:34:59.473 [PU8071:Java.Field{holder: ApplicationInfo{24c6b9c com.tencent.mm}, fieldType: 2, fieldReturnType: Ljava/lang/String;, value: com.tencent.mm}:CAND] com.tencent.mm.plugin.finder.extension.reddot.d8
18:34:59.473 [PU8071:Java.Field{holder: ApplicationInfo{24c6b9c com.tencent.mm}, fieldType: 2, fieldReturnType: Ljava/lang/String;, value: com.tencent.mm}:CAND] com.tencent.mm.plugin.finder.extension.reddot.i7
18:34:59.476 [PU8071:Java.Field{holder: ApplicationInfo{24c6b9c com.tencent.mm}, fieldType: 2, fieldReturnType: Ljava/lang/String;, value: com.tencent.mm}:CAND] com.tencent.mm.plugin.finder.extension.reddot.j4
18:34:59.481 [PU8071:Java.Field{holder: ApplicationInfo{24c6b9c com.tencent.mm}, fieldType: 2, fieldReturnType: Ljava/lang/String;, value: com.tencent.mm}:HOOK] j4 ×1
18:34:59.481 [PU8071:Java.Field{holder: ApplicationInfo{24c6b9c com.tencent.mm}, fieldType: 2, fieldReturnType: Ljava/lang/String;, value: com.tencent.mm}:CAND] com.tencent.mm.plugin.finder.extension.reddot.ib
18:34:59.484 [PU8071:Java.Field{holder: ApplicationInfo{24c6b9c com.tencent.mm}, fieldType: 2, fieldReturnType: Ljava/lang/String;, value: com.tencent.mm}:CAND] [Lcom.tencent.mm.plugin.finder.extension.reddot.m6;
18:34:59.485 [PU8071:Java.Field{holder: ApplicationInfo{24c6b9c com.tencent.mm}, fieldType: 2, fieldReturnType: Ljava/lang/String;, value: com.tencent.mm}:CAND] com.tencent.mm.autogen.mmdata.rpt.RedDotFakeClickClearStruct
18:34:59.490 [PU8071:Java.Field{holder: ApplicationInfo{24c6b9c com.tencent.mm}, fieldType: 2, fieldReturnType: Ljava/lang/String;, value: com.tencent.mm}:HOOK] RedDotFakeClickClearStruct ×1
18:34:59.490 [PU8071:Java.Field{holder: ApplicationInfo{24c6b9c com.tencent.mm}, fieldType: 2, fieldReturnType: Ljava/lang/String;, value: com.tencent.mm}:CAND] [Lcom.tencent.mm.plugin.finder.extension.reddot.n2;
18:34:59.491 [PU8071:Java.Field{holder: ApplicationInfo{24c6b9c com.tencent.mm}, fieldType: 2, fieldReturnType: Ljava/lang/String;, value: com.tencent.mm}:CAND] com.tencent.mm.plugin.finder.extension.reddot.l3
18:34:59.492 [PU8071:Java.Field{holder: ApplicationInfo{24c6b9c com.tencent.mm}, fieldType: 2, fieldReturnType: Ljava/lang/String;, value: com.tencent.mm}:CAND] com.tencent.mm.autogen.events.TabRedDotChangeEvent
18:34:59.492 [PU8071:Java.Field{holder: ApplicationInfo{24c6b9c com.tencent.mm}, fieldType: 2, fieldReturnType: Ljava/lang/String;, value: com.tencent.mm}:CAND] [Lcom.tencent.mm.plugin.finder.extension.reddot.pa;
18:34:59.493 [PU8071:Java.Field{holder: ApplicationInfo{24c6b9c com.tencent.mm}, fieldType: 2, fieldReturnType: Ljava/lang/String;, value: com.tencent.mm}:CAND] com.tencent.mm.plugin.finder.extension.reddot.nb
18:34:59.496 [PU8071:Java.Field{holder: ApplicationInfo{24c6b9c com.tencent.mm}, fieldType: 2, fieldReturnType: Ljava/lang/String;, value: com.tencent.mm}:CAND] com.tencent.mm.autogen.mmdata.rpt.FinderRedDotInfoStruct
18:34:59.500 [PU8071:Java.Field{holder: ApplicationInfo{24c6b9c com.tencent.mm}, fieldType: 2, fieldReturnType: Ljava/lang/String;, value: com.tencent.mm}:HOOK] FinderRedDotInfoStruct ×1
18:34:59.500 [PU8071:Java.Field{holder: ApplicationInfo{24c6b9c com.tencent.mm}, fieldType: 2, fieldReturnType: Ljava/lang/String;, value: com.tencent.mm}:CAND] [Lcom.tencent.mm.plugin.finder.extension.reddot.a7;
18:34:59.501 [PU8071:Java.Field{holder: ApplicationInfo{24c6b9c com.tencent.mm}, fieldType: 2, fieldReturnType: Ljava/lang/String;, value: com.tencent.mm}:CAND] com.tencent.mm.plugin.finder.extension.reddot.p3
18:34:59.504 [PU8071:Java.Field{holder: ApplicationInfo{24c6b9c com.tencent.mm}, fieldType: 2, fieldReturnType: Ljava/lang/String;, value: com.tencent.mm}:CAND] com.tencent.mm.plugin.finder.extension.reddot.ob
18:34:59.506 [PU8071:Java.Field{holder: ApplicationInfo{24c6b9c com.tencent.mm}, fieldType: 2, fieldReturnType: Ljava/lang/String;, value: com.tencent.mm}:CAND] [Lcom.tencent.mm.plugin.finder.extension.reddot.b3;
18:34:59.507 [PU8071:Java.Field{holder: ApplicationInfo{24c6b9c com.tencent.mm}, fieldType: 2, fieldReturnType: Ljava/lang/String;, value: com.tencent.mm}:CAND] com.tencent.mm.autogen.mmdata.rpt.FindFriendsEntryRedDotStruct
18:34:59.512 [PU8071:Java.Field{holder: ApplicationInfo{24c6b9c com.tencent.mm}, fieldType: 2, fieldReturnType: Ljava/lang/String;, value: com.tencent.mm}:HOOK] FindFriendsEntryRedDotStruct ×1
18:34:59.512 [PU8071:Java.Field{holder: ApplicationInfo{24c6b9c com.tencent.mm}, fieldType: 2, fieldReturnType: Ljava/lang/String;, value: com.tencent.mm}:CAND] com.tencent.mm.plugin.finder.extension.reddot.qb
18:34:59.527 [PU8071:Java.Field{holder: ApplicationInfo{24c6b9c com.tencent.mm}, fieldType: 2, fieldReturnType: Ljava/lang/String;, value: com.tencent.mm}:HOOK] qb ×1
18:34:59.527 [PU8071:Java.Field{holder: ApplicationInfo{24c6b9c com.tencent.mm}, fieldType: 2, fieldReturnType: Ljava/lang/String;, value: com.tencent.mm}:CAND] [Lcom.tencent.mm.plugin.finder.extension.reddot.k;
18:34:59.529 [PU8071:Java.Field{holder: ApplicationInfo{24c6b9c com.tencent.mm}, fieldType: 2, fieldReturnType: Ljava/lang/String;, value: com.tencent.mm}:CAND] [Lcom.tencent.mm.plugin.finder.extension.reddot.u5;
18:34:59.530 [PU8071:Java.Field{holder: ApplicationInfo{24c6b9c com.tencent.mm}, fieldType: 2, fieldReturnType: Ljava/lang/String;, value: com.tencent.mm}:CAND] [Lcom.tencent.mm.plugin.finder.extension.reddot.d3;
18:34:59.531 [PU8071:Java.Field{holder: ApplicationInfo{24c6b9c com.tencent.mm}, fieldType: 2, fieldReturnType: Ljava/lang/String;, value: com.tencent.mm}:CAND] com.tencent.mm.autogen.mmdata.rpt.FindFriendsEntryRedDotPunishStruct
18:34:59.536 [PU8071:Java.Field{holder: ApplicationInfo{24c6b9c com.tencent.mm}, fieldType: 2, fieldReturnType: Ljava/lang/String;, value: com.tencent.mm}:HOOK] FindFriendsEntryRedDotPunishStruct ×1
18:34:59.536 [PU8071:Java.Field{holder: ApplicationInfo{24c6b9c com.tencent.mm}, fieldType: 2, fieldReturnType: Ljava/lang/String;, value: com.tencent.mm}:CAND] com.tencent.mm.autogen.events.FinderSyncRedDotEvent
18:34:59.537 [PU8071:Java.Field{holder: ApplicationInfo{24c6b9c com.tencent.mm}, fieldType: 2, fieldReturnType: Ljava/lang/String;, value: com.tencent.mm}:CAND] [Lcom.tencent.mm.plugin.finder.extension.reddot.v5;
18:34:59.538 [PU8071:Java.Field{holder: ApplicationInfo{24c6b9c com.tencent.mm}, fieldType: 2, fieldReturnType: Ljava/lang/String;, value: com.tencent.mm}:CAND] [Lcom.tencent.mm.plugin.finder.extension.reddot.x5;
18:34:59.539 [PU8071:Java.Field{holder: ApplicationInfo{24c6b9c com.tencent.mm}, fieldType: 2, fieldReturnType: Ljava/lang/String;, value: com.tencent.mm}:CAND] com.tencent.mm.plugin.finder.extension.reddot.v5
18:34:59.542 [PU8071:Java.Field{holder: ApplicationInfo{24c6b9c com.tencent.mm}, fieldType: 2, fieldReturnType: Ljava/lang/String;, value: com.tencent.mm}:CAND] [Lcom.tencent.mm.plugin.finder.extension.reddot.y1;
18:34:59.543 [PU8071:Java.Field{holder: ApplicationInfo{24c6b9c com.tencent.mm}, fieldType: 2, fieldReturnType: Ljava/lang/String;, value: com.tencent.mm}:CAND] [Lcom.tencent.mm.plugin.finder.extension.reddot.y9;
18:34:59.545 [PU8071:Java.Field{holder: ApplicationInfo{24c6b9c com.tencent.mm}, fieldType: 2, fieldReturnType: Ljava/lang/String;, value: com.tencent.mm}:CAND] com.tencent.mm.plugin.finder.extension.reddot.w5
18:34:59.549 [PU8071:Java.Field{holder: ApplicationInfo{24c6b9c com.tencent.mm}, fieldType: 2, fieldReturnType: Ljava/lang/String;, value: com.tencent.mm}:HOOK] w5 ×1
18:34:59.550 [PU8071:Java.Field{holder: ApplicationInfo{24c6b9c com.tencent.mm}, fieldType: 2, fieldReturnType: Ljava/lang/String;, value: com.tencent.mm}:CAND] [Lcom.tencent.mm.plugin.finder.extension.reddot.i1;
18:34:59.551 [PU8071:Java.Field{holder: ApplicationInfo{24c6b9c com.tencent.mm}, fieldType: 2, fieldReturnType: Ljava/lang/String;, value: com.tencent.mm}:CAND] com.tencent.mm.plugin.finder.extension.reddot.fb
18:34:59.553 [PU8071:Java.Field{holder: ApplicationInfo{24c6b9c com.tencent.mm}, fieldType: 2, fieldReturnType: Ljava/lang/String;, value: com.tencent.mm}:SCAN] 已安装 74 hooks
18:34:59.553 [PU8071:Java.Field{holder: ApplicationInfo{24c6b9c com.tencent.mm}, fieldType: 2, fieldReturnType: Ljava/lang/String;, value: com.tencent.mm}:SCAN] --- 请操作: 普通好友发消息 → 密友发消息 → 切 H/V ---
[MI 9::PID::21528 ]-> 18:35:44.564 [PU8071:Java.Field{holder: ApplicationInfo{24c6b9c com.tencent.mm}, fieldType: 2, fieldReturnType: Ljava/lang/String;, value: com.tencent.mm}:RANK] 主进程@45s: 无命中
18:36:29.594 [PU8071:Java.Field{holder: ApplicationInfo{24c6b9c com.tencent.mm}, fieldType: 2, fieldReturnType: Ljava/lang/String;, value: com.tencent.mm}:RANK] 主进程@90s: 无命中
18:40:23.958 [PU8071:Java.Field{holder: ApplicationInfo{24c6b9c com.tencent.mm}, fieldType: 2, fieldReturnType: Ljava/lang/String;, value: com.tencent.mm}:HIT] LauncherUIBottomTabView.getMainTabUnread()→int out=26
18:40:23.976 [PU8071:Java.Field{holder: ApplicationInfo{24c6b9c com.tencent.mm}, fieldType: 2, fieldReturnType: Ljava/lang/String;, value: com.tencent.mm}:STK] java.lang.Thread.getStackTrace(Thread.java:1736) ← com.tencent.mm.ui.LauncherUIBottomTabView.getMainTabUnread(Native Method) ← com.tencent.mm.ui.MainTabUI.i(Unknown Source:6) ← com.tencent.mm.ui.MainTabUI.i(Native Method)
18:40:23.979 [PU8071:Java.Field{holder: ApplicationInfo{24c6b9c com.tencent.mm}, fieldType: 2, fieldReturnType: Ljava/lang/String;, value: com.tencent.mm}:HIT] LauncherUIBottomTabView.getMainTabUnread()→int out=26
18:40:23.984 [PU8071:Java.Field{holder: ApplicationInfo{24c6b9c com.tencent.mm}, fieldType: 2, fieldReturnType: Ljava/lang/String;, value: com.tencent.mm}:STK] java.lang.Thread.getStackTrace(Thread.java:1736) ← com.tencent.mm.ui.LauncherUIBottomTabView.getMainTabUnread(Native Method) ← com.tencent.mm.ui.MainTabUI.i(Unknown Source:14) ← com.tencent.mm.ui.MainTabUI.i(Native Method)
18:40:23.987 [PU8071:Java.Field{holder: ApplicationInfo{24c6b9c com.tencent.mm}, fieldType: 2, fieldReturnType: Ljava/lang/String;, value: com.tencent.mm}:HIT] MainTabUI.i()→int out=26
18:40:23.992 [PU8071:Java.Field{holder: ApplicationInfo{24c6b9c com.tencent.mm}, fieldType: 2, fieldReturnType: Ljava/lang/String;, value: com.tencent.mm}:STK] java.lang.Thread.getStackTrace(Thread.java:1736) ← com.tencent.mm.ui.MainTabUI.i(Native Method) ← com.tencent.mm.ui.HomeUI.u(Unknown Source:21) ← com.tencent.mm.ui.HomeUI$$e.a(Unknown Source:5)
18:40:23.995 [PU8071:Java.Field{holder: ApplicationInfo{24c6b9c com.tencent.mm}, fieldType: 2, fieldReturnType: Ljava/lang/String;, value: com.tencent.mm}:HIT] LauncherUIBottomTabView.getMainTabUnread()→int [静默，仍计数]
18:40:23.995 [PU8071:Java.Field{holder: ApplicationInfo{24c6b9c com.tencent.mm}, fieldType: 2, fieldReturnType: Ljava/lang/String;, value: com.tencent.mm}:HIT] MainTabUI.i()→int out=26
18:40:24.100 [PU8071:Java.Field{holder: ApplicationInfo{24c6b9c com.tencent.mm}, fieldType: 2, fieldReturnType: Ljava/lang/String;, value: com.tencent.mm}:STK] java.lang.Thread.getStackTrace(Thread.java:1736) ← com.tencent.mm.ui.MainTabUI.i(Native Method) ← com.tencent.mm.ui.HomeUI.u(Unknown Source:61) ← com.tencent.mm.ui.HomeUI$$e.a(Unknown Source:5)
18:43:04.703 [PU8071:Java.Field{holder: ApplicationInfo{24c6b9c com.tencent.mm}, fieldType: 2, fieldReturnType: Ljava/lang/String;, value: com.tencent.mm}:HIT] jb.getType()→int out=7
18:43:04.710 [PU8071:Java.Field{holder: ApplicationInfo{24c6b9c com.tencent.mm}, fieldType: 2, fieldReturnType: Ljava/lang/String;, value: com.tencent.mm}:STK] java.lang.Thread.getStackTrace(Thread.java:1736) ← com.tencent.mm.plugin.finder.extension.reddot.jb.getType(Native Method) ← com.tencent.mm.plugin.finder.extension.reddot.cb.invoke(Unknown Source:18) ← com.tencent.mm.plugin.finder.extension.reddot.jb.C0(Unknown Source:28)
18:43:04.711 [PU8071:Java.Field{holder: ApplicationInfo{24c6b9c com.tencent.mm}, fieldType: 2, fieldReturnType: Ljava/lang/String;, value: com.tencent.mm}:HIT] jb.getType()→int out=7
18:43:04.717 [PU8071:Java.Field{holder: ApplicationInfo{24c6b9c com.tencent.mm}, fieldType: 2, fieldReturnType: Ljava/lang/String;, value: com.tencent.mm}:STK] java.lang.Thread.getStackTrace(Thread.java:1736) ← com.tencent.mm.plugin.finder.extension.reddot.jb.getType(Native Method) ← com.tencent.mm.plugin.finder.extension.reddot.cb.invoke(Unknown Source:39) ← com.tencent.mm.plugin.finder.extension.reddot.jb.C0(Unknown Source:28)
18:43:04.720 [PU8071:Java.Field{holder: ApplicationInfo{24c6b9c com.tencent.mm}, fieldType: 2, fieldReturnType: Ljava/lang/String;, value: com.tencent.mm}:HIT] jb.getType()→int [静默，仍计数]
18:43:04.822 [PU8071:Java.Field{holder: ApplicationInfo{24c6b9c com.tencent.mm}, fieldType: 2, fieldReturnType: Ljava/lang/String;, value: com.tencent.mm}:HIT] LauncherUIBottomTabView.getFriendTabUnread()→int out=0
18:43:04.827 [PU8071:Java.Field{holder: ApplicationInfo{24c6b9c com.tencent.mm}, fieldType: 2, fieldReturnType: Ljava/lang/String;, value: com.tencent.mm}:STK] java.lang.Thread.getStackTrace(Thread.java:1736) ← com.tencent.mm.ui.LauncherUIBottomTabView.getFriendTabUnread(Native Method) ← ps.u0.Bg(Unknown Source:26) ← com.tencent.mm.plugin.finder.extension.reddot.l5.u(Unknown Source:1156)
18:53:55.323 [PU8071:Java.Field{holder: ApplicationInfo{24c6b9c com.tencent.mm}, fieldType: 2, fieldReturnType: Ljava/lang/String;, value: com.tencent.mm}:HIT] MainTabUI.i()→int [静默，仍计数]
19:24:23.434 [PU8071:Java.Field{holder: ApplicationInfo{24c6b9c com.tencent.mm}, fieldType: 2, fieldReturnType: Ljava/lang/String;, value: com.tencent.mm}:HIT] LauncherUI.getCurrentTabIndex()→int out=0
19:24:23.444 [PU8071:Java.Field{holder: ApplicationInfo{24c6b9c com.tencent.mm}, fieldType: 2, fieldReturnType: Ljava/lang/String;, value: com.tencent.mm}:STK] java.lang.Thread.getStackTrace(Thread.java:1736) ← com.tencent.mm.ui.LauncherUI.getCurrentTabIndex(Native Method) ← h32.l.e(Unknown Source:34) ← g32.e.d(Unknown Source:22)
19:24:23.462 [PU8071:Java.Field{holder: ApplicationInfo{24c6b9c com.tencent.mm}, fieldType: 2, fieldReturnType: Ljava/lang/String;, value: com.tencent.mm}:HIT] LauncherUI.getCurrentTabIndex()→int out=0
19:24:23.467 [PU8071:Java.Field{holder: ApplicationInfo{24c6b9c com.tencent.mm}, fieldType: 2, fieldReturnType: Ljava/lang/String;, value: com.tencent.mm}:STK] java.lang.Thread.getStackTrace(Thread.java:1736) ← com.tencent.mm.ui.LauncherUI.getCurrentTabIndex(Native Method) ← com.tencent.mm.plugin.finder.extension.reddot.w1.ch(Unknown Source:46) ← com.tencent.mm.plugin.finder.extension.reddot.q1.onActivityResumed(Unknown Source:46)
19:24:23.519 [PU8071:Java.Field{holder: ApplicationInfo{24c6b9c com.tencent.mm}, fieldType: 2, fieldReturnType: Ljava/lang/String;, value: com.tencent.mm}:HIT] LauncherUI.getCurrentTabIndex()→int [静默，仍计数]
19:24:23.682 [PU8071:Java.Field{holder: ApplicationInfo{24c6b9c com.tencent.mm}, fieldType: 2, fieldReturnType: Ljava/lang/String;, value: com.tencent.mm}:HIT] MainTabUI$TabsAdapter.getCount()→int out=4
19:24:23.688 [PU8071:Java.Field{holder: ApplicationInfo{24c6b9c com.tencent.mm}, fieldType: 2, fieldReturnType: Ljava/lang/String;, value: com.tencent.mm}:STK] java.lang.Thread.getStackTrace(Thread.java:1736) ← com.tencent.mm.ui.MainTabUI$TabsAdapter.getCount(Native Method) ← com.tencent.mm.ui.mogic.WxViewPager.populate(SourceFile:13) ← com.tencent.mm.ui.mogic.WxViewPager.populate(SourceFile:1)
19:24:23.698 [PU8071:Java.Field{holder: ApplicationInfo{24c6b9c com.tencent.mm}, fieldType: 2, fieldReturnType: Ljava/lang/String;, value: com.tencent.mm}:HIT] MainTabUI$TabsAdapter.getCount()→int out=4
19:24:23.702 [PU8071:Java.Field{holder: ApplicationInfo{24c6b9c com.tencent.mm}, fieldType: 2, fieldReturnType: Ljava/lang/String;, value: com.tencent.mm}:STK] java.lang.Thread.getStackTrace(Thread.java:1736) ← com.tencent.mm.ui.MainTabUI$TabsAdapter.getCount(Native Method) ← com.tencent.mm.ui.mogic.WxViewPager.populate(SourceFile:48) ← com.tencent.mm.ui.mogic.WxViewPager.populate(SourceFile:1)
19:24:23.966 [PU8071:Java.Field{holder: ApplicationInfo{24c6b9c com.tencent.mm}, fieldType: 2, fieldReturnType: Ljava/lang/String;, value: com.tencent.mm}:HIT] LauncherUIBottomTabView.getFriendTabUnread()→int out=0
19:24:23.968 [PU8071:Java.Field{holder: ApplicationInfo{24c6b9c com.tencent.mm}, fieldType: 2, fieldReturnType: Ljava/lang/String;, value: com.tencent.mm}:STK] java.lang.Thread.getStackTrace(Thread.java:1736) ← com.tencent.mm.ui.LauncherUIBottomTabView.getFriendTabUnread(Native Method) ← com.tencent.mm.plugin.finder.extension.reddot.c.onChanged(Unknown Source:283) ← androidx.lifecycle.g0.a(Unknown Source:29)
19:24:23.981 [PU8071:Java.Field{holder: ApplicationInfo{24c6b9c com.tencent.mm}, fieldType: 2, fieldReturnType: Ljava/lang/String;, value: com.tencent.mm}:HIT] LauncherUIBottomTabView.f(int)→void in=3
19:24:23.983 [PU8071:Java.Field{holder: ApplicationInfo{24c6b9c com.tencent.mm}, fieldType: 2, fieldReturnType: Ljava/lang/String;, value: com.tencent.mm}:STK] java.lang.Thread.getStackTrace(Thread.java:1736) ← com.tencent.mm.ui.LauncherUIBottomTabView.f(Native Method) ← com.tencent.mm.ui.LauncherUIBottomTabView.b(Unknown Source:54) ← com.tencent.mm.ui.be.b(Unknown Source:1150)
19:24:24.410 [PU8071:Java.Field{holder: ApplicationInfo{24c6b9c com.tencent.mm}, fieldType: 2, fieldReturnType: Ljava/lang/String;, value: com.tencent.mm}:HIT] LauncherUIBottomTabView.f(int)→void in=1
19:24:24.440 [PU8071:Java.Field{holder: ApplicationInfo{24c6b9c com.tencent.mm}, fieldType: 2, fieldReturnType: Ljava/lang/String;, value: com.tencent.mm}:STK] java.lang.Thread.getStackTrace(Thread.java:1736) ← com.tencent.mm.ui.LauncherUIBottomTabView.f(Native Method) ← com.tencent.mm.ui.LauncherUIBottomTabView.j(Unknown Source:209) ← com.tencent.mm.ui.LauncherUIBottomTabView.j(Native Method)
19:24:24.450 [PU8071:Java.Field{holder: ApplicationInfo{24c6b9c com.tencent.mm}, fieldType: 2, fieldReturnType: Ljava/lang/String;, value: com.tencent.mm}:HIT] LauncherUIBottomTabView.j(int)→void in=0
19:24:24.450 [PU8071:Java.Field{holder: ApplicationInfo{24c6b9c com.tencent.mm}, fieldType: 2, fieldReturnType: Ljava/lang/String;, value: com.tencent.mm}:HIT] LauncherUIBottomTabView.getFriendTabUnread()→int [静默，仍计数]
19:24:24.560 [PU8071:Java.Field{holder: ApplicationInfo{24c6b9c com.tencent.mm}, fieldType: 2, fieldReturnType: Ljava/lang/String;, value: com.tencent.mm}:STK] java.lang.Thread.getStackTrace(Thread.java:1736) ← com.tencent.mm.ui.LauncherUIBottomTabView.j(Native Method) ← com.tencent.mm.ui.ie.run(Unknown Source:12) ← java.util.concurrent.Executors$RunnableAdapter.call(Executors.java:462)
19:24:25.640 [PU8071:Java.Field{holder: ApplicationInfo{24c6b9c com.tencent.mm}, fieldType: 2, fieldReturnType: Ljava/lang/String;, value: com.tencent.mm}:HIT] LauncherUIBottomTabView.f(int)→void [静默，仍计数]
19:24:25.970 [PU8071:Java.Field{holder: ApplicationInfo{24c6b9c com.tencent.mm}, fieldType: 2, fieldReturnType: Ljava/lang/String;, value: com.tencent.mm}:HIT] LauncherUIBottomTabView.j(int)→void in=0
19:24:25.990 [PU8071:Java.Field{holder: ApplicationInfo{24c6b9c com.tencent.mm}, fieldType: 2, fieldReturnType: Ljava/lang/String;, value: com.tencent.mm}:STK] java.lang.Thread.getStackTrace(Thread.java:1736) ← com.tencent.mm.ui.LauncherUIBottomTabView.j(Native Method) ← com.tencent.mm.ui.ie.run(Unknown Source:12) ← java.util.concurrent.Executors$RunnableAdapter.call(Executors.java:462)
19:24:25.140 [PU8071:Java.Field{holder: ApplicationInfo{24c6b9c com.tencent.mm}, fieldType: 2, fieldReturnType: Ljava/lang/String;, value: com.tencent.mm}:HIT] LauncherUIBottomTabView.setFriendUnreadMargin(int)→void in=-32
19:24:25.143 [PU8071:Java.Field{holder: ApplicationInfo{24c6b9c com.tencent.mm}, fieldType: 2, fieldReturnType: Ljava/lang/String;, value: com.tencent.mm}:STK] java.lang.Thread.getStackTrace(Thread.java:1736) ← com.tencent.mm.ui.LauncherUIBottomTabView.setFriendUnreadMargin(Native Method) ← com.tencent.mm.ui.LauncherUIBottomTabView.h(Unknown Source:61) ← com.tencent.mm.ui.ce.call(Unknown Source:11)
19:24:25.147 [PU8071:Java.Field{holder: ApplicationInfo{24c6b9c com.tencent.mm}, fieldType: 2, fieldReturnType: Ljava/lang/String;, value: com.tencent.mm}:HIT] LauncherUIBottomTabView.setFriendUnreadMargin(int)→void in=-32
19:24:25.149 [PU8071:Java.Field{holder: ApplicationInfo{24c6b9c com.tencent.mm}, fieldType: 2, fieldReturnType: Ljava/lang/String;, value: com.tencent.mm}:STK] java.lang.Thread.getStackTrace(Thread.java:1736) ← com.tencent.mm.ui.LauncherUIBottomTabView.setFriendUnreadMargin(Native Method) ← com.tencent.mm.ui.LauncherUIBottomTabView.k(Unknown Source:47) ← com.tencent.mm.ui.LauncherUIBottomTabView.k(Native Method)
19:24:25.154 [PU8071:Java.Field{holder: ApplicationInfo{24c6b9c com.tencent.mm}, fieldType: 2, fieldReturnType: Ljava/lang/String;, value: com.tencent.mm}:HIT] LauncherUIBottomTabView.k(int)→void in=0
19:24:25.156 [PU8071:Java.Field{holder: ApplicationInfo{24c6b9c com.tencent.mm}, fieldType: 2, fieldReturnType: Ljava/lang/String;, value: com.tencent.mm}:STK] java.lang.Thread.getStackTrace(Thread.java:1736) ← com.tencent.mm.ui.LauncherUIBottomTabView.k(Native Method) ← com.tencent.mm.ui.ce.call(Unknown Source:24) ← oi5.f.run(Unknown Source:44)
19:24:25.158 [PU8071:Java.Field{holder: ApplicationInfo{24c6b9c com.tencent.mm}, fieldType: 2, fieldReturnType: Ljava/lang/String;, value: com.tencent.mm}:HIT] LauncherUIBottomTabView.setFriendUnreadMargin(int)→void [静默，仍计数]
19:24:25.170 [PU8071:Java.Field{holder: ApplicationInfo{24c6b9c com.tencent.mm}, fieldType: 2, fieldReturnType: Ljava/lang/String;, value: com.tencent.mm}:HIT] LauncherUIBottomTabView.k(int)→void in=0
19:24:25.178 [PU8071:Java.Field{holder: ApplicationInfo{24c6b9c com.tencent.mm}, fieldType: 2, fieldReturnType: Ljava/lang/String;, value: com.tencent.mm}:STK] java.lang.Thread.getStackTrace(Thread.java:1736) ← com.tencent.mm.ui.LauncherUIBottomTabView.k(Native Method) ← com.tencent.mm.ui.ce.call(Unknown Source:24) ← oi5.f.run(Unknown Source:44)
19:24:25.264 [PU8071:Java.Field{holder: ApplicationInfo{24c6b9c com.tencent.mm}, fieldType: 2, fieldReturnType: Ljava/lang/String;, value: com.tencent.mm}:HIT] LauncherUIBottomTabView.k(int)→void [静默，仍计数]
19:24:26.621 [PU8071:Java.Field{holder: ApplicationInfo{24c6b9c com.tencent.mm}, fieldType: 2, fieldReturnType: Ljava/lang/String;, value: com.tencent.mm}:HIT] qb.o()→int out=1
19:24:26.634 [PU8071:Java.Field{holder: ApplicationInfo{24c6b9c com.tencent.mm}, fieldType: 2, fieldReturnType: Ljava/lang/String;, value: com.tencent.mm}:STK] java.lang.Thread.getStackTrace(Thread.java:1736) ← com.tencent.mm.plugin.finder.extension.reddot.qb.o(Native Method) ← ia2.j.a(Unknown Source:460) ← ia2.g.a(Unknown Source:29)
19:24:26.641 [PU8071:Java.Field{holder: ApplicationInfo{24c6b9c com.tencent.mm}, fieldType: 2, fieldReturnType: Ljava/lang/String;, value: com.tencent.mm}:HIT] qb.o()→int out=1
19:24:26.644 [PU8071:Java.Field{holder: ApplicationInfo{24c6b9c com.tencent.mm}, fieldType: 2, fieldReturnType: Ljava/lang/String;, value: com.tencent.mm}:STK] java.lang.Thread.getStackTrace(Thread.java:1736) ← com.tencent.mm.plugin.finder.extension.reddot.qb.o(Native Method) ← com.tencent.mm.plugin.finder.extension.reddot.qb.b(Unknown Source:22) ← ia2.j.a(Unknown Source:1568)
19:24:26.650 [PU8071:Java.Field{holder: ApplicationInfo{24c6b9c com.tencent.mm}, fieldType: 2, fieldReturnType: Ljava/lang/String;, value: com.tencent.mm}:HIT] jb.Q0()→int out=1001
19:24:26.657 [PU8071:Java.Field{holder: ApplicationInfo{24c6b9c com.tencent.mm}, fieldType: 2, fieldReturnType: Ljava/lang/String;, value: com.tencent.mm}:STK] java.lang.Thread.getStackTrace(Thread.java:1736) ← com.tencent.mm.plugin.finder.extension.reddot.jb.Q0(Native Method) ← com.tencent.mm.plugin.finder.extension.reddot.d8.B0(Unknown Source:16) ← ia2.j.a(Unknown Source:2637)
19:24:26.748 [PU8071:Java.Field{holder: ApplicationInfo{24c6b9c com.tencent.mm}, fieldType: 2, fieldReturnType: Ljava/lang/String;, value: com.tencent.mm}:HIT] FinderSyncRedDotStruct.g()→int out=21611
19:24:26.750 [PU8071:Java.Field{holder: ApplicationInfo{24c6b9c com.tencent.mm}, fieldType: 2, fieldReturnType: Ljava/lang/String;, value: com.tencent.mm}:STK] java.lang.Thread.getStackTrace(Thread.java:1736) ← com.tencent.mm.autogen.mmdata.rpt.FinderSyncRedDotStruct.g(Native Method) ← yu3.a.k(Unknown Source:0) ← ha2.q0.a(Unknown Source:29)
19:24:26.751 [PU8071:Java.Field{holder: ApplicationInfo{24c6b9c com.tencent.mm}, fieldType: 2, fieldReturnType: Ljava/lang/String;, value: com.tencent.mm}:HIT] FinderSyncRedDotStruct.g()→int out=21611
19:24:26.752 [PU8071:Java.Field{holder: ApplicationInfo{24c6b9c com.tencent.mm}, fieldType: 2, fieldReturnType: Ljava/lang/String;, value: com.tencent.mm}:STK] java.lang.Thread.getStackTrace(Thread.java:1736) ← com.tencent.mm.autogen.mmdata.rpt.FinderSyncRedDotStruct.g(Native Method) ← yu3.a.k(Unknown Source:4) ← ha2.q0.a(Unknown Source:29)
19:24:26.755 [PU8071:Java.Field{holder: ApplicationInfo{24c6b9c com.tencent.mm}, fieldType: 2, fieldReturnType: Ljava/lang/String;, value: com.tencent.mm}:HIT] FinderSyncRedDotStruct.g()→int [静默，仍计数]
19:24:26.833 [PU8071:Java.Field{holder: ApplicationInfo{24c6b9c com.tencent.mm}, fieldType: 2, fieldReturnType: Ljava/lang/String;, value: com.tencent.mm}:HIT] RenderView.h(int)→void in=0
19:24:26.844 [PU8071:Java.Field{holder: ApplicationInfo{24c6b9c com.tencent.mm}, fieldType: 2, fieldReturnType: Ljava/lang/String;, value: com.tencent.mm}:STK] java.lang.Thread.getStackTrace(Thread.java:1736) ← com.tencent.mm.plugin.finder.extension.reddot.render.RenderView.h(Native Method) ← com.tencent.mm.plugin.finder.extension.reddot.render.RenderView.e(Unknown Source:74) ← na2.n.d(Unknown Source:377)
19:24:26.862 [PU8071:Java.Field{holder: ApplicationInfo{24c6b9c com.tencent.mm}, fieldType: 2, fieldReturnType: Ljava/lang/String;, value: com.tencent.mm}:HIT] RenderView.getDEFAULT_TEXT_NODE_MARGIN_END()→int out=21
19:24:27.230 [PU8071:Java.Field{holder: ApplicationInfo{24c6b9c com.tencent.mm}, fieldType: 2, fieldReturnType: Ljava/lang/String;, value: com.tencent.mm}:STK] java.lang.Thread.getStackTrace(Thread.java:1736) ← com.tencent.mm.plugin.finder.extension.reddot.render.RenderView.getDEFAULT_TEXT_NODE_MARGIN_END(Native Method) ← com.tencent.mm.plugin.finder.extension.reddot.render.RenderView.a(Unknown Source:62) ← na2.r0.invokeSuspend(Unknown Source:725)
19:24:27.410 [PU8071:Java.Field{holder: ApplicationInfo{24c6b9c com.tencent.mm}, fieldType: 2, fieldReturnType: Ljava/lang/String;, value: com.tencent.mm}:HIT] MainTabUI$TabsAdapter.getCount()→int [静默，仍计数]
19:24:27.181 [PU8071:Java.Field{holder: ApplicationInfo{24c6b9c com.tencent.mm}, fieldType: 2, fieldReturnType: Ljava/lang/String;, value: com.tencent.mm}:HIT] RenderView.getShowLines()→int out=0
19:24:27.249 [PU8071:Java.Field{holder: ApplicationInfo{24c6b9c com.tencent.mm}, fieldType: 2, fieldReturnType: Ljava/lang/String;, value: com.tencent.mm}:STK] java.lang.Thread.getStackTrace(Thread.java:1736) ← com.tencent.mm.plugin.finder.extension.reddot.render.RenderView.getShowLines(Native Method) ← com.tencent.mm.plugin.finder.extension.reddot.render.a.q(Unknown Source:2560) ← na2.r0.invokeSuspend(Unknown Source:2733)
19:24:27.277 [PU8071:Java.Field{holder: ApplicationInfo{24c6b9c com.tencent.mm}, fieldType: 2, fieldReturnType: Ljava/lang/String;, value: com.tencent.mm}:HIT] RenderView.h(int)→void in=1
19:24:27.299 [PU8071:Java.Field{holder: ApplicationInfo{24c6b9c com.tencent.mm}, fieldType: 2, fieldReturnType: Ljava/lang/String;, value: com.tencent.mm}:STK] java.lang.Thread.getStackTrace(Thread.java:1736) ← com.tencent.mm.plugin.finder.extension.reddot.render.RenderView.h(Native Method) ← com.tencent.mm.plugin.finder.extension.reddot.render.a.q(Unknown Source:2578) ← na2.r0.invokeSuspend(Unknown Source:2733)
19:24:27.455 [PU8071:Java.Field{holder: ApplicationInfo{24c6b9c com.tencent.mm}, fieldType: 2, fieldReturnType: Ljava/lang/String;, value: com.tencent.mm}:HIT] LauncherUIBottomTabView.l(int)→void in=26
19:24:27.462 [PU8071:Java.Field{holder: ApplicationInfo{24c6b9c com.tencent.mm}, fieldType: 2, fieldReturnType: Ljava/lang/String;, value: com.tencent.mm}:STK] java.lang.Thread.getStackTrace(Thread.java:1736) ← com.tencent.mm.ui.LauncherUIBottomTabView.l(Native Method) ← com.tencent.mm.ui.ge.run(Unknown Source:12) ← java.util.concurrent.Executors$RunnableAdapter.call(Executors.java:462)
19:24:27.808 [PU8071:Java.Field{holder: ApplicationInfo{24c6b9c com.tencent.mm}, fieldType: 2, fieldReturnType: Ljava/lang/String;, value: com.tencent.mm}:HIT] LauncherUIBottomTabView.l(int)→void in=26
19:24:27.823 [PU8071:Java.Field{holder: ApplicationInfo{24c6b9c com.tencent.mm}, fieldType: 2, fieldReturnType: Ljava/lang/String;, value: com.tencent.mm}:STK] java.lang.Thread.getStackTrace(Thread.java:1736) ← com.tencent.mm.ui.LauncherUIBottomTabView.l(Native Method) ← com.tencent.mm.ui.ge.run(Unknown Source:12) ← java.util.concurrent.Executors$RunnableAdapter.call(Executors.java:462)
Process terminated

Thank you for using Frida!
